No,Namespace,Variable,Description,Render Section,Category,Value
1,L,URN,School unique reference number,,Private Ages 10 to 19 Mixed sex ,125427
2,L,LANAME,Local authority name,,Private Ages 10 to 19 Mixed sex ,Surrey
3,L,LA,Local authority number,,Private Ages 10 to 19 Mixed sex ,936
4,L,ESTAB,Establishment number,,Private Ages 10 to 19 Mixed sex ,6538
5,L,LAESTAB,DfE number,,Private Ages 10 to 19 Mixed sex ,9366538
6,L,SCHNAME,School name,A1,Private Ages 10 to 19 Mixed sex ,Caterham School
7,L,STREET,School address (1),A1,Private Ages 10 to 19 Mixed sex ,Harestone Valley Road
8,L,LOCALITY,School address (2),A1,Private Ages 10 to 19 Mixed sex ,
9,L,ADDRESS3,School address (3),,Private Ages 10 to 19 Mixed sex ,
10,L,TOWN,School town,A1,Private Ages 10 to 19 Mixed sex ,Caterham
11,L,POSTCODE,School postcode,A1,Private Ages 10 to 19 Mixed sex ,CR3 6YA
12,L,SCHSTATUS,School open / closed status,A1,Private Ages 10 to 19 Mixed sex ,Open
13,L,OPENDATE,Open date of school (if opened on or after 12 September 2024),A1,Private Ages 10 to 19 Mixed sex ,
14,L,CLOSEDATE,Date the school closed,A1,Private Ages 10 to 19 Mixed sex ,
15,L,MINORGROUP,Type of school / college eg maintained school,A1,Private Ages 10 to 19 Mixed sex ,Independent school
16,L,SCHOOLTYPE,School Type eg Voluntary Aided school,A1,Private Ages 10 to 19 Mixed sex ,Other independent school
17,L,ISPRIMARY,"Does the school provide primary education? ( 0 = No,A1,,Private Ages 10 to 19 Mixed sex ,1
18,L,ISSECONDARY,"Does the school provide secondary education? ( 0 = No,A1,,Private Ages 10 to 19 Mixed sex ,1
19,L,ISPOST16,"Does the school provide post 16 education? (  0 = No,A1,,Private Ages 10 to 19 Mixed sex ,1
20,L,AGELOW,Lowest age of entry,A1,Private Ages 10 to 19 Mixed sex ,10
21,L,AGEHIGH,Highest age of entry,A1,Private Ages 10 to 19 Mixed sex ,19
22,L,GENDER,Indicates whether it's a mixed or single sex school,A1,Private Ages 10 to 19 Mixed sex ,Mixed
23,L,RELCHAR,Religious character,A1,Private Ages 10 to 19 Mixed sex ,Christian
24,L,ADMPOL,Admissions Policy,A1,Private Ages 10 to 19 Mixed sex ,Selective
25,CENSUS_25,URN,School Unique Reference Number,,Private Ages 10 to 19 Mixed sex ,125427
26,CENSUS_25,LA,LA number,,Private Ages 10 to 19 Mixed sex ,936
27,CENSUS_25,ESTAB,ESTAB number,,Private Ages 10 to 19 Mixed sex ,6538
28,CENSUS_25,SCHOOLTYPE,Type of school,,Private Ages 10 to 19 Mixed sex ,Independent school
29,CENSUS_25,NOR,Total number of pupils on roll,A4-Census,Private Ages 10 to 19 Mixed sex ,1012
30,CENSUS_25,NORG,Number of girls on roll,A4-Census,Private Ages 10 to 19 Mixed sex ,477
31,CENSUS_25,NORB,Number of boys on roll,A4-Census,Private Ages 10 to 19 Mixed sex ,535
32,CENSUS_25,PNORG,Percentage of girls on roll,A4-Census,Private Ages 10 to 19 Mixed sex ,47.13%
33,CENSUS_25,PNORB,Percentage of boys on roll,A4-Census,Private Ages 10 to 19 Mixed sex ,52.87%
34,CENSUS_25,TSENELSE,Number of eligible pupils with an EHC plan,A4-Census,Private Ages 10 to 19 Mixed sex ,0
35,CENSUS_25,PSENELSE,Percentage of eligible pupils with an EHC plan,A4-Census,Private Ages 10 to 19 Mixed sex ,0.00%
36,CENSUS_25,TSENELK,Number of eligible pupils with SEN support,A4-Census,Private Ages 10 to 19 Mixed sex ,260
37,CENSUS_25,PSENELK,Percentage of eligible pupils with SEN support,A4-Census,Private Ages 10 to 19 Mixed sex ,25.69%
38,CENSUS_25,NUMEAL,No.  pupils where English not first language,A4-Census,Private Ages 10 to 19 Mixed sex ,
39,CENSUS_25,NUMENGFL,No. pupils with English first language,A4-Census,Private Ages 10 to 19 Mixed sex ,
40,CENSUS_25,NUMUNCFL,No. pupils where first language is unclassified,A4-Census,Private Ages 10 to 19 Mixed sex ,
41,CENSUS_25,PNUMEAL,%  pupils where English not first language,A4-Census,Private Ages 10 to 19 Mixed sex ,
42,CENSUS_25,PNUMENGFL,% pupils with English first language,A4-Census,Private Ages 10 to 19 Mixed sex ,
43,CENSUS_25,PNUMUNCLF,,A4-Census,Private Ages 10 to 19 Mixed sex ,
44,CENSUS_25,NUMFSM,No. pupils eligible for free school meals,A4-Census,Private Ages 10 to 19 Mixed sex ,
45,CENSUS_25,NUMFSMEVER,Number of pupils eligible for FSM at any time during the past 6 years,A4-Census,Private Ages 10 to 19 Mixed sex ,NA
46,CENSUS_25,NORFSMEVER,Total pupils for FSMEver,A4-Census,Private Ages 10 to 19 Mixed sex ,NA
47,CENSUS_25,PNUMFSMEVER,Percentage of pupils eligible for FSM at any time during the past 6 years,A4-Census,Private Ages 10 to 19 Mixed sex ,0.00%
48,CENSUS_25,EDITION,,,Private Ages 10 to 19 Mixed sex ,Final
49,KS4_25,YEAR,,A5-KS4,Private Ages 10 to 19 Mixed sex ,2025
50,KS4_25,RECTYPE,Record type (1=mainstream school; 2=special school; 4=local authority; 5=National (all schools); 7=National (maintained schools)),A5-KS4,Private Ages 10 to 19 Mixed sex ,1
51,KS4_25,LEA,Local authority code (see separate list of local authorities and their codes),A5-KS4,Private Ages 10 to 19 Mixed sex ,936
52,KS4_25,ESTAB,Establishment number,A5-KS4,Private Ages 10 to 19 Mixed sex ,6538
53,KS4_25,URN,School Unique Reference Number,A5-KS4,Private Ages 10 to 19 Mixed sex ,125427
54,KS4_25,SCHNAME,School name,A5-KS4,Private Ages 10 to 19 Mixed sex ,Caterham School
55,KS4_25,SCHNAME_AC,School now known as (used if the school has converted to an academy on or after 12 Sept 2024),A5-KS4,Private Ages 10 to 19 Mixed sex ,
56,KS4_25,ADDRESS1,School address (1),A5-KS4,Private Ages 10 to 19 Mixed sex ,Harestone Valley Road
57,KS4_25,ADDRESS2,School address (2),A5-KS4,Private Ages 10 to 19 Mixed sex ,
58,KS4_25,ADDRESS3,School address (3),A5-KS4,Private Ages 10 to 19 Mixed sex ,
59,KS4_25,TOWN,School town,A5-KS4,Private Ages 10 to 19 Mixed sex ,Caterham
60,KS4_25,PCODE,School postcode,A5-KS4,Private Ages 10 to 19 Mixed sex ,CR3 6YA
61,KS4_25,TELNUM,School telephone number,A5-KS4,Private Ages 10 to 19 Mixed sex ,1883343028
62,KS4_25,PCON_CODE,Parliamentary constituency code,A5-KS4,Private Ages 10 to 19 Mixed sex ,E14001215
63,KS4_25,PCON_NAME,Parliamentary constituency name,A5-KS4,Private Ages 10 to 19 Mixed sex ,East Surrey
64,KS4_25,CONTFLAG,Contingency flag - school results 'significantly affected'. This field is zero for all schools.,A5-KS4,Private Ages 10 to 19 Mixed sex ,0
65,KS4_25,ICLOSE,"Closed school flag (0=open; 1=closed; 2=open,A5-KS4,,Private Ages 10 to 19 Mixed sex ,0
66,KS4_25,NFTYPE,School type (see separate list of abbreviations used in the tables),A5-KS4,Private Ages 10 to 19 Mixed sex ,IND
67,KS4_25,RELDENOM,School religious character,A5-KS4,Private Ages 10 to 19 Mixed sex ,Christian
68,KS4_25,ADMPOL,School admissions policy (self-declared by schools on Get Information About Schools),A5-KS4,Private Ages 10 to 19 Mixed sex ,
69,KS4_25,ADMPOL_PT,School admissions policy - new definition from 2019,A5-KS4,Private Ages 10 to 19 Mixed sex ,NA
70,KS4_25,EGENDER,School gender of entry,A5-KS4,Private Ages 10 to 19 Mixed sex ,MIXED
71,KS4_25,FEEDER,Indicates whether school is a feeder school for sixth form centre/consortia (0=No; 1=Yes),A5-KS4,Private Ages 10 to 19 Mixed sex ,0
72,KS4_25,AGERANGE,Age range,A5-KS4,Private Ages 10 to 19 Mixed sex ,10 to 19
73,KS4_25,TOTPUPS,Number of pupils on roll (all ages),A5-KS4,Private Ages 10 to 19 Mixed sex ,1012
74,KS4_25,NUMBOYS,Total boys on roll (including part-time pupils),A5-KS4,Private Ages 10 to 19 Mixed sex ,535
75,KS4_25,NUMGIRLS,Total girls on roll (including part-time pupils),A5-KS4,Private Ages 10 to 19 Mixed sex ,477
76,KS4_25,TPUP,Number of pupils at the end of key stage 4,A5-KS4-Cohort,Private Ages 10 to 19 Mixed sex ,152
77,KS4_25,BPUP,Number of boys at the end of key stage 4,A5-KS4-Cohort,Private Ages 10 to 19 Mixed sex ,84
78,KS4_25,PBPUP,% of pupils at the end of key stage 4 who are boys,A5-KS4-Cohort,Private Ages 10 to 19 Mixed sex ,55.30%
79,KS4_25,GPUP,Number of girls at the end of key stage 4,A5-KS4-Cohort,Private Ages 10 to 19 Mixed sex ,68
80,KS4_25,PGPUP,% of pupils at the end key stage 4 who are girls,A5-KS4-Cohort,Private Ages 10 to 19 Mixed sex ,44.70%
81,KS4_25,KS2ASS,KS4 cohort average KS2 Scaled Score (average of English reading and maths),A5-KS4,Private Ages 10 to 19 Mixed sex ,NA
82,KS4_25,TPRIORLO,Number of pupils at the end of key stage 4 with low prior attainment at the end of key stage 2,A5-KS4,Private Ages 10 to 19 Mixed sex ,NA
83,KS4_25,PTPRIORLO,% of pupils at the end of key stage 4 with low prior attainment at the end of key stage 2,A5-KS4,Private Ages 10 to 19 Mixed sex ,NA
84,KS4_25,TPRIORAV,Number of pupils at the end of key stage 4 with middle prior attainment at the end of key stage 2,A5-KS4,Private Ages 10 to 19 Mixed sex ,NA
85,KS4_25,PTPRIORAV,% of pupils at the end of key stage 4 with middle prior attainment at the end of key stage 2,A5-KS4,Private Ages 10 to 19 Mixed sex ,NA
86,KS4_25,TPRIORHI,Number of pupils at the end of key stage 4 with high prior attainment at the end of key stage 2,A5-KS4,Private Ages 10 to 19 Mixed sex ,NA
87,KS4_25,PTPRIORHI,% of pupils at the end of key stage 4 with high prior attainment at the end of key stage 2,A5-KS4,Private Ages 10 to 19 Mixed sex ,NA
88,KS4_25,TFSM6CLA1A,Number of disadvantaged pupils at the end of key stage 4,A5-KS4-Cohort,Private Ages 10 to 19 Mixed sex ,NP
89,KS4_25,PTFSM6CLA1A,% of pupils at the end of key stage 4 who are disadvantaged,A5-KS4-Cohort,Private Ages 10 to 19 Mixed sex ,NP
90,KS4_25,TNOTFSM6CLA1A,Number of non-disadvantaged pupils at the end of key stage 4,A5-KS4-Cohort,Private Ages 10 to 19 Mixed sex ,NP
91,KS4_25,PTNOTFSM6CLA1A,% of pupils at the end of key stage 4 who are not disadvantaged,A5-KS4-Cohort,Private Ages 10 to 19 Mixed sex ,NP
92,KS4_25,TEALGRP2,Number of pupils at the end of key stage 4 with English as additional language (EAL),A5-KS4-Cohort,Private Ages 10 to 19 Mixed sex ,NP
93,KS4_25,PTEALGRP2,% of pupils at the end of key stage 4 with English as additional language (EAL),A5-KS4-Cohort,Private Ages 10 to 19 Mixed sex ,NP
94,KS4_25,TEALGRP1,Number of pupils at the end of key stage 4 with English as their first language,A5-KS4-Cohort,Private Ages 10 to 19 Mixed sex ,NP
95,KS4_25,PTEALGRP1,% of pupils at the end of key stage 4 with English as their first language,A5-KS4-Cohort,Private Ages 10 to 19 Mixed sex ,NP
96,KS4_25,TEALGRP3,Number of pupils at the end of key stage 4 whose first language is unclassified,A5-KS4-Cohort,Private Ages 10 to 19 Mixed sex ,NP
97,KS4_25,PTEALGRP3,% of pupils at the end of key stage 4 whose first language is unclassified,A5-KS4-Cohort,Private Ages 10 to 19 Mixed sex ,NP
98,KS4_25,TNMOB,Number of pupils at the end of key stage 4 who are non-mobile,A5-KS4-Cohort,Private Ages 10 to 19 Mixed sex ,NP
99,KS4_25,PTNMOB,% of pupils at the end of key stage 4 who are non-mobile,A5-KS4-Cohort,Private Ages 10 to 19 Mixed sex ,NP
100,KS4_25,SENE4,"Number of pupils at the end of key stage 4 with special educational needs (SEN) with an Education,A5-KS4,,Private Ages 10 to 19 Mixed sex ,NA
101,KS4_25,PSENE4,"% of pupils at the end of key stage 4 with special educational needs (SEN) with an Education,A5-KS4,,Private Ages 10 to 19 Mixed sex ,NA
102,KS4_25,SEN_ALL4,"Number of pupils at the end of key stage 4 with special educational needs (SEN) including those with or without an Education,A5-KS4,,Private Ages 10 to 19 Mixed sex ,NA
103,KS4_25,PSEN_ALL4,"% of pupils at the end of key stage 4 with special educational needs (SEN) including those with or without an Education,A5-KS4,,Private Ages 10 to 19 Mixed sex ,NA
104,KS4_25,SENK4,"Number of pupils at the end of key stage 4 with special educational needs (SEN) without an Education,A5-KS4,,Private Ages 10 to 19 Mixed sex ,NA
105,KS4_25,PSENK4,"% of pupils at the end of key stage 4 with special educational needs (SEN) without an Education,A5-KS4,,Private Ages 10 to 19 Mixed sex ,NA
106,KS4_25,TOTATT8,Total sum of Attainment 8 scores,A5-KS4,Private Ages 10 to 19 Mixed sex ,2670.26
107,KS4_25,ATT8SCR,Average Attainment 8 score per pupil,A5-KS4-Attainment8,Private Ages 10 to 19 Mixed sex ,17.6
108,KS4_25,TOTATT8ENG,Total sum of Attainment 8 scores for English element,A5-KS4,Private Ages 10 to 19 Mixed sex ,0
109,KS4_25,ATT8SCRENG,Average Attainment 8 score per pupil for English element,A5-KS4-Attainment8,Private Ages 10 to 19 Mixed sex ,0
110,KS4_25,TOTATT8MAT,Total sum of Attainment 8 scores for mathematics element,A5-KS4,Private Ages 10 to 19 Mixed sex ,0
111,KS4_25,ATT8SCRMAT,Average Attainment 8 score per pupil for mathematics element,A5-KS4-Attainment8,Private Ages 10 to 19 Mixed sex ,0
112,KS4_25,TOTATT8EBAC,Total sum of Attainment 8 scores for EBacc element,A5-KS4,Private Ages 10 to 19 Mixed sex ,1423
113,KS4_25,ATT8SCREBAC,Average Attainment 8 score per pupil for EBacc element,A5-KS4-Attainment8,Private Ages 10 to 19 Mixed sex ,9.4
114,KS4_25,TOTATT8OPEN,Total sum of Attainment 8 scores for open element,A5-KS4,Private Ages 10 to 19 Mixed sex ,1247.26
115,KS4_25,ATT8SCROPEN,Average Attainment 8 score per pupil for open element,A5-KS4-Attainment8,Private Ages 10 to 19 Mixed sex ,8.2
116,KS4_25,TOTATT8OPENG,Total sum of Attainment 8 scores for open element - GCSE only,A5-KS4,Private Ages 10 to 19 Mixed sex ,1189
117,KS4_25,ATT8SCROPENG,Average Attainment 8 score per pupil for open element - GCSE only,A5-KS4-Attainment8,Private Ages 10 to 19 Mixed sex ,7.8
118,KS4_25,TOTATT8OPENNG,Total sum of Attainment 8 scores for open element - non-GCSE only,A5-KS4,Private Ages 10 to 19 Mixed sex ,58.26
119,KS4_25,ATT8SCROPENNG,Average Attainment 8 score per pupil for open element - non-GCSE only,A5-KS4-Attainment8,Private Ages 10 to 19 Mixed sex ,0.4
120,KS4_25,AVGEBACFILL,Average number of EBacc slots filled in Attainment 8 per pupil,A5-KS4-EBacc,Private Ages 10 to 19 Mixed sex ,1.2
121,KS4_25,AVGOPENFILL,Average number of Open slots filled in Attainment 8 per pupil,A5-KS4-EBacc,Private Ages 10 to 19 Mixed sex ,1
122,KS4_25,P8PUP,Number of pupils included in Progress 8 measure,A5-KS4-Progress8,Private Ages 10 to 19 Mixed sex ,NA
123,KS4_25,TP8ADJ,Number of pupils who have had P8 score adjusted in average,A5-KS4,Private Ages 10 to 19 Mixed sex ,NA
124,KS4_25,P8MEACOV,% of pupils at the end of key stage 4 included in Progress 8 measure,A5-KS4-Progress8,Private Ages 10 to 19 Mixed sex ,NA
125,KS4_25,P8MEA,Progress 8 measure after adjustment for extreme scores,A5-KS4-Progress8,Private Ages 10 to 19 Mixed sex ,NA
126,KS4_25,P8CILOW,Progress 8 lower 95% confidence interval for adjusted average,A5-KS4-Progress8,Private Ages 10 to 19 Mixed sex ,NA
127,KS4_25,P8CIUPP,Progress 8 upper 95% confidence interval for adjusted average,A5-KS4-Progress8,Private Ages 10 to 19 Mixed sex ,NA
128,KS4_25,P8MEA_ORIG,Progress 8 measure based on unadjusted pupil scores,A5-KS4-Progress8,Private Ages 10 to 19 Mixed sex ,NA
129,KS4_25,P8CILOW_ORIG,Progress 8 lower 95% confidence interval for unadjusted average,A5-KS4-Progress8,Private Ages 10 to 19 Mixed sex ,NA
130,KS4_25,P8CIUPP_ORIG,Progress 8 upper 95% confidence interval for unadjusted average,A5-KS4-Progress8,Private Ages 10 to 19 Mixed sex ,NA
131,KS4_25,P8MEAENG,Progress 8 measure for English element,A5-KS4-Progress8,Private Ages 10 to 19 Mixed sex ,NA
132,KS4_25,P8MEAENG_CILOW,Lower 95% confidence interval for Progress 8 English element,A5-KS4-Progress8,Private Ages 10 to 19 Mixed sex ,NA
133,KS4_25,P8MEAENG_CIUPP,Upper 95% confidence interval for Progress 8 English element,A5-KS4-Progress8,Private Ages 10 to 19 Mixed sex ,NA
134,KS4_25,P8MEAMAT,Progress 8 measure for mathematics element,A5-KS4-Progress8,Private Ages 10 to 19 Mixed sex ,NA
135,KS4_25,P8MEAMAT_CILOW,Lower 95% confidence interval for Progress 8 maths element,A5-KS4-Progress8,Private Ages 10 to 19 Mixed sex ,NA
136,KS4_25,P8MEAMAT_CIUPP,Upper 95% confidence interval for Progress 8 maths element,A5-KS4-Progress8,Private Ages 10 to 19 Mixed sex ,NA
137,KS4_25,P8MEAEBAC,Progress 8 measure for EBacc element,A5-KS4-Progress8,Private Ages 10 to 19 Mixed sex ,NA
138,KS4_25,P8MEAEBAC_CILOW,Lower 95% confidence interval for Progress 8 EBacc element,A5-KS4-Progress8,Private Ages 10 to 19 Mixed sex ,NA
139,KS4_25,P8MEAEBAC_CIUPP,Upper 95% confidence interval for Progress 8 EBacc element,A5-KS4-Progress8,Private Ages 10 to 19 Mixed sex ,NA
140,KS4_25,P8MEAOPEN,Progress 8 measure for open element,A5-KS4-Progress8,Private Ages 10 to 19 Mixed sex ,NA
141,KS4_25,P8MEAOPEN_CILOW,Lower 95% confidence interval for Progress 8 open element,A5-KS4-Progress8,Private Ages 10 to 19 Mixed sex ,NA
142,KS4_25,P8MEAOPEN_CIUPP,Upper 95% confidence interval for Progress 8 open element,A5-KS4-Progress8,Private Ages 10 to 19 Mixed sex ,NA
143,KS4_25,PTL2BASICS_94,% of pupils achieving standard 9-4 passes in both English and mathematics GCSEs,A5-KS4-Grades,Private Ages 10 to 19 Mixed sex ,0.00%
144,KS4_25,PTL2BASICS_95,% of pupils achieving strong 9-5 passes in both English and mathematics GCSEs,A5-KS4-Grades,Private Ages 10 to 19 Mixed sex ,0.00%
145,KS4_25,TOTEBACCAPS,Total EBacc APS score per pupil,A5-KS4,Private Ages 10 to 19 Mixed sex ,147.1
146,KS4_25,EBACCAPS,Average EBacc APS score per pupil,A5-KS4-EBacc,Private Ages 10 to 19 Mixed sex ,0.97
147,KS4_25,EBACCAPS_FSM6CLA1A,Average EBacc APS score per disadvantaged pupil,A5-KS4-EBacc,Private Ages 10 to 19 Mixed sex ,NP
148,KS4_25,EBACCAPS_NFSM6CLA1A,Average EBacc APS score per non-disadvantaged pupil,A5-KS4-EBacc,Private Ages 10 to 19 Mixed sex ,NP
149,KS4_25,EBACCAPS_LO,Average EBacc APS score per pupil with low prior attainment,A5-KS4-EBacc,Private Ages 10 to 19 Mixed sex ,NA
150,KS4_25,EBACCAPS_MID,Average EBacc APS score per pupil with middle prior attainment,A5-KS4-EBacc,Private Ages 10 to 19 Mixed sex ,NA
151,KS4_25,EBACCAPS_HI,Average EBacc APS score per pupil with high prior attainment,A5-KS4-EBacc,Private Ages 10 to 19 Mixed sex ,NA
152,KS4_25,EBACCAPS_EAL,Average EBacc APS score per pupil for whom English is an additional language,A5-KS4-EBacc,Private Ages 10 to 19 Mixed sex ,NP
153,KS4_25,EBACCAPS_GIRLS,Average EBacc APS score per girl,A5-KS4-EBacc,Private Ages 10 to 19 Mixed sex ,0.98
154,KS4_25,EBACCAPS_BOYS,Average EBacc APS score per boy,A5-KS4-EBacc,Private Ages 10 to 19 Mixed sex ,0.96
155,KS4_25,EBACCAPS_NMOB,Average EBacc APS score per non-mobile pupil,A5-KS4-EBacc,Private Ages 10 to 19 Mixed sex ,NP
156,KS4_25,TEBACC_E_PTQ_EE,Number of key stage 4 pupils with entries in all English Baccalaureate subject areas,A5-KS4-EBacc,Private Ages 10 to 19 Mixed sex ,0
157,KS4_25,PTEBACC_E_PTQ_EE,% of key stage 4 pupils with entries in all English Baccalaureate subject areas,A5-KS4-EBacc,Private Ages 10 to 19 Mixed sex ,0.00%
158,KS4_25,PTEBACC_94,% of pupils achieving the English Baccalaureate with 9-4 passes,A5-KS4-EBacc,Private Ages 10 to 19 Mixed sex ,0.00%
159,KS4_25,PTEBACC_95,% of pupils achieving the English Baccalaureate with 9-5 passes,A5-KS4-EBacc,Private Ages 10 to 19 Mixed sex ,0.00%
160,KS4_25,TEBACENG_E_PTQ_EE,Number of pupils entering the English Baccalaureate English subject area,A5-KS4,Private Ages 10 to 19 Mixed sex ,0
161,KS4_25,PTEBACENG_E_PTQ_EE,% of pupils entering the English Baccalaureate English subject area,A5-KS4-EBacc,Private Ages 10 to 19 Mixed sex ,0.00%
162,KS4_25,TEBACMAT_E_PTQ_EE,Number of pupils entering the English Baccalaureate Maths subject area,A5-KS4,Private Ages 10 to 19 Mixed sex ,0
163,KS4_25,PTEBACMAT_E_PTQ_EE,% of pupils entering the English Baccalaureate Maths subject area,A5-KS4-EBacc,Private Ages 10 to 19 Mixed sex ,0.00%
164,KS4_25,TEBAC2SCI_E_PTQ_EE,Number of pupils entering the English Baccalaureate Science subject area,A5-KS4,Private Ages 10 to 19 Mixed sex ,0
165,KS4_25,PTEBAC2SCI_E_PTQ_EE,%  of pupils entering the English Baccalaureate Science subject area,A5-KS4-EBacc,Private Ages 10 to 19 Mixed sex ,0.00%
166,KS4_25,TEBACHUM_E_PTQ_EE,Number of pupils entering the English Baccalaureate Humanities subject area,A5-KS4,Private Ages 10 to 19 Mixed sex ,0
167,KS4_25,PTEBACHUM_E_PTQ_EE,%  of pupils entering the English Baccalaureate Humanities subject area,A5-KS4-EBacc,Private Ages 10 to 19 Mixed sex ,0.00%
168,KS4_25,TEBACLAN_E_PTQ_EE,Number of pupils entering the English Baccalaureate Language subject area,A5-KS4,Private Ages 10 to 19 Mixed sex ,114
169,KS4_25,PTEBACLAN_E_PTQ_EE,%  of pupils entering the English Baccalaureate Language subject area,A5-KS4-EBacc,Private Ages 10 to 19 Mixed sex ,75.00%
170,KS4_25,PTEBACENG_94,% of pupils achieving the EBacc English subject area with a standard 9-4 pass,A5-KS4-EBacc,Private Ages 10 to 19 Mixed sex ,0.00%
171,KS4_25,PTEBACENG_95,% of pupils achieving the EBacc English subject area with a strong 9-5 pass,A5-KS4-EBacc,Private Ages 10 to 19 Mixed sex ,0.00%
172,KS4_25,PTEBACMAT_94,% of pupils achieving the EBacc Maths subject area with a standard 9-4 pass,A5-KS4-EBacc,Private Ages 10 to 19 Mixed sex ,0.00%
173,KS4_25,PTEBACMAT_95,% of pupils achieving the EBacc Maths subject area with a strong 9-5 pass,A5-KS4-EBacc,Private Ages 10 to 19 Mixed sex ,0.00%
174,KS4_25,PTEBAC2SCI_94,% of entered pupils achieving the EBacc Science subject area with a 9-4 pass,A5-KS4-EBacc,Private Ages 10 to 19 Mixed sex ,NE
175,KS4_25,PTEBAC2SCI_95,% of entered pupils achieving the EBacc Science subject area with a 9-5 pass,A5-KS4-EBacc,Private Ages 10 to 19 Mixed sex ,NE
176,KS4_25,PTEBACHUM_94,% of entered pupils achieving the EBacc Humanities subject area with a 9-4 pass,A5-KS4-EBacc,Private Ages 10 to 19 Mixed sex ,NE
177,KS4_25,PTEBACHUM_95,% of entered pupils achieving the EBacc Humanities subject area with a 9-5 pass,A5-KS4-EBacc,Private Ages 10 to 19 Mixed sex ,NE
178,KS4_25,PTEBACLAN_94,% of entered pupils achieving the EBacc Language subject area with a 9-4 pass,A5-KS4-EBacc,Private Ages 10 to 19 Mixed sex ,100.00%
179,KS4_25,PTEBACLAN_95,% of entered pupils achieving the EBacc Language subject area with a 9-5 pass,A5-KS4-EBacc,Private Ages 10 to 19 Mixed sex ,99.10%
180,KS4_25,SCIVAPUP_PTQ_EE,Number of pupils included in English Baccalaureate Science Value Added measure,A5-KS4,Private Ages 10 to 19 Mixed sex ,NA
181,KS4_25,SCIVACOV_PTQ_EE,Coverage of the English Baccalaureate Science Value Added indicators of those who entered for science,A5-KS4,Private Ages 10 to 19 Mixed sex ,NA
182,KS4_25,HUMVAPUP_PTQ_EE,Number of pupils included in English Baccalaureate Humanities Value Added measure,A5-KS4,Private Ages 10 to 19 Mixed sex ,NA
183,KS4_25,HUMVACOV_PTQ_EE,Coverage of the English Baccalaureate Humanities Value Added indicators of those who entered for humanities,A5-KS4,Private Ages 10 to 19 Mixed sex ,NA
184,KS4_25,LANVAPUP_PTQ_EE,Number of pupils included in English Baccalaureate Language Value Added measure,A5-KS4,Private Ages 10 to 19 Mixed sex ,NA
185,KS4_25,LANVACOV_PTQ_EE,Coverage of the English Baccalaureate Language Value Added indicators of those who entered for languages,A5-KS4,Private Ages 10 to 19 Mixed sex ,NA
186,KS4_25,SCIVAMEA_PTQ_EE,English Baccalaureate Science Value Added measure,A5-KS4,Private Ages 10 to 19 Mixed sex ,NA
187,KS4_25,SCIVALOW_PTQ_EE,English Baccalaureate Science Value Added lower 95% confidence limit,A5-KS4,Private Ages 10 to 19 Mixed sex ,NA
188,KS4_25,SCIVAUPP_PTQ_EE,English Baccalaureate Science Value Added upper 95% confidence limit,A5-KS4,Private Ages 10 to 19 Mixed sex ,NA
189,KS4_25,HUMVAMEA_PTQ_EE,English Baccalaureate Humanities Value Added measure,A5-KS4,Private Ages 10 to 19 Mixed sex ,NA
190,KS4_25,HUMVALOW_PTQ_EE,English Baccalaureate Humanities Value Added lower 95% confidence limit,A5-KS4,Private Ages 10 to 19 Mixed sex ,NA
191,KS4_25,HUMVAUPP_PTQ_EE,English Baccalaureate Humanities Value Added upper 95% confidence limit,A5-KS4,Private Ages 10 to 19 Mixed sex ,NA
192,KS4_25,LANVAMEA_PTQ_EE,English Baccalaureate Languages Value Added measure,A5-KS4,Private Ages 10 to 19 Mixed sex ,NA
193,KS4_25,LANVALOW_PTQ_EE,English Baccalaureate Languages Value Added lower 95% confidence limit,A5-KS4,Private Ages 10 to 19 Mixed sex ,NA
194,KS4_25,LANVAUPP_PTQ_EE,English Baccalaureate Languages Value Added upper 95% confidence limit,A5-KS4,Private Ages 10 to 19 Mixed sex ,NA
195,KS4_25,TEBACENG_94,Number of pupils achieving EBacc English subject area with a standard 9-4 pass,A5-KS4,Private Ages 10 to 19 Mixed sex ,0
196,KS4_25,TEBACENG_95,Number of pupils achieving EBacc English subject area with a strong 9-5 pass,A5-KS4,Private Ages 10 to 19 Mixed sex ,0
197,KS4_25,TEBACMAT_94,Number of pupils achieving EBacc Maths subject area with a standard 9-4 pass,A5-KS4,Private Ages 10 to 19 Mixed sex ,0
198,KS4_25,TEBACMAT_95,Number of pupils achieving EBacc Maths subject area with a strong 9-5 pass,A5-KS4,Private Ages 10 to 19 Mixed sex ,0
199,KS4_25,TEBAC2SCI_94,Number of pupils achieving EBacc Science subject area with a 9-4 pass,A5-KS4,Private Ages 10 to 19 Mixed sex ,NE
200,KS4_25,TEBAC2SCI_95,Number of pupils achieving EBacc Science subject area with a 9-5 pass,A5-KS4,Private Ages 10 to 19 Mixed sex ,NE
201,KS4_25,TEBACHUM_94,Number of pupils achieving EBacc Humanities subject area with a 9-4 pass,A5-KS4,Private Ages 10 to 19 Mixed sex ,NE
202,KS4_25,TEBACHUM_95,Number of pupils achieving EBacc Humanities subject area with a 9-5 pass,A5-KS4,Private Ages 10 to 19 Mixed sex ,NE
203,KS4_25,TEBACLAN_94,Number of pupils achieving EBacc Language subject area with a 9-4 pass,A5-KS4,Private Ages 10 to 19 Mixed sex ,114
204,KS4_25,TEBACLAN_95,Number of pupils achieving EBacc Language subject area with a 9-5 pass,A5-KS4,Private Ages 10 to 19 Mixed sex ,113
205,KS4_25,TEBACC91,Number of pupils achieving the English Baccalaureate at grades 9-1,A5-KS4-EBacc,Private Ages 10 to 19 Mixed sex ,0
206,KS4_25,PTEBACC91,% of pupils achieving the English Baccalaureate at grades 9-1,A5-KS4-EBacc,Private Ages 10 to 19 Mixed sex ,0.00%
207,KS4_25,TEBACENG91,Number of pupils achieving EBacc English subject area at grade 9-1,A5-KS4,Private Ages 10 to 19 Mixed sex ,0
208,KS4_25,PTEBACENG91,% of pupils achieving the EBacc English subject area at grade 9-1,A5-KS4-EBacc,Private Ages 10 to 19 Mixed sex ,0.00%
209,KS4_25,TEBACMAT91,Number of pupils achieving EBacc Maths subject area at grade 9-1,A5-KS4,Private Ages 10 to 19 Mixed sex ,0
210,KS4_25,PTEBACMAT91,% of pupils achieving the EBacc Maths subject area at grade 9-1,A5-KS4-EBacc,Private Ages 10 to 19 Mixed sex ,0.00%
211,KS4_25,TEBAC2SCI91,Number of pupils achieving EBacc Science subject area with grades 9-1,A5-KS4,Private Ages 10 to 19 Mixed sex ,NE
212,KS4_25,PTEBAC2SCI91,% entered pupils achieving the EBacc Science subject area with grades 9-1,A5-KS4-EBacc,Private Ages 10 to 19 Mixed sex ,NE
213,KS4_25,TEBACHUM91,Number of pupils achieving EBacc Humanities subject area with grades 9-1,A5-KS4,Private Ages 10 to 19 Mixed sex ,NE
214,KS4_25,PTEBACHUM91,% entered pupils achieving the EBacc Humanities subject area with grades 9-1,A5-KS4-EBacc,Private Ages 10 to 19 Mixed sex ,NE
215,KS4_25,TEBACLAN91,Number of pupils achieving EBacc Language subject area with grades 9-1,A5-KS4,Private Ages 10 to 19 Mixed sex ,114
216,KS4_25,PTEBACLAN91,% of entered pupils achieving the EBacc Language subject area with grades 9-1,A5-KS4-EBacc,Private Ages 10 to 19 Mixed sex ,100.00%
217,KS4_25,ATT8SCR_FSM6CLA1A,Average Attainment 8 score per disadvantaged pupil,A5-KS4-Attainment8,Private Ages 10 to 19 Mixed sex ,NP
218,KS4_25,P8PUP_FSM6CLA1A,Number of disadvantaged pupils in Progress 8 measure,A5-KS4-Progress8,Private Ages 10 to 19 Mixed sex ,NA
219,KS4_25,TP8ADJ_FSM6CLA1A,Number of disadvantaged pupils in Progress 8 measure with adjusted scores,A5-KS4,Private Ages 10 to 19 Mixed sex ,NA
220,KS4_25,P8MEA_FSM6CLA1A,Adjusted Progress 8 measure - disadvantaged pupils,A5-KS4-Progress8,Private Ages 10 to 19 Mixed sex ,NA
221,KS4_25,P8CILOW_FSM6CLA1A,Adjusted Progress 8 lower 95% confidence interval - disadvantaged pupils,A5-KS4-Progress8,Private Ages 10 to 19 Mixed sex ,NA
222,KS4_25,P8CIUPP_FSM6CLA1A,Adjusted Progress 8 upper 95% confidence interval - disadvantaged pupils,A5-KS4-Progress8,Private Ages 10 to 19 Mixed sex ,NA
223,KS4_25,P8MEA_FSM6CLA1A_ORIG,Unadjusted Progress 8 measure - disadvantaged pupils,A5-KS4-Progress8,Private Ages 10 to 19 Mixed sex ,NA
224,KS4_25,P8CILOW_FSM6CLA1A_ORIG,Unadjusted Progress 8 lower 95% confidence interval - disadvantaged pupils,A5-KS4-Progress8,Private Ages 10 to 19 Mixed sex ,NA
225,KS4_25,P8CIUPP_FSM6CLA1A_ORIG,Unadjusted Progress 8 upper 95% confidence interval - disadvantaged pupils,A5-KS4-Progress8,Private Ages 10 to 19 Mixed sex ,NA
226,KS4_25,ATT8SCR_NFSM6CLA1A,Average Attainment 8 score per non-disadvantaged pupil,A5-KS4-Attainment8,Private Ages 10 to 19 Mixed sex ,NP
227,KS4_25,P8PUP_NFSM6CLA1A,Number of non-disadvantaged pupils in Progress 8 measure,A5-KS4-Progress8,Private Ages 10 to 19 Mixed sex ,NA
228,KS4_25,TP8ADJ_NFSM6CLA1A,Number of non-disadvantaged pupils in progress measure with adjusted scores,A5-KS4,Private Ages 10 to 19 Mixed sex ,NA
229,KS4_25,P8MEA_NFSM6CLA1A,Adjusted Progress 8 measure - non-disadvantaged pupils,A5-KS4-Progress8,Private Ages 10 to 19 Mixed sex ,NA
230,KS4_25,P8CILOW_NFSM6CLA1A,Progress 8 lower 95% confidence interval - non-disadvantaged pupils,A5-KS4-Progress8,Private Ages 10 to 19 Mixed sex ,NA
231,KS4_25,P8CIUPP_NFSM6CLA1A,Progress 8 upper 95% confidence interval - non-disadvantaged pupils,A5-KS4-Progress8,Private Ages 10 to 19 Mixed sex ,NA
232,KS4_25,P8MEA_NFSM6CLA1A_ORIG,Unadjusted Progress 8 measure - non-disadvantaged pupils,A5-KS4-Progress8,Private Ages 10 to 19 Mixed sex ,NA
233,KS4_25,P8CILOW_NFSM6CLA1A_ORIG,Unadjusted Progress 8 lower 95% confidence interval - non-disadvantaged pupils,A5-KS4-Progress8,Private Ages 10 to 19 Mixed sex ,NA
234,KS4_25,P8CIUPP_NFSM6CLA1A_ORIG,Unadjusted Progress 8 upper 95% confidence interval - non-disadvantaged pupils,A5-KS4-Progress8,Private Ages 10 to 19 Mixed sex ,NA
235,KS4_25,ATT8SCRENG_FSM6CLA1A,Average Attainment 8 score per disadvantaged pupil for English element,A5-KS4-Attainment8,Private Ages 10 to 19 Mixed sex ,NP
236,KS4_25,P8MEAENG_FSM6CLA1A,Progress 8 measure for English element - disadvantaged pupils,A5-KS4-Progress8,Private Ages 10 to 19 Mixed sex ,NA
237,KS4_25,P8MEAENG_CILOW_FSM6CLA1A,Lower 95% confidence interval for Progress 8 English element for disadvantaged pupils,A5-KS4-Progress8,Private Ages 10 to 19 Mixed sex ,NA
238,KS4_25,P8MEAENG_CIUPP_FSM6CLA1A,Upper 95% confidence interval for Progress 8 English element for disadvantaged pupils,A5-KS4-Progress8,Private Ages 10 to 19 Mixed sex ,NA
239,KS4_25,ATT8SCRMAT_FSM6CLA1A,Average Attainment 8 score per disadvantaged pupil for mathematics element,A5-KS4-Attainment8,Private Ages 10 to 19 Mixed sex ,NP
240,KS4_25,P8MEAMAT_FSM6CLA1A,Progress 8 measure for maths element - disadvantaged pupils,A5-KS4-Progress8,Private Ages 10 to 19 Mixed sex ,NA
241,KS4_25,P8MEAMAT_CILOW_FSM6CLA1A,Lower 95% confidence interval for Progress 8 maths element for disadvantaged pupils,A5-KS4-Progress8,Private Ages 10 to 19 Mixed sex ,NA
242,KS4_25,P8MEAMAT_CIUPP_FSM6CLA1A,Upper 95% confidence interval for Progress 8 maths element for disadvantaged pupils,A5-KS4-Progress8,Private Ages 10 to 19 Mixed sex ,NA
243,KS4_25,ATT8SCREBAC_FSM6CLA1A,Average Attainment 8 score per disadvantaged pupil for EBacc element,A5-KS4-Attainment8,Private Ages 10 to 19 Mixed sex ,NP
244,KS4_25,P8MEAEBAC_FSM6CLA1A,Progress 8 measure for EBacc element - disadvantaged pupils,A5-KS4-Progress8,Private Ages 10 to 19 Mixed sex ,NA
245,KS4_25,P8MEAEBAC_CILOW_FSM6CLA1A,Lower 95% confidence interval for Progress 8 EBacc element for disadvantaged pupils,A5-KS4-Progress8,Private Ages 10 to 19 Mixed sex ,NA
246,KS4_25,P8MEAEBAC_CIUPP_FSM6CLA1A,Upper 95% confidence interval for Progress 8 EBacc element for disadvantaged pupils,A5-KS4-Progress8,Private Ages 10 to 19 Mixed sex ,NA
247,KS4_25,ATT8SCROPEN_FSM6CLA1A,Average Attainment 8 score per disadvantaged pupil for open element,A5-KS4-Attainment8,Private Ages 10 to 19 Mixed sex ,NP
248,KS4_25,P8MEAOPEN_FSM6CLA1A,Progress 8 measure for open element - disadvantaged pupils,A5-KS4-Progress8,Private Ages 10 to 19 Mixed sex ,NA
249,KS4_25,P8MEAOPEN_CILOW_FSM6CLA1A,Lower 95% confidence interval for Progress 8 open element for disadvantaged pupils,A5-KS4-Progress8,Private Ages 10 to 19 Mixed sex ,NA
250,KS4_25,P8MEAOPEN_CIUPP_FSM6CLA1A,Upper 95% confidence interval for Progress 8 open element for disadvantaged pupils,A5-KS4-Progress8,Private Ages 10 to 19 Mixed sex ,NA
251,KS4_25,ATT8SCRENG_NFSM6CLA1A,Average Attainment 8 score per non-disadvantaged pupil for English element,A5-KS4-Attainment8,Private Ages 10 to 19 Mixed sex ,NP
252,KS4_25,P8MEAENG_NFSM6CLA1A,Progress 8 measure for English element - non-disadvantaged pupils,A5-KS4-Progress8,Private Ages 10 to 19 Mixed sex ,NA
253,KS4_25,P8MEAENG_CILOW_NFSM6CLA1A,Lower 95% confidence interval for Progress 8 English element for non-disadvantaged pupils,A5-KS4-Progress8,Private Ages 10 to 19 Mixed sex ,NA
254,KS4_25,P8MEAENG_CIUPP_NFSM6CLA1A,Upper 95% confidence interval for Progress 8 English element for non-disadvantaged pupils,A5-KS4-Progress8,Private Ages 10 to 19 Mixed sex ,NA
255,KS4_25,ATT8SCRMAT_NFSM6CLA1A,Average Attainment 8 score per non-disadvantaged pupil for mathematics element,A5-KS4-Attainment8,Private Ages 10 to 19 Mixed sex ,NP
256,KS4_25,P8MEAMAT_NFSM6CLA1A,Progress 8 measure for maths element - non-disadvantaged pupils,A5-KS4-Progress8,Private Ages 10 to 19 Mixed sex ,NA
257,KS4_25,P8MEAMAT_CILOW_NFSM6CLA1A,Lower 95% confidence interval for Progress 8 maths element for non-disadvantaged pupils,A5-KS4-Progress8,Private Ages 10 to 19 Mixed sex ,NA
258,KS4_25,P8MEAMAT_CIUPP_NFSM6CLA1A,Upper 95% confidence interval for Progress 8 maths element for non-disadvantaged pupils,A5-KS4-Progress8,Private Ages 10 to 19 Mixed sex ,NA
259,KS4_25,ATT8SCREBAC_NFSM6CLA1A,Average Attainment 8 score per non-disadvantaged pupil for EBacc element,A5-KS4-Attainment8,Private Ages 10 to 19 Mixed sex ,NP
260,KS4_25,P8MEAEBAC_NFSM6CLA1A,Progress 8 measure for EBacc element - non-disadvantaged pupils,A5-KS4-Progress8,Private Ages 10 to 19 Mixed sex ,NA
261,KS4_25,P8MEAEBAC_CILOW_NFSM6CLA1A,Lower 95% confidence interval for Progress 8 EBacc element for non-disadvantaged pupils,A5-KS4-Progress8,Private Ages 10 to 19 Mixed sex ,NA
262,KS4_25,P8MEAEBAC_CIUPP_NFSM6CLA1A,Upper 95% confidence interval for Progress 8 EBacc element for non-disadvantaged pupils,A5-KS4-Progress8,Private Ages 10 to 19 Mixed sex ,NA
263,KS4_25,ATT8SCROPEN_NFSM6CLA1A,Average Attainment 8 score per non-disadvantaged pupil for open element,A5-KS4-Attainment8,Private Ages 10 to 19 Mixed sex ,NP
264,KS4_25,P8MEAOPEN_NFSM6CLA1A,Progress 8 measure for open element - non-disadvantaged pupils,A5-KS4-Progress8,Private Ages 10 to 19 Mixed sex ,NA
265,KS4_25,P8MEAOPEN_CILOW_NFSM6CLA1A,Lower 95% confidence interval for Progress 8 open element for non-disadvantaged pupils,A5-KS4-Progress8,Private Ages 10 to 19 Mixed sex ,NA
266,KS4_25,P8MEAOPEN_CIUPP_NFSM6CLA1A,Upper 95% confidence interval for Progress 8 open element for non-disadvantaged pupils,A5-KS4-Progress8,Private Ages 10 to 19 Mixed sex ,NA
267,KS4_25,ATT8SCROPENG_FSM6CLA1A,Average Attainment 8 score per disadvantaged pupil for open element - GCSE only,A5-KS4-Attainment8,Private Ages 10 to 19 Mixed sex ,NP
268,KS4_25,ATT8SCROPENNG_FSM6CLA1A,Average Attainment 8 score per disadvantaged pupil for open element - non-GCSE only,A5-KS4-Attainment8,Private Ages 10 to 19 Mixed sex ,NP
269,KS4_25,ATT8SCROPENG_NFSM6CLA1A,Average Attainment 8 score per non-disadvantaged pupil for open element - GCSE only,A5-KS4-Attainment8,Private Ages 10 to 19 Mixed sex ,NP
270,KS4_25,ATT8SCROPENNG_NFSM6CLA1A,Average Attainment 8 score per non-disadvantaged pupil for open element - non-GCSE only,A5-KS4-Attainment8,Private Ages 10 to 19 Mixed sex ,NP
271,KS4_25,DIFFN_ATT8,Difference between Attainment 8 for disadvantaged pupils in school/LA and non-disadvantaged pupils nationally,A5-KS4,Private Ages 10 to 19 Mixed sex ,NP
272,KS4_25,DIFFN_P8MEA,Difference between Progress 8 measure for disadvantaged pupils in school/LA and non-disadvantaged pupils nationally,A5-KS4,Private Ages 10 to 19 Mixed sex ,NA
273,KS4_25,ATT8SCR_LO,Average Attainment 8 score per pupil with low prior attainment,A5-KS4-Attainment8,Private Ages 10 to 19 Mixed sex ,NA
274,KS4_25,P8PUP_LO,Number of pupils with low prior attainment included in Progress 8 measure,A5-KS4-Progress8,Private Ages 10 to 19 Mixed sex ,NA
275,KS4_25,TP8ADJ_LO,Number of pupils with low prior attainment in progress measure with adjusted scores,A5-KS4,Private Ages 10 to 19 Mixed sex ,NA
276,KS4_25,P8MEA_LO,Adjusted Progress 8 measure - pupils with low prior attainment,A5-KS4-Progress8,Private Ages 10 to 19 Mixed sex ,NA
277,KS4_25,P8CILOW_LO,Adjusted Progress 8 lower 95% confidence interval - pupils with low prior attainment,A5-KS4-Progress8,Private Ages 10 to 19 Mixed sex ,NA
278,KS4_25,P8CIUPP_LO,Adjusted Progress 8 upper 95% confidence interval - pupils with low prior attainment,A5-KS4-Progress8,Private Ages 10 to 19 Mixed sex ,NA
279,KS4_25,P8MEA_LO_ORIG,Unadjusted Progress 8 measure - pupils with low prior attainment,A5-KS4-Progress8,Private Ages 10 to 19 Mixed sex ,NA
280,KS4_25,P8CILOW_LO_ORIG,Unadjusted Progress 8 lower 95% confidence interval - pupils with low prior attainment,A5-KS4-Progress8,Private Ages 10 to 19 Mixed sex ,NA
281,KS4_25,P8CIUPP_LO_ORIG,Unadjusted Progress 8 upper 95% confidence interval - pupils with low prior attainment,A5-KS4-Progress8,Private Ages 10 to 19 Mixed sex ,NA
282,KS4_25,ATT8SCR_MID,Average Attainment 8 score per pupil with middle prior attainment,A5-KS4-Attainment8,Private Ages 10 to 19 Mixed sex ,NA
283,KS4_25,P8PUP_MID,Number of pupils with middle prior attainment included in Progress 8 measure,A5-KS4-Progress8,Private Ages 10 to 19 Mixed sex ,NA
284,KS4_25,TP8ADJ_MID,Number of pupils with middle prior attainment in progress measure with adjusted scores,A5-KS4,Private Ages 10 to 19 Mixed sex ,NA
285,KS4_25,P8MEA_MID,Adjusted Progress 8 measure - pupils with middle prior attainment,A5-KS4-Progress8,Private Ages 10 to 19 Mixed sex ,NA
286,KS4_25,P8CILOW_MID,Progress 8 lower 95% confidence interval - pupils with middle prior attainment,A5-KS4-Progress8,Private Ages 10 to 19 Mixed sex ,NA
287,KS4_25,P8CIUPP_MID,Progress 8 upper 95% confidence interval - pupils with middle prior attainment,A5-KS4-Progress8,Private Ages 10 to 19 Mixed sex ,NA
288,KS4_25,P8MEA_MID_ORIG,Unadjusted Progress 8 measure - pupils with middle prior attainment,A5-KS4-Progress8,Private Ages 10 to 19 Mixed sex ,NA
289,KS4_25,P8CILOW_MID_ORIG,Unadjusted Progress 8 lower 95% confidence interval - pupils with middle prior attainment,A5-KS4-Progress8,Private Ages 10 to 19 Mixed sex ,NA
290,KS4_25,P8CIUPP_MID_ORIG,Unadjusted Progress 8 upper 95% confidence interval - pupils with middle prior attainment,A5-KS4-Progress8,Private Ages 10 to 19 Mixed sex ,NA
291,KS4_25,ATT8SCR_HI,Average Attainment 8 score per pupil with high prior attainment,A5-KS4-Attainment8,Private Ages 10 to 19 Mixed sex ,NA
292,KS4_25,P8PUP_HI,Number of pupils with high prior attainment included in Progress 8 measure,A5-KS4-Progress8,Private Ages 10 to 19 Mixed sex ,NA
293,KS4_25,TP8ADJ_HI,Number of pupils with high prior attainment in progress measure with adjusted scores,A5-KS4,Private Ages 10 to 19 Mixed sex ,NA
294,KS4_25,P8MEA_HI,Adjusted Progress 8 measure - pupils with high prior attainment,A5-KS4-Progress8,Private Ages 10 to 19 Mixed sex ,NA
295,KS4_25,P8CILOW_HI,Progress 8 lower 95% confidence interval - pupils with high prior attainment,A5-KS4-Progress8,Private Ages 10 to 19 Mixed sex ,NA
296,KS4_25,P8CIUPP_HI,Progress 8 upper 95% confidence interval - pupils with high prior attainment,A5-KS4-Progress8,Private Ages 10 to 19 Mixed sex ,NA
297,KS4_25,P8MEA_HI_ORIG,Unadjusted Progress 8 measure - pupils with high prior attainment,A5-KS4-Progress8,Private Ages 10 to 19 Mixed sex ,NA
298,KS4_25,P8CILOW_HI_ORIG,Unadjusted Progress 8 lower 95% confidence interval - pupils with high prior attainment,A5-KS4-Progress8,Private Ages 10 to 19 Mixed sex ,NA
299,KS4_25,P8CIUPP_HI_ORIG,Unadjusted Progress 8 upper 95% confidence interval - pupils with high prior attainment,A5-KS4-Progress8,Private Ages 10 to 19 Mixed sex ,NA
300,KS4_25,ATT8SCR_EAL,Average Attainment 8 score per pupil for whom English is an additional language,A5-KS4-Attainment8,Private Ages 10 to 19 Mixed sex ,NP
301,KS4_25,ATT8SCRENG_EAL,Average Attainment 8 score per pupil for whom English is an additional language for English element,A5-KS4-Attainment8,Private Ages 10 to 19 Mixed sex ,NP
302,KS4_25,ATT8SCRMAT_EAL,Average Attainment 8 score per pupil for whom English is an additional language for mathematics element,A5-KS4-Attainment8,Private Ages 10 to 19 Mixed sex ,NP
303,KS4_25,ATT8SCREBAC_EAL,Average Attainment 8 score per pupil for whom English is an additional language for EBacc element,A5-KS4-Attainment8,Private Ages 10 to 19 Mixed sex ,NP
304,KS4_25,ATT8SCROPEN_EAL,Average Attainment 8 score per pupil for whom English is an additional language for open element,A5-KS4-Attainment8,Private Ages 10 to 19 Mixed sex ,NP
305,KS4_25,ATT8SCROPENG_EAL,Average Attainment 8 score per pupil for whom English is an additional language - GCSE only,A5-KS4-Attainment8,Private Ages 10 to 19 Mixed sex ,NP
306,KS4_25,ATT8SCROPENNG_EAL,Average Attainment 8 score per pupil for whom English is an additional language - non-GCSE only,A5-KS4-Attainment8,Private Ages 10 to 19 Mixed sex ,NP
307,KS4_25,P8PUP_EAL,Number of pupils for whom English is an additional language included in Progress 8 measure,A5-KS4-Progress8,Private Ages 10 to 19 Mixed sex ,NA
308,KS4_25,TP8ADJ_EAL,Number of pupils for whom English is an additional language in progress measure with adjusted scores,A5-KS4,Private Ages 10 to 19 Mixed sex ,NA
309,KS4_25,P8MEA_EAL,Adjusted Progress 8 measure - pupils for whom English is an additional language,A5-KS4-Progress8,Private Ages 10 to 19 Mixed sex ,NA
310,KS4_25,P8CILOW_EAL,Adjusted Progress 8 lower 95% confidence interval - pupils for whom English is an additional language,A5-KS4-Progress8,Private Ages 10 to 19 Mixed sex ,NA
311,KS4_25,P8CIUPP_EAL,Adjusted Progress 8 upper 95% confidence interval - pupils for whom English is an additional language,A5-KS4-Progress8,Private Ages 10 to 19 Mixed sex ,NA
312,KS4_25,P8MEA_EAL_ORIG,Unadjusted Progress 8 measure - pupils for whom English is an additional language,A5-KS4-Progress8,Private Ages 10 to 19 Mixed sex ,NA
313,KS4_25,P8CILOW_EAL_ORIG,Unadjusted Progress 8 lower 95% confidence interval - pupils for whom English is an additional language,A5-KS4-Progress8,Private Ages 10 to 19 Mixed sex ,NA
314,KS4_25,P8CIUPP_EAL_ORIG,Unadjusted Progress 8 upper 95% confidence interval - pupils for whom English is an additional language,A5-KS4-Progress8,Private Ages 10 to 19 Mixed sex ,NA
315,KS4_25,ATT8SCR_GIRLS,Average Attainment 8 score per girl,A5-KS4-Attainment8,Private Ages 10 to 19 Mixed sex ,18.7
316,KS4_25,ATT8SCRENG_GIRLS,Average Attainment 8 score per girl for English element,A5-KS4-Attainment8,Private Ages 10 to 19 Mixed sex ,0
317,KS4_25,ATT8SCRMAT_GIRLS,Average Attainment 8 score per girl for mathematics element,A5-KS4-Attainment8,Private Ages 10 to 19 Mixed sex ,0
318,KS4_25,ATT8SCREBAC_GIRLS,Average Attainment 8 score per girl for EBacc element,A5-KS4-Attainment8,Private Ages 10 to 19 Mixed sex ,9
319,KS4_25,ATT8SCROPEN_GIRLS,Average Attainment 8 score per girl for open element,A5-KS4-Attainment8,Private Ages 10 to 19 Mixed sex ,9.7
320,KS4_25,ATT8SCROPENG_GIRLS,Average Attainment 8 score per girl - GCSE only,A5-KS4-Attainment8,Private Ages 10 to 19 Mixed sex ,9.3
321,KS4_25,ATT8SCROPENNG_GIRLS,Average Attainment 8 score per girl - non-GCSE only,A5-KS4-Attainment8,Private Ages 10 to 19 Mixed sex ,0.4
322,KS4_25,P8PUP_GIRLS,Number of girls included in Progress 8 measure,A5-KS4-Progress8,Private Ages 10 to 19 Mixed sex ,NA
323,KS4_25,TP8ADJ_GIRLS,Number of girls in progress measure with adjusted scores,A5-KS4,Private Ages 10 to 19 Mixed sex ,NA
324,KS4_25,P8MEA_GIRLS,Adjusted Progress 8 measure - girls,A5-KS4-Progress8,Private Ages 10 to 19 Mixed sex ,NA
325,KS4_25,P8CILOW_GIRLS,Adjusted Progress 8 lower 95% confidence interval - girls,A5-KS4-Progress8,Private Ages 10 to 19 Mixed sex ,NA
326,KS4_25,P8CIUPP_GIRLS,Adjusted Progress 8 upper 95% confidence interval - girls,A5-KS4-Progress8,Private Ages 10 to 19 Mixed sex ,NA
327,KS4_25,P8MEA_GIRLS_ORIG,Unadjusted Progress 8 measure - girls,A5-KS4-Progress8,Private Ages 10 to 19 Mixed sex ,NA
328,KS4_25,P8CILOW_GIRLS_ORIG,Unadjusted Progress 8 lower 95% confidence interval - girls,A5-KS4-Progress8,Private Ages 10 to 19 Mixed sex ,NA
329,KS4_25,P8CIUPP_GIRLS_ORIG,Unadjusted Progress 8 upper 95% confidence interval - girls,A5-KS4-Progress8,Private Ages 10 to 19 Mixed sex ,NA
330,KS4_25,ATT8SCR_BOYS,Average Attainment 8 score per boy,A5-KS4-Attainment8,Private Ages 10 to 19 Mixed sex ,16.6
331,KS4_25,ATT8SCRENG_BOYS,Average Attainment 8 score per boy for English element,A5-KS4-Attainment8,Private Ages 10 to 19 Mixed sex ,0
332,KS4_25,ATT8SCRMAT_BOYS,Average Attainment 8 score per boy for mathematics element,A5-KS4-Attainment8,Private Ages 10 to 19 Mixed sex ,0
333,KS4_25,ATT8SCREBAC_BOYS,Average Attainment 8 score per boy for EBacc element,A5-KS4-Attainment8,Private Ages 10 to 19 Mixed sex ,9.6
334,KS4_25,ATT8SCROPEN_BOYS,Average Attainment 8 score per boy for open element,A5-KS4-Attainment8,Private Ages 10 to 19 Mixed sex ,7
335,KS4_25,ATT8SCROPENG_BOYS,Average Attainment 8 score per boy - GCSE only,A5-KS4-Attainment8,Private Ages 10 to 19 Mixed sex ,6.6
336,KS4_25,ATT8SCROPENNG_BOYS,Average Attainment 8 score per boy - non-GCSE only,A5-KS4-Attainment8,Private Ages 10 to 19 Mixed sex ,0.4
337,KS4_25,P8PUP_BOYS,Number of boys included in Progress 8 measure,A5-KS4-Progress8,Private Ages 10 to 19 Mixed sex ,NA
338,KS4_25,TP8ADJ_BOYS,Number of boys in progress measure with adjusted scores,A5-KS4,Private Ages 10 to 19 Mixed sex ,NA
339,KS4_25,P8MEA_BOYS,Adjusted Progress 8 measure - boys,A5-KS4-Progress8,Private Ages 10 to 19 Mixed sex ,NA
340,KS4_25,P8CILOW_BOYS,Adjusted Progress 8 lower 95% confidence interval - boys,A5-KS4-Progress8,Private Ages 10 to 19 Mixed sex ,NA
341,KS4_25,P8CIUPP_BOYS,Adjusted Progress 8 upper 95% confidence interval - boys,A5-KS4-Progress8,Private Ages 10 to 19 Mixed sex ,NA
342,KS4_25,P8MEA_BOYS_ORIG,Unadjusted Progress 8 measure - boys,A5-KS4-Progress8,Private Ages 10 to 19 Mixed sex ,NA
343,KS4_25,P8CILOW_BOYS_ORIG,Unadjusted Progress 8 lower 95% confidence interval - boys,A5-KS4-Progress8,Private Ages 10 to 19 Mixed sex ,NA
344,KS4_25,P8CIUPP_BOYS_ORIG,Unadjusted Progress 8 upper 95% confidence interval - boys,A5-KS4-Progress8,Private Ages 10 to 19 Mixed sex ,NA
345,KS4_25,ATT8SCR_NMOB,Average Attainment 8 score per non-mobile pupil,A5-KS4-Attainment8,Private Ages 10 to 19 Mixed sex ,NP
346,KS4_25,ATT8SCRENG_NMOB,Average Attainment 8 score per non-mobile pupil for English element,A5-KS4-Attainment8,Private Ages 10 to 19 Mixed sex ,NP
347,KS4_25,ATT8SCRMAT_NMOB,Average Attainment 8 score per non-mobile pupil for mathematics element,A5-KS4-Attainment8,Private Ages 10 to 19 Mixed sex ,NP
348,KS4_25,ATT8SCREBAC_NMOB,Average Attainment 8 score per non-mobile pupil for EBacc element,A5-KS4-Attainment8,Private Ages 10 to 19 Mixed sex ,NP
349,KS4_25,ATT8SCROPEN_NMOB,Average Attainment 8 score per non-mobile pupil for open element,A5-KS4-Attainment8,Private Ages 10 to 19 Mixed sex ,NP
350,KS4_25,ATT8SCROPENG_NMOB,Average Attainment 8 score per non-mobile pupil - GCSE only,A5-KS4-Attainment8,Private Ages 10 to 19 Mixed sex ,NP
351,KS4_25,ATT8SCROPENNG_NMOB,Average Attainment 8 score per non-mobile pupil - non-GCSE only,A5-KS4-Attainment8,Private Ages 10 to 19 Mixed sex ,NP
352,KS4_25,P8PUP_NMOB,Number of non-mobile pupils included in Progress 8 measure,A5-KS4-Progress8,Private Ages 10 to 19 Mixed sex ,NA
353,KS4_25,TP8ADJ_NMOB,Number of non-mobile pupils in progress measure with adjusted scores,A5-KS4,Private Ages 10 to 19 Mixed sex ,NA
354,KS4_25,P8MEA_NMOB,Adjusted Progress 8 measure - non-mobile pupils,A5-KS4-Progress8,Private Ages 10 to 19 Mixed sex ,NA
355,KS4_25,P8CILOW_NMOB,Adjusted Progress 8 lower 95% confidence interval - non-mobile pupils,A5-KS4-Progress8,Private Ages 10 to 19 Mixed sex ,NA
356,KS4_25,P8CIUPP_NMOB,Adjusted Progress 8 upper 95% confidence interval - non-mobile pupils,A5-KS4-Progress8,Private Ages 10 to 19 Mixed sex ,NA
357,KS4_25,P8MEA_NMOB_ORIG,Unadjusted Progress 8 measure - non-mobile pupils,A5-KS4-Progress8,Private Ages 10 to 19 Mixed sex ,NA
358,KS4_25,P8CILOW_NMOB_ORIG,Unadjusted Progress 8 lower 95% confidence interval - non-mobile pupils,A5-KS4-Progress8,Private Ages 10 to 19 Mixed sex ,NA
359,KS4_25,P8CIUPP_NMOB_ORIG,Unadjusted Progress 8 upper 95% confidence interval - non-mobile pupils,A5-KS4-Progress8,Private Ages 10 to 19 Mixed sex ,NA
360,KS4_25,TEBACC_ELO_PTQ_EE,Number of pupils in low prior attainment band with entries in all EBacc subject areas,A5-KS4-EBacc,Private Ages 10 to 19 Mixed sex ,NA
361,KS4_25,PTEBACC_ELO_PTQ_EE,EBacc entered % by low prior attainment,A5-KS4-EBacc,Private Ages 10 to 19 Mixed sex ,NA
362,KS4_25,PTEBACCLO_94,EBacc achieved % by low prior attainment - with standard 9-4 passes in English and maths,A5-KS4-EBacc,Private Ages 10 to 19 Mixed sex ,NA
363,KS4_25,PTEBACCLO_95,EBacc achieved % by low prior attainment - with 9-5 passes,A5-KS4-EBacc,Private Ages 10 to 19 Mixed sex ,NA
364,KS4_25,TEBACC_EAV_PTQ_EE,Number of pupils in middle prior attainment band with entries in all EBacc subject areas,A5-KS4-EBacc,Private Ages 10 to 19 Mixed sex ,NA
365,KS4_25,PTEBACC_EAV_PTQ_EE,EBacc entered % by middle prior attainment,A5-KS4-EBacc,Private Ages 10 to 19 Mixed sex ,NA
366,KS4_25,PTEBACCAV_94,EBacc achieved % by middle prior attainment - with 9-4 passes,A5-KS4-EBacc,Private Ages 10 to 19 Mixed sex ,NA
367,KS4_25,PTEBACCAV_95,EBacc achieved % by middle prior attainment - with 9-5 passes,A5-KS4-EBacc,Private Ages 10 to 19 Mixed sex ,NA
368,KS4_25,TEBACC_EHI_PTQ_EE,Number of pupils in high prior attainment band with entries in all EBacc subject areas,A5-KS4-EBacc,Private Ages 10 to 19 Mixed sex ,NA
369,KS4_25,PTEBACC_EHI_PTQ_EE,EBacc entered % by high prior attainment,A5-KS4-EBacc,Private Ages 10 to 19 Mixed sex ,NA
370,KS4_25,PTEBACCHI_94,EBacc achieved % by high prior attainment - with 9-4 passes,A5-KS4-EBacc,Private Ages 10 to 19 Mixed sex ,NA
371,KS4_25,PTEBACCHI_95,EBacc achieved % by high prior attainment - with 9-5 passes,A5-KS4-EBacc,Private Ages 10 to 19 Mixed sex ,NA
372,KS4_25,PTEBACC_EFSM6CLA1A_PTQ_EE,% of disadvantaged pupils entering all English Baccalaureate subject areas,A5-KS4-EBacc,Private Ages 10 to 19 Mixed sex ,NP
373,KS4_25,PTEBACC_ENFSM6CLA1A_PTQ_EE,% of non-disadvantaged pupils entering all English Baccalaureate subject areas,A5-KS4-EBacc,Private Ages 10 to 19 Mixed sex ,NP
374,KS4_25,PTEBACC_94_FSM6CLA1A,% of disadvantaged pupils achieving the English Baccalaureate - with 9-4 passes,A5-KS4-EBacc,Private Ages 10 to 19 Mixed sex ,NP
375,KS4_25,PTEBACC_95_FSM6CLA1A,% of disadvantaged pupils achieving the English Baccalaureate - with 9-5 passes,A5-KS4-EBacc,Private Ages 10 to 19 Mixed sex ,NP
376,KS4_25,PTEBACC_94_NFSM6CLA1A,% of non-disadvantaged pupils achieving the English Baccalaureate - with 9-4 passes,A5-KS4-EBacc,Private Ages 10 to 19 Mixed sex ,NP
377,KS4_25,PTEBACC_95_NFSM6CLA1A,% of non-disadvantaged pupils achieving the English Baccalaureate - with 9-5 passes,A5-KS4-EBacc,Private Ages 10 to 19 Mixed sex ,NP
378,KS4_25,SCIVAMEA_LO_PTQ_EE,English Baccalaureate Science Value Added measure for pupils with low prior attainment,A5-KS4,Private Ages 10 to 19 Mixed sex ,NA
379,KS4_25,SCIVAMEA_MID_PTQ_EE,English Baccalaureate Science Value Added measure for pupils with middle prior attainment,A5-KS4,Private Ages 10 to 19 Mixed sex ,NA
380,KS4_25,SCIVAMEA_HI_PTQ_EE,English Baccalaureate Science Value Added measure for pupils with high prior attainment,A5-KS4,Private Ages 10 to 19 Mixed sex ,NA
381,KS4_25,SCIVAMEA_FSM6CLA1A_PTQ_EE,English Baccalaureate Science Value Added measure for disadvantaged pupils,A5-KS4,Private Ages 10 to 19 Mixed sex ,NA
382,KS4_25,SCIVAMEA_NFSM6CLA1A_PTQ_EE,English Baccalaureate Science Value Added measure for non-disadvantaged pupils,A5-KS4,Private Ages 10 to 19 Mixed sex ,NA
383,KS4_25,HUMVAMEA_LO_PTQ_EE,English Baccalaureate Humanities Value Added measure for pupils with low prior attainment,A5-KS4,Private Ages 10 to 19 Mixed sex ,NA
384,KS4_25,HUMVAMEA_MID_PTQ_EE,English Baccalaureate Humanities Value Added measure for pupils with middle prior attainment,A5-KS4,Private Ages 10 to 19 Mixed sex ,NA
385,KS4_25,HUMVAMEA_HI_PTQ_EE,English Baccalaureate Humanities Value Added measure for pupils with high prior attainment,A5-KS4,Private Ages 10 to 19 Mixed sex ,NA
386,KS4_25,HUMVAMEA_FSM6CLA1A_PTQ_EE,English Baccalaureate Humanities Value Added measure for disadvantaged pupils,A5-KS4,Private Ages 10 to 19 Mixed sex ,NA
387,KS4_25,HUMVAMEA_NFSM6CLA1A_PTQ_EE,English Baccalaureate Humanities Value Added measure for non-disadvantaged pupils,A5-KS4,Private Ages 10 to 19 Mixed sex ,NA
388,KS4_25,LANVAMEA_LO_PTQ_EE,English Baccalaureate Languages Value Added measure for pupils with low prior attainment,A5-KS4,Private Ages 10 to 19 Mixed sex ,NA
389,KS4_25,LANVAMEA_MID_PTQ_EE,English Baccalaureate Languages Value Added measure for pupils with middle prior attainment,A5-KS4,Private Ages 10 to 19 Mixed sex ,NA
390,KS4_25,LANVAMEA_HI_PTQ_EE,English Baccalaureate Languages Value Added measure for pupils with high prior attainment,A5-KS4,Private Ages 10 to 19 Mixed sex ,NA
391,KS4_25,LANVAMEA_FSM6CLA1A_PTQ_EE,English Baccalaureate Languages Value Added measure for disadvantaged pupils,A5-KS4,Private Ages 10 to 19 Mixed sex ,NA
392,KS4_25,LANVAMEA_NFSM6CLA1A_PTQ_EE,English Baccalaureate Languages Value Added measure for non-disadvantaged pupils,A5-KS4,Private Ages 10 to 19 Mixed sex ,NA
393,KS4_25,SCIVAUPP_FSM6CLA1A_PTQ_EE,Upper 95% confidence limit for English Baccalaureate Science Value Added measure for disadvantaged pupils,A5-KS4,Private Ages 10 to 19 Mixed sex ,NA
394,KS4_25,SCIVALOW_FSM6CLA1A_PTQ_EE,Lower 95% confidence limit for English Baccalaureate Science Value Added measure for disadvantaged pupils,A5-KS4,Private Ages 10 to 19 Mixed sex ,NA
395,KS4_25,SCIVAUPP_NFSM6CLA1A_PTQ_EE,Upper 95% confidence limit for English Baccalaureate Science Value Added measure for non-disadvantaged pupils,A5-KS4,Private Ages 10 to 19 Mixed sex ,NA
396,KS4_25,SCIVALOW_NFSM6CLA1A_PTQ_EE,Lower 95% confidence limit for English Baccalaureate Science Value Added measure for non-disadvantaged pupils,A5-KS4,Private Ages 10 to 19 Mixed sex ,NA
397,KS4_25,SCIVAUPP_LO_PTQ_EE,Upper 95% confidence limit for English Baccalaureate Science Value Added measure for pupils with low prior attainment,A5-KS4,Private Ages 10 to 19 Mixed sex ,NA
398,KS4_25,SCIVALOW_LO_PTQ_EE,Lower 95% confidence limit for English Baccalaureate Science Value Added measure for pupils with low prior attainment,A5-KS4,Private Ages 10 to 19 Mixed sex ,NA
399,KS4_25,SCIVAUPP_MID_PTQ_EE,Upper 95% confidence limit for English Baccalaureate Science Value Added measure for pupils with middle prior attainment,A5-KS4,Private Ages 10 to 19 Mixed sex ,NA
400,KS4_25,SCIVALOW_MID_PTQ_EE,Lower 95% confidence limit for English Baccalaureate Science Value Added measure for pupils with middle prior attainment,A5-KS4,Private Ages 10 to 19 Mixed sex ,NA
401,KS4_25,SCIVAUPP_HI_PTQ_EE,Upper 95% confidence limit for English Baccalaureate Science Value Added measure for pupils with high prior attainment,A5-KS4,Private Ages 10 to 19 Mixed sex ,NA
402,KS4_25,SCIVALOW_HI_PTQ_EE,Lower 95% confidence limit for English Baccalaureate Science Value Added measure for pupils with high prior attainment,A5-KS4,Private Ages 10 to 19 Mixed sex ,NA
403,KS4_25,HUMVAUPP_FSM6CLA1A_PTQ_EE,Upper 95% confidence limit for English Baccalaureate Humanities Value Added measure for disadvantaged pupils,A5-KS4,Private Ages 10 to 19 Mixed sex ,NA
404,KS4_25,HUMVALOW_FSM6CLA1A_PTQ_EE,Lower 95% confidence limit for English Baccalaureate Humanities Value Added measure for disadvantaged pupils,A5-KS4,Private Ages 10 to 19 Mixed sex ,NA
405,KS4_25,HUMVAUPP_NFSM6CLA1A_PTQ_EE,Upper 95% confidence limit for English Baccalaureate Humanities Value Added measure for non-disadvantaged pupils,A5-KS4,Private Ages 10 to 19 Mixed sex ,NA
406,KS4_25,HUMVALOW_NFSM6CLA1A_PTQ_EE,Lower 95% confidence limit for English Baccalaureate Humanities Value Added measure for non-disadvantaged pupils,A5-KS4,Private Ages 10 to 19 Mixed sex ,NA
407,KS4_25,HUMVAUPP_LO_PTQ_EE,Upper 95% confidence limit for English Baccalaureate Humanities Value Added measure for pupils with low prior attainment,A5-KS4,Private Ages 10 to 19 Mixed sex ,NA
408,KS4_25,HUMVALOW_LO_PTQ_EE,Lower 95% confidence limit for English Baccalaureate Humanities Value Added measure for pupils with low prior attainment,A5-KS4,Private Ages 10 to 19 Mixed sex ,NA
409,KS4_25,HUMVAUPP_MID_PTQ_EE,Upper 95% confidence limit for English Baccalaureate Humanities Value Added measure for pupils with middle prior attainment,A5-KS4,Private Ages 10 to 19 Mixed sex ,NA
410,KS4_25,HUMVALOW_MID_PTQ_EE,Lower 95% confidence limit for English Baccalaureate Humanities Value Added measure for pupils with middle prior attainment,A5-KS4,Private Ages 10 to 19 Mixed sex ,NA
411,KS4_25,HUMVAUPP_HI_PTQ_EE,Upper 95% confidence limit for English Baccalaureate Humanities Value Added measure for pupils with high prior attainment,A5-KS4,Private Ages 10 to 19 Mixed sex ,NA
412,KS4_25,HUMVALOW_HI_PTQ_EE,Lower 95% confidence limit for English Baccalaureate Humanities Value Added measure for pupils with high prior attainment,A5-KS4,Private Ages 10 to 19 Mixed sex ,NA
413,KS4_25,LANVAUPP_FSM6CLA1A_PTQ_EE,Upper 95% confidence limit for English Baccalaureate Languages Value Added measure for disadvantaged pupils,A5-KS4,Private Ages 10 to 19 Mixed sex ,NA
414,KS4_25,LANVALOW_FSM6CLA1A_PTQ_EE,Lower 95% confidence limit for English Baccalaureate Languages Value Added measure for disadvantaged pupils,A5-KS4,Private Ages 10 to 19 Mixed sex ,NA
415,KS4_25,LANVAUPP_NFSM6CLA1A_PTQ_EE,Upper 95% confidence limit for English Baccalaureate Languages Value Added measure for non-disadvantaged pupils,A5-KS4,Private Ages 10 to 19 Mixed sex ,NA
416,KS4_25,LANVALOW_NFSM6CLA1A_PTQ_EE,Lower 95% confidence limit for English Baccalaureate Languages Value Added measure for non-disadvantaged pupils,A5-KS4,Private Ages 10 to 19 Mixed sex ,NA
417,KS4_25,LANVAUPP_LO_PTQ_EE,Upper 95% confidence limit for English Baccalaureate Languages Value Added measure for pupils with low prior attainment,A5-KS4,Private Ages 10 to 19 Mixed sex ,NA
418,KS4_25,LANVALOW_LO_PTQ_EE,Lower 95% confidence limit for English Baccalaureate Languages Value Added measure for pupils with low prior attainment,A5-KS4,Private Ages 10 to 19 Mixed sex ,NA
419,KS4_25,LANVAUPP_MID_PTQ_EE,Upper 95% confidence limit for English Baccalaureate Languages Value Added measure for pupils with middle prior attainment,A5-KS4,Private Ages 10 to 19 Mixed sex ,NA
420,KS4_25,LANVALOW_MID_PTQ_EE,Lower 95% confidence limit for English Baccalaureate Languages Value Added measure for pupils with middle prior attainment,A5-KS4,Private Ages 10 to 19 Mixed sex ,NA
421,KS4_25,LANVAUPP_HI_PTQ_EE,Upper 95% confidence limit for English Baccalaureate Languages Value Added measure for pupils with high prior attainment,A5-KS4,Private Ages 10 to 19 Mixed sex ,NA
422,KS4_25,LANVALOW_HI_PTQ_EE,Lower 95% confidence limit for English Baccalaureate Languages Value Added measure for pupils with high prior attainment,A5-KS4,Private Ages 10 to 19 Mixed sex ,NA
423,KS4_25,PBEBACC_E_PTQ_EE,% of boys with entries in all English Baccalaureate subject areas,A5-KS4-EBacc,Private Ages 10 to 19 Mixed sex ,0.00%
424,KS4_25,PBEBACC_94,% of KS4 boys achieving the Ebacc - with 9-4 passes,A5-KS4-EBacc,Private Ages 10 to 19 Mixed sex ,0.00%
425,KS4_25,PBEBACC_95,% of KS4 boys achieving the Ebacc - with 9-5 passes,A5-KS4-EBacc,Private Ages 10 to 19 Mixed sex ,0.00%
426,KS4_25,PGEBACC_E_PTQ_EE,% of girls with entries in all English Baccalaureate subject areas,A5-KS4-EBacc,Private Ages 10 to 19 Mixed sex ,0.00%
427,KS4_25,PGEBACC_94,% of KS4 girls achieving the Ebacc - with 9-4 passes,A5-KS4-EBacc,Private Ages 10 to 19 Mixed sex ,0.00%
428,KS4_25,PGEBACC_95,% of KS4 girls achieving the Ebacc - with 9-5 passes,A5-KS4-EBacc,Private Ages 10 to 19 Mixed sex ,0.00%
429,KS4_25,PTEBACC_ENMOB_PTQ_EE,% of non-mobile pupils with entries in all English Baccalaureate subject areas,A5-KS4-EBacc,Private Ages 10 to 19 Mixed sex ,NP
430,KS4_25,PTEBACCNMOB_94,% of non-mobile pupils achieving the English Baccalaureate with 9-4 passes,A5-KS4-EBacc,Private Ages 10 to 19 Mixed sex ,NP
431,KS4_25,PTEBACCNMOB_95,% of non-mobile pupils achieving the English Baccalaureate with 9-5 passes,A5-KS4-EBacc,Private Ages 10 to 19 Mixed sex ,NP
432,KS4_25,PTEBACC_EEAL_PTQ_EE,% of pupils for whom English is an additional language with entries in all English Baccalaureate subject areas,A5-KS4-EBacc,Private Ages 10 to 19 Mixed sex ,NP
433,KS4_25,PTEBACCEAL_94,% of pupils for whom English as an additional language achieving the English Baccalaureate with 9-4 passes,A5-KS4-EBacc,Private Ages 10 to 19 Mixed sex ,NP
434,KS4_25,PTEBACCEAL_95,% of pupils for whom English as an additional language achieving the English Baccalaureate with 9-5 passes,A5-KS4-EBacc,Private Ages 10 to 19 Mixed sex ,NP
435,KS4_25,PT5EM_94,% of pupils achieving Level 2 threshold including standard passes 9-4 in both English and Maths GCSEs,A5-KS4-Grades,Private Ages 10 to 19 Mixed sex ,0.00%
436,KS4_25,PTANYQ_PTQ_EE,% of pupils achieving any qualifications,A5-KS4,Private Ages 10 to 19 Mixed sex ,99.30%
437,KS4_25,PTFSM6CLA1ABASICS_94,% of disadvantaged pupils achieving standard 9-4 passes in GCSE English and maths,A5-KS4-Grades,Private Ages 10 to 19 Mixed sex ,NP
438,KS4_25,PTNOTFSM6CLA1ABASICS_94,% of non-disadvantaged pupils achieving standard 9-4 passes in GCSE English and maths,A5-KS4-Grades,Private Ages 10 to 19 Mixed sex ,NP
439,KS4_25,TBASICSLO_94,Number of pupils in low prior attainment band who achieved standard 9-4 passes in English and maths,A5-KS4,Private Ages 10 to 19 Mixed sex ,NA
440,KS4_25,PTBASICSLO_94,% of pupils in low prior attainment band who achieved standard 9-4 passes in English and maths,A5-KS4,Private Ages 10 to 19 Mixed sex ,NA
441,KS4_25,TBASICSAV_94,Number of pupils in middle prior attainment band who achieved standard 9-4 passes in English and maths,A5-KS4,Private Ages 10 to 19 Mixed sex ,NA
442,KS4_25,PTBASICSAV_94,% pupils in middle prior attainment band who achieved standard 9-4 passes in English and maths,A5-KS4,Private Ages 10 to 19 Mixed sex ,NA
443,KS4_25,TBASICSHI_94,Number of pupils in high prior attainment band who achieved standard 9-4 passes in English and maths,A5-KS4,Private Ages 10 to 19 Mixed sex ,NA
444,KS4_25,PTBASICSHI_94,% pupils in high prior attainment band who achieved standard 9-4 passes in English and maths,A5-KS4,Private Ages 10 to 19 Mixed sex ,NA
445,KS4_25,PBL2BASICS_94,% of boys achieving standard 9-4 passes in both English and mathematics GCSEs,A5-KS4-Grades,Private Ages 10 to 19 Mixed sex ,0.00%
446,KS4_25,PGL2BASICS_94,% of girls achieving standard 9-4 passes in both English and mathematics GCSEs,A5-KS4-Grades,Private Ages 10 to 19 Mixed sex ,0.00%
447,KS4_25,PTL2BASICSEAL_94,% of pupils achieving standard 9-4 passes in both English and mathematics GCSEs and for whom English is an additional language,A5-KS4-Grades,Private Ages 10 to 19 Mixed sex ,NP
448,KS4_25,PTL2BASICSNMOB_94,% of non-mobile pupils achieving standard 9-4 passes in both English and mathematics GCSEs,A5-KS4-Grades,Private Ages 10 to 19 Mixed sex ,NP
449,KS4_25,PTFSM6CLA1ABASICS_95,% of disadvantaged pupils achieving strong 9-5 passes in GCSE English and maths,A5-KS4-Grades,Private Ages 10 to 19 Mixed sex ,NP
450,KS4_25,PTNOTFSM6CLA1ABASICS_95,% of non-disadvantaged pupils achieving strong 9-5 passes in GCSE English and maths,A5-KS4-Grades,Private Ages 10 to 19 Mixed sex ,NP
451,KS4_25,TBASICSLO_95,Number of pupils in low prior attainment band who achieved strong 9-5 passes in English and maths,A5-KS4,Private Ages 10 to 19 Mixed sex ,NA
452,KS4_25,PTBASICSLO_95,% of pupils in low prior attainment band who achieved strong 9-5 passes in English and maths,A5-KS4,Private Ages 10 to 19 Mixed sex ,NA
453,KS4_25,TBASICSAV_95,Number of pupils in middle prior attainment band who achieved strong 9-5 passes in English and maths,A5-KS4,Private Ages 10 to 19 Mixed sex ,NA
454,KS4_25,PTBASICSAV_95,% pupils in middle prior attainment band who achieved strong 9-5 passes in English and maths,A5-KS4,Private Ages 10 to 19 Mixed sex ,NA
455,KS4_25,TBASICSHI_95,Number of pupils in high prior attainment band who achieved strong 9-5 passes in English and maths,A5-KS4,Private Ages 10 to 19 Mixed sex ,NA
456,KS4_25,PTBASICSHI_95,% pupils in high prior attainment band who achieved strong 9-5 passes in English and maths,A5-KS4,Private Ages 10 to 19 Mixed sex ,NA
457,KS4_25,PBL2BASICS_95,% of boys achieving strong 9-5 passes in both English and mathematics GCSEs,A5-KS4-Grades,Private Ages 10 to 19 Mixed sex ,0.00%
458,KS4_25,PGL2BASICS_95,% of girls achieving strong 9-5 passes in both English and mathematics GCSEs,A5-KS4-Grades,Private Ages 10 to 19 Mixed sex ,0.00%
459,KS4_25,PTL2BASICSEAL_95,% of pupils achieving strong 9-5 passes in both English and mathematics GCSEs and for whom English is an additional language,A5-KS4-Grades,Private Ages 10 to 19 Mixed sex ,NP
460,KS4_25,PTL2BASICSNMOB_95,% of non-mobile pupils achieving strong 9-5 passes in both English and mathematics GCSEs,A5-KS4-Grades,Private Ages 10 to 19 Mixed sex ,NP
461,KS4_25,PTMULTILAN_E,% of pupils entering more than one foreign language,A5-KS4-EBacc,Private Ages 10 to 19 Mixed sex ,23.70%
462,KS4_25,PTTRIPLESCI_E,"% of pupils entering biology,A5-KS4-EBacc,,Private Ages 10 to 19 Mixed sex ,0.00%
463,KS4_25,TAVENT_E_3NG_PTQ_EE,Average number of KS4 entries per pupil,A5-KS4,Private Ages 10 to 19 Mixed sex ,2.2
464,KS4_25,TAVENT_E_3NG_LO_PTQ_EE,Average number of KS4 entries per pupil with low prior attainment,A5-KS4,Private Ages 10 to 19 Mixed sex ,NA
465,KS4_25,TAVENT_E_3NG_MID_PTQ_EE,Average number of KS4 entries per pupil with middle prior attainment,A5-KS4,Private Ages 10 to 19 Mixed sex ,NA
466,KS4_25,TAVENT_E_3NG_HI_PTQ_EE,Average number of KS4 entries per pupil with high prior attainment,A5-KS4,Private Ages 10 to 19 Mixed sex ,NA
467,KS4_25,TAVENT_E_3NG_FSM6CLA1A_PTQ_EE,Average number of KS4 entries per disadvantaged pupil,A5-KS4,Private Ages 10 to 19 Mixed sex ,NP
468,KS4_25,TAVENT_E_3NG_NFSM6CLA1A_PTQ_EE,Average number of KS4 entries per non-disadvantaged pupil,A5-KS4,Private Ages 10 to 19 Mixed sex ,NP
469,KS4_25,TAVENT_G_PTQ_EE,Average number of GCSE entries per pupil,A5-KS4,Private Ages 10 to 19 Mixed sex ,2.2
470,KS4_25,TAVENT_GLO_PTQ_EE,Average number of GCSE entries per pupil with low prior attainment,A5-KS4,Private Ages 10 to 19 Mixed sex ,NA
471,KS4_25,TAVENT_GAV_PTQ_EE,Average number of GCSE entries per pupil with middle prior attainment,A5-KS4,Private Ages 10 to 19 Mixed sex ,NA
472,KS4_25,TAVENT_GHI_PTQ_EE,Average number of GCSE entries per pupil with high prior attainment,A5-KS4,Private Ages 10 to 19 Mixed sex ,NA
473,KS4_25,TAVENT_GFSM6CLA1A_PTQ_EE,Average number of GCSE entries per disadvantaged pupil,A5-KS4,Private Ages 10 to 19 Mixed sex ,NP
474,KS4_25,TAVENT_GNFSM6CLA1A_PTQ_EE,Average number of GCSE entries per non-disadvantaged pupil,A5-KS4,Private Ages 10 to 19 Mixed sex ,NP
475,KS4_25,TTOTENT_E_TOTAL_PTQ_EE,Total volume of entries without discounting,A5-KS4,Private Ages 10 to 19 Mixed sex ,338
476,KS4_25,TTOTENT_E_COVID_IMPACTED_PTQ_EE,Total volume of covid-impacted entries without discounting,A5-KS4,Private Ages 10 to 19 Mixed sex ,0
477,KS4_25,PTOTENT_E_COVID_IMPACTED_PTQ_EE,% of covid-impacted entries out of total number of entries,A5-KS4-EBacc,Private Ages 10 to 19 Mixed sex ,0%
478,KS4_25,P8_BANDING,Progress 8 banding shown on school performance tables website,A5-KS4-Progress8,Private Ages 10 to 19 Mixed sex ,
480,KS4_25,EBACCAPS_PREV,Average EBacc APS score per pupil in 2024,A5-KS4-EBacc,Private Ages 10 to 19 Mixed sex ,0.81
481,KS4_25,EBACCAPS_PREV2,Average EBacc APS score per pupil in 2023,A5-KS4-EBacc,Private Ages 10 to 19 Mixed sex ,1.58
482,KS4_25,EBACCAPS_FSM6CLA1A_PREV,Average EBacc APS score per disadvantaged pupil in 2024,A5-KS4-EBacc,Private Ages 10 to 19 Mixed sex ,NP
483,KS4_25,EBACCAPS_FSM6CLA1A_PREV2,Average EBacc APS score per disadvantaged pupil in 2023,A5-KS4-EBacc,Private Ages 10 to 19 Mixed sex ,NP
484,KS4_25,EBACCAPS_NFSM6CLA1A_PREV,Average EBacc APS score per non-disadvantaged pupil in 2024,A5-KS4-EBacc,Private Ages 10 to 19 Mixed sex ,NP
485,KS4_25,EBACCAPS_NFSM6CLA1A_PREV2,Average EBacc APS score per non-disadvantaged pupil in 2023,A5-KS4-EBacc,Private Ages 10 to 19 Mixed sex ,NP
486,KS4_25,ATT8SCR_PREV,Average Attainment 8 score per pupil - 2024,A5-KS4-Attainment8,Private Ages 10 to 19 Mixed sex ,16.8
487,KS4_25,ATT8SCR_PREV2,Average Attainment 8 score per pupil  - 2023,A5-KS4-Attainment8,Private Ages 10 to 19 Mixed sex ,20.8
488,KS4_25,P8PUP_PREV,Number of pupils in progress measure - 2024,A5-KS4-Progress8,Private Ages 10 to 19 Mixed sex ,NP
489,KS4_25,P8PUP_PREV2,Number of pupils in progress measure - 2023,A5-KS4-Progress8,Private Ages 10 to 19 Mixed sex ,NP
490,KS4_25,P8MEA_PREV,Progress 8 measure - 2024,A5-KS4-Progress8,Private Ages 10 to 19 Mixed sex ,NP
491,KS4_25,P8MEA_PREV2,Progress 8 measure - 2023,A5-KS4-Progress8,Private Ages 10 to 19 Mixed sex ,NP
492,KS4_25,P8CILOW_PREV,Progress 8 lower 95% confidence interval - 2024,A5-KS4-Progress8,Private Ages 10 to 19 Mixed sex ,NP
493,KS4_25,P8CILOW_PREV2,Progress 8 lower 95% confidence interval - 2023,A5-KS4-Progress8,Private Ages 10 to 19 Mixed sex ,NP
494,KS4_25,P8CIUPP_PREV,Progress 8 upper 95% confidence interval - 2024,A5-KS4-Progress8,Private Ages 10 to 19 Mixed sex ,NP
495,KS4_25,P8CIUPP_PREV2,Progress 8 upper 95% confidence interval - 2023,A5-KS4-Progress8,Private Ages 10 to 19 Mixed sex ,NP
496,KS4_25,ATT8SCR_FSM6CLA1A_PREV,Average Attainment 8 score per disadvantaged pupil - 2024,A5-KS4-Attainment8,Private Ages 10 to 19 Mixed sex ,NP
497,KS4_25,ATT8SCR_FSM6CLA1A_PREV2,Average Attainment 8 score per disadvantaged pupil - 2023,A5-KS4-Attainment8,Private Ages 10 to 19 Mixed sex ,NP
498,KS4_25,ATT8SCR_NFSM6CLA1A_PREV,Average Attainment 8 score per non-disadvantaged pupil  - 2024,A5-KS4-Attainment8,Private Ages 10 to 19 Mixed sex ,NP
499,KS4_25,ATT8SCR_NFSM6CLA1A_PREV2,Average Attainment 8 score per non-disadvantaged pupil - 2023,A5-KS4-Attainment8,Private Ages 10 to 19 Mixed sex ,NP
500,KS4_25,PTEBACC_E_PTQ_EE_PREV,% of  pupils entering all English Baccalaureate subject areas in 2024,A5-KS4-EBacc,Private Ages 10 to 19 Mixed sex ,0.00%
501,KS4_25,PTEBACC_E_PTQ_EE_PREV2,% of pupils entering all English Baccalaureate subject areas in 2023,A5-KS4-EBacc,Private Ages 10 to 19 Mixed sex ,0.00%
502,KS4_25,PTEBACC_94_PREV,% of KS4 pupils achieving the Ebacc - with standard 9-4 passes in English and maths in 2024,A5-KS4-EBacc,Private Ages 10 to 19 Mixed sex ,0.00%
503,KS4_25,PTEBACC_94_PREV2,% of KS4 pupils achieving the Ebacc - with standard 9-4 passes in English and maths in 2023,A5-KS4-EBacc,Private Ages 10 to 19 Mixed sex ,0.00%
504,KS4_25,PTEBACC_95_PREV,% of KS4 pupils achieving the Ebacc - with strong 9-5 passes in English and maths in 2024,A5-KS4-EBacc,Private Ages 10 to 19 Mixed sex ,0.00%
505,KS4_25,PTEBACC_95_PREV2,% of KS4 pupils achieving the Ebacc - with strong 9-5 passes in English and maths in 2023,A5-KS4-EBacc,Private Ages 10 to 19 Mixed sex ,0.00%
506,KS4_25,PTEBACC_EFSM6CLA1A_PTQ_EE_PREV,% of disadvantaged pupils entering all English Baccalaureate subject areas in 2024,A5-KS4-EBacc,Private Ages 10 to 19 Mixed sex ,NP
507,KS4_25,PTEBACC_EFSM6CLA1A_PTQ_EE_PREV2,% of disadvantaged pupils entering all English Baccalaureate subject areas in 2023,A5-KS4-EBacc,Private Ages 10 to 19 Mixed sex ,NP
508,KS4_25,PTEBACC_94_FSM6CLA1A_PREV,% of disadvantaged pupils achieving the English Baccalaureate including 9-4 passes in English and maths in 2024,A5-KS4-EBacc,Private Ages 10 to 19 Mixed sex ,NP
509,KS4_25,PTEBACC_94_FSM6CLA1A_PREV2,% of disadvantaged pupils achieving the English Baccalaureate at grades 9-4 in 2023,A5-KS4-EBacc,Private Ages 10 to 19 Mixed sex ,NP
510,KS4_25,PTEBACC_95_FSM6CLA1A_PREV,% of disadvantaged pupils achieving the English Baccalaureate including 9-5 passes in English and maths in 2024,A5-KS4-EBacc,Private Ages 10 to 19 Mixed sex ,NP
511,KS4_25,PTEBACC_95_FSM6CLA1A_PREV2,% of disadvantaged pupils achieving the English Baccalaureate at grades 9-5 in 2023,A5-KS4-EBacc,Private Ages 10 to 19 Mixed sex ,NP
512,KS4_25,PTEBACC_ENFSM6CLA1A_PTQ_EE_PREV,% of non-disadvantaged pupils entering all English Baccalaureate subject areas in 2024,A5-KS4-EBacc,Private Ages 10 to 19 Mixed sex ,NP
513,KS4_25,PTEBACC_ENFSM6CLA1A_PTQ_EE_PREV2,% of non-disadvantaged pupils entering all English Baccalaureate subject areas in 2023,A5-KS4-EBacc,Private Ages 10 to 19 Mixed sex ,NP
514,KS4_25,PTEBACC_94_NFSM6CLA1A_PREV,% of non-disadvantaged pupils achieving the English Baccalaureate including 9-4 passes in English and maths in 2024,A5-KS4-EBacc,Private Ages 10 to 19 Mixed sex ,NP
515,KS4_25,PTEBACC_94_NFSM6CLA1A_PREV2,% of non-disadvantaged pupils achieving the English Baccalaureate at grade 9-4 in 2023,A5-KS4-EBacc,Private Ages 10 to 19 Mixed sex ,NP
516,KS4_25,PTEBACC_95_NFSM6CLA1A_PREV,% of non-disadvantaged pupils achieving the English Baccalaureate including 9-5 passes in English and maths in 2024,A5-KS4-EBacc,Private Ages 10 to 19 Mixed sex ,NP
517,KS4_25,PTEBACC_95_NFSM6CLA1A_PREV2,% of non-disadvantaged pupils achieving the English Baccalaureate at grade 9-5 in 2023,A5-KS4-EBacc,Private Ages 10 to 19 Mixed sex ,NP
518,KS4_25,PT5EM_94_PREV,% of pupils achieving Level 2 threshold including standard passes 9-4 in both English and Maths GCSEs in 2024,A5-KS4-Grades,Private Ages 10 to 19 Mixed sex ,0.00%
519,KS4_25,PT5EM_94_PREV2,% of pupils achieving Level 2 threshold including standard passes 9-4 in both English and Maths GCSEs in 2023,A5-KS4-Grades,Private Ages 10 to 19 Mixed sex ,0.00%
520,KS4_25,PTL2BASICS_94_PREV,% of pupils achieving 9-4 passes in GCSE English and maths in 2024,A5-KS4-Grades,Private Ages 10 to 19 Mixed sex ,0.00%
521,KS4_25,PTL2BASICS_94_PREV2,% of pupils achieving 9-4 passes in GCSE English and maths in 2023,A5-KS4-Grades,Private Ages 10 to 19 Mixed sex ,0.00%
522,KS4_25,PTL2BASICS_95_PREV,% of pupils achieving 9-5 passes in GCSE English and maths in 2024,A5-KS4-Grades,Private Ages 10 to 19 Mixed sex ,0.00%
523,KS4_25,PTL2BASICS_95_PREV2,% of pupils achieving 9-5 passes in GCSE English and maths in 2023,A5-KS4-Grades,Private Ages 10 to 19 Mixed sex ,0.00%
524,KS4_25,PTFSM6CLA1ABASICS_94_PREV,% of disadvantaged pupils achieving 9-4 passes in GCSE English and maths in 2024,A5-KS4-Grades,Private Ages 10 to 19 Mixed sex ,NP
525,KS4_25,PTFSM6CLA1ABASICS_94_PREV2,% of disadvantaged pupils achieving 9-4 in GCSE English and maths in 2023,A5-KS4-Grades,Private Ages 10 to 19 Mixed sex ,NP
526,KS4_25,PTFSM6CLA1ABASICS_95_PREV,% of disadvantaged pupils achieving 9-5 passes in GCSE English and maths in 2024,A5-KS4-Grades,Private Ages 10 to 19 Mixed sex ,NP
527,KS4_25,PTFSM6CLA1ABASICS_95_PREV2,% of disadvantaged pupils achieving 9-5 passes in GCSE English and maths in 2023,A5-KS4-Grades,Private Ages 10 to 19 Mixed sex ,NP
528,KS4_25,PTNOTFSM6CLA1ABASICS_94_PREV,% of non-disadvantaged pupils achieving 9-4 passes in GCSE English and maths in 2024,A5-KS4-Grades,Private Ages 10 to 19 Mixed sex ,NP
529,KS4_25,PTNOTFSM6CLA1ABASICS_94_PREV2,% of non-disadvantaged pupils achieving 9-4 passes in GCSE English and maths in 2023,A5-KS4-Grades,Private Ages 10 to 19 Mixed sex ,NP
530,KS4_25,PTNOTFSM6CLA1ABASICS_95_PREV,% of non-disadvantaged pupils achieving 9-5 passes in GCSE English and maths in 2024,A5-KS4-Grades,Private Ages 10 to 19 Mixed sex ,NP
531,KS4_25,PTNOTFSM6CLA1ABASICS_95_PREV2,% of non-disadvantaged pupils achieving 9-5 passes in GCSE English and maths in 2023,A5-KS4-Grades,Private Ages 10 to 19 Mixed sex ,NP
532,KS4_25,TFSM6CLA1A_PREV,Number of disadvantaged pupils in 2024,A5-KS4-Cohort,Private Ages 10 to 19 Mixed sex ,NP
533,KS4_25,TFSM6CLA1A_PREV2,Number of disadvantaged pupils at the end of key stage 4 in 2023,A5-KS4-Cohort,Private Ages 10 to 19 Mixed sex ,NP
534,KS4_25,PTFSM6CLA1A_PREV,% of pupils who were disadvantaged in 2024,A5-KS4,Private Ages 10 to 19 Mixed sex ,NP
535,KS4_25,PTFSM6CLA1A_PREV2,% of pupils at the end of key stage 4 who were disadvantaged in 2023,A5-KS4,Private Ages 10 to 19 Mixed sex ,NP
536,KS4_25,TNOTFSM6CLA1A_PREV,Number of non-disadvantaged pupils in 2024,A5-KS4-Cohort,Private Ages 10 to 19 Mixed sex ,NP
537,KS4_25,TNOTFSM6CLA1A_PREV2,Number of non-disadvantaged pupils at the end of key stage 4 in 2023,A5-KS4-Cohort,Private Ages 10 to 19 Mixed sex ,NP
538,KS4_25,PTNOTFSM6CLA1A_PREV,% of pupils who were not disadvantaged in 2024,A5-KS4,Private Ages 10 to 19 Mixed sex ,NP
539,KS4_25,PTNOTFSM6CLA1A_PREV2,% of pupils at the end of key stage 4 who were not disadvantaged in 2023,A5-KS4,Private Ages 10 to 19 Mixed sex ,NP
540,KS4_25,TAVENT_E_3NG_FSM6CLA1A_PTQ_EE_PREV,Average number of KS4 entries per disadvantaged pupil in 2024,A5-KS4,Private Ages 10 to 19 Mixed sex ,NP
541,KS4_25,TAVENT_E_3NG_FSM6CLA1A_PTQ_EE_PREV2,Average number of KS4 entries per disadvantaged pupil in 2023,A5-KS4,Private Ages 10 to 19 Mixed sex ,NP
542,KS4_25,TAVENT_E_3NG_NFSM6CLA1A_PTQ_EE_PREV,Average number of KS4 entries per non-disadvantaged pupil in 2024,A5-KS4,Private Ages 10 to 19 Mixed sex ,NP
543,KS4_25,TAVENT_E_3NG_NFSM6CLA1A_PTQ_EE_PREV2,Average number of KS4 entries per non-disadvantaged pupil in 2023,A5-KS4,Private Ages 10 to 19 Mixed sex ,NP
544,KS4_25,TAVENT_GFSM6CLA1A_PTQ_EE_PREV,Average number of GCSE entries per disadvantaged pupil in 2024,A5-KS4,Private Ages 10 to 19 Mixed sex ,NP
545,KS4_25,TAVENT_GFSM6CLA1A_PTQ_EE_PREV2,Average number of GCSE entries per disadvantaged pupil in 2023,A5-KS4,Private Ages 10 to 19 Mixed sex ,NP
546,KS4_25,TAVENT_GNFSM6CLA1A_PTQ_EE_PREV,Average number of GCSE entries per non-disadvantaged pupil in 2024,A5-KS4,Private Ages 10 to 19 Mixed sex ,NP
547,KS4_25,TAVENT_GNFSM6CLA1A_PTQ_EE_PREV2,Average number of GCSE entries per non-disadvantaged pupil in 2023,A5-KS4,Private Ages 10 to 19 Mixed sex ,NP
548,KS4_25,EDITION,,A5-KS4,Private Ages 10 to 19 Mixed sex ,Final
549,KS4_25,TPUP_PREV,,A5-KS4-Cohort,Private Ages 10 to 19 Mixed sex ,151
550,KS4_25,P8_BANDING_PREV,,A5-KS4-Progress8,Private Ages 10 to 19 Mixed sex ,
552,KS4_25,TPUP_PREV2,,A5-KS4-Cohort,Private Ages 10 to 19 Mixed sex ,166
553,KS4_25,P8_BANDING_PREV2,,A5-KS4-Progress8,Private Ages 10 to 19 Mixed sex ,
555,KS5_25,YEAR,,A5-KS5,Private Ages 10 to 19 Mixed sex ,2025
556,KS5_25,RECTYPE,Record type: 1= school or college; 3= sixth form centre/consortium (see separate list of the sixth form centres and consortia and their feeder schools and colleges); 4= Local Authority; 5= National (all schools and colleges); 7= National (state-funded schools and colleges),A5-KS5,Private Ages 10 to 19 Mixed sex ,1
557,KS5_25,ALPHAIND,Alphabetic index,A5-KS5,Private Ages 10 to 19 Mixed sex ,10934
558,KS5_25,REGION,Region code (see separate list of region and local authority codes),A5-KS5,Private Ages 10 to 19 Mixed sex ,38
559,KS5_25,LASORT,Local authority sort code within region,A5-KS5,Private Ages 10 to 19 Mixed sex ,1
560,KS5_25,LEA,LA number,A5-KS5,Private Ages 10 to 19 Mixed sex ,936
561,KS5_25,ESTAB,Establishment number,A5-KS5,Private Ages 10 to 19 Mixed sex ,6538
562,KS5_25,URN,Unique Reference Number of establishment,A5-KS5,Private Ages 10 to 19 Mixed sex ,125427
563,KS5_25,PCON_CODE,School parliamentary constituency code,A5-KS5,Private Ages 10 to 19 Mixed sex ,E14001215
564,KS5_25,PCON_NAME,School parliamentary constituency name,A5-KS5,Private Ages 10 to 19 Mixed sex ,East Surrey
565,KS5_25,SCHNAME_AC,Name of converter academy,A5-KS5,Private Ages 10 to 19 Mixed sex ,
566,KS5_25,SCHNAME,School/college name,A5-KS5,Private Ages 10 to 19 Mixed sex ,Caterham School
567,KS5_25,ADDRESS1,School/college address (1),A5-KS5,Private Ages 10 to 19 Mixed sex ,Harestone Valley Road
568,KS5_25,ADDRESS2,School/college address (2),A5-KS5,Private Ages 10 to 19 Mixed sex ,
569,KS5_25,ADDRESS3,School/college address (3),A5-KS5,Private Ages 10 to 19 Mixed sex ,
570,KS5_25,TOWN,Town where school/college is located,A5-KS5,Private Ages 10 to 19 Mixed sex ,Caterham
571,KS5_25,PCODE,School/college postcode,A5-KS5,Private Ages 10 to 19 Mixed sex ,CR3 6YA
572,KS5_25,TELNUM,School/college telephone number,A5-KS5,Private Ages 10 to 19 Mixed sex ,1883343028
573,KS5_25,CONTFLAG,Contingency flag: results significantly affected: 0= not significantly affected; 1= significantly affected,A5-KS5,Private Ages 10 to 19 Mixed sex ,0
574,KS5_25,NFTYPE/FESITYPE,School type/FE college type,A5-KS5,Private Ages 10 to 19 Mixed sex ,IND
575,KS5_25,RELDENOM,Religious character,A5-KS5,Private Ages 10 to 19 Mixed sex ,Christian
576,KS5_25,ADMPOL,Admissions policy,A5-KS5,Private Ages 10 to 19 Mixed sex ,
577,KS5_25,ADMPOL_PT,Admissions policy - new definition from 2019 onwards,A5-KS5,Private Ages 10 to 19 Mixed sex ,NA
578,KS5_25,GEND1618,"Gender of sixth form: girls,A5-KS5,,Private Ages 10 to 19 Mixed sex ,MIXED
579,KS5_25,FEEDER,Indicates whether a school/college is a feeder school/college for sixth form centre or consortium:0= not a feeder school/college; 1= feeder school/college,A5-KS5,Private Ages 10 to 19 Mixed sex ,0
580,KS5_25,AGERANGE,Age range,A5-KS5,Private Ages 10 to 19 Mixed sex ,Oct to 19
581,KS5_25,ICLOSE,Closed school/college flag: 0= open; 1= closed,A5-KS5,Private Ages 10 to 19 Mixed sex ,0
582,KS5_25,TABKS2,Indicates if a school is published in the primary school (Key Stage 2) performance tables:0= No; 1= Yes,A5-KS5,Private Ages 10 to 19 Mixed sex ,
583,KS5_25,TAB15,Indicates if a school or college is published in the secondary school (Key Stage 4) performance tables: 0= No; 1= Yes,A5-KS5,Private Ages 10 to 19 Mixed sex ,
584,KS5_25,CONFEXAM,Indicates if a school or college has confirmed their results:blank/null= confirmed; R= not confirmed,A5-KS5,Private Ages 10 to 19 Mixed sex ,R
585,KS5_25,DUMMY,Dummy field,A5-KS5,Private Ages 10 to 19 Mixed sex ,
586,KS5_25,TPUP1618,Number of 16-18 year old students in sixth form,A5-KS5,Private Ages 10 to 19 Mixed sex ,393
587,KS5_25,TALLPUP_1618,Number of students aged 16-18 at the end of 16-18 study (includes students who entered for advanced level 3 qualifications or below-level 3 qualifications),A5-KS5-Attainment,Private Ages 10 to 19 Mixed sex ,176
588,KS5_25,TALLPUP_ALEV_1618,Number of students at the end of 16-18 study who entered for at least one AS or A level qualification,A5-KS5-Attainment,Private Ages 10 to 19 Mixed sex ,176
589,KS5_25,TALLPPE_ALEV_1618,Average point score per A level entry,A5-KS5-Attainment,Private Ages 10 to 19 Mixed sex ,48.16
590,KS5_25,TALLPPEGRD_ALEV_1618,Average point score per A level entry expressed as a grade,A5-KS5-Attainment,Private Ages 10 to 19 Mixed sex ,A-
591,KS5_25,TINCLUDE_B3,Number of students included in the best 3 A levels measure,A5-KS5-Attainment,Private Ages 10 to 19 Mixed sex ,149
592,KS5_25,TB3PTSE,Average point score in best 3 A level entries,A5-KS5-Attainment,Private Ages 10 to 19 Mixed sex ,48.46
593,KS5_25,TB3PTSE_GRD,Average point score in best 3 A level entries expressed as a grade,A5-KS5-Attainment,Private Ages 10 to 19 Mixed sex ,A
594,KS5_25,TINCLUDE_AAB_2FAC,Number of students included in AAB in 2 facilitating subjects measure,A5-KS5-Attainment,Private Ages 10 to 19 Mixed sex ,149
595,KS5_25,PTAAB_2FAC,"Percentage of A level students achieving at least three levels at grades AAB or better,A5-KS5-Facilitating,,Private Ages 10 to 19 Mixed sex ,49.00%
596,KS5_25,TALLPUP_ACAD_1618,Number of students at the end of 16-18 study who entered for at least one advanced (level 3) academic qualification,A5-KS5-Academic,Private Ages 10 to 19 Mixed sex ,176
597,KS5_25,TALLPPE_ACAD_1618,Average point score per academic entry,A5-KS5-Academic,Private Ages 10 to 19 Mixed sex ,48.18
598,KS5_25,TALLPPEGRD_ACAD_1618,Average point score per academic entry expressed as a grade,A5-KS5-Academic,Private Ages 10 to 19 Mixed sex ,A-
599,KS5_25,TALLPUP_AGEN,Number of students at the end of 16-18 study who entered for ant least one applied general qualification,A5-KS5-Applied,Private Ages 10 to 19 Mixed sex ,NE
600,KS5_25,TALLPPE_AGEN,Average point score per applied general entry,A5-KS5-Applied,Private Ages 10 to 19 Mixed sex ,NE
601,KS5_25,TALLPPEGRD_AGEN,Average point score per applied general entry expressed as a grade,A5-KS5-Applied,Private Ages 10 to 19 Mixed sex ,NE
602,KS5_25,TALLPUP_TLEV,Number of students at the end of 16-18 study who entered for at least one tech level qualification,A5-KS5-TLevels,Private Ages 10 to 19 Mixed sex ,NE
603,KS5_25,TALLPPE_TLEV,Average point score per tech level entry,A5-KS5-TLevels,Private Ages 10 to 19 Mixed sex ,NE
604,KS5_25,TALLPPEGRD_TLEV,Average point score per tech level entry expressed as a grade,A5-KS5-TLevels,Private Ages 10 to 19 Mixed sex ,NE
605,KS5_25,TALLPUP_TLEVDENOM,Number of trigger students for 'level 3 vocational quals' - ignoring discounting and applied general,A5-KS5-TLevels,Private Ages 10 to 19 Mixed sex ,NE
606,KS5_25,TLEV_PER,Proportion of level 3 vocational students that are tech level students,A5-KS5-Attainment,Private Ages 10 to 19 Mixed sex ,NE
607,KS5_25,TALLPUP_AGENDENOM,Number of trigger students for 'level 3 vocational quals' - ignoring discounting and tech levels,A5-KS5-Applied,Private Ages 10 to 19 Mixed sex ,NE
608,KS5_25,AGEN_PER,Proportion of level 3 vocational students that are applied general students,A5-KS5-Attainment,Private Ages 10 to 19 Mixed sex ,NE
609,KS5_25,T_SCOPEEX_E,Number of students at the end of 16-18 study included in the English progress measure,A5-KS5-Attainment,Private Ages 10 to 19 Mixed sex ,NE
610,KS5_25,PROGEX_E,Average progress made in English,A5-KS5-Attainment,Private Ages 10 to 19 Mixed sex ,NE
611,KS5_25,ENTRY_PER_E,Proportion of students eligible for English progress measures entered for approved exams,A5-KS5-Attainment,Private Ages 10 to 19 Mixed sex ,NE
612,KS5_25,T_SCOPEEX_M,Number of students at the end of 16-18 study included in the maths progress measure,A5-KS5-Attainment,Private Ages 10 to 19 Mixed sex ,NE
613,KS5_25,PROGEX_M,Average progress made in maths,A5-KS5-Attainment,Private Ages 10 to 19 Mixed sex ,NE
614,KS5_25,ENTRY_PER_M,Proportion of students eligible for maths progress measures entered for approved exams,A5-KS5-Attainment,Private Ages 10 to 19 Mixed sex ,NE
615,KS5_25,TALLPUP_SCOPE_L3M,Number of students in scope for level 3 maths measure,A5-KS5-Facilitating,Private Ages 10 to 19 Mixed sex ,160
616,KS5_25,L3M_PER,Percentage of students in scope for the level 3 maths measure who achieved approved a level 3 maths qualification,A5-KS5-Facilitating,Private Ages 10 to 19 Mixed sex ,50.60%
617,KS5_25,T_INSCOPE_ALEV_RET,Number of students at the end of 16-18 study with an A level core aim,A5-KS5,Private Ages 10 to 19 Mixed sex ,NA
618,KS5_25,PT_RETAINED_ALEV_RET,Percentage of A level core aims retained,A5-KS5-Facilitating,Private Ages 10 to 19 Mixed sex ,NA
619,KS5_25,PT_RET_ASSESSED_ALEV,Percentage of A Level core aims retained and assessed,A5-KS5,Private Ages 10 to 19 Mixed sex ,NA
620,KS5_25,T_INSCOPE_ALEV_2NDYR,Number of students in scope for returned and retained for a second year where core aim is an A Level,A5-KS5,Private Ages 10 to 19 Mixed sex ,NA
621,KS5_25,PT_RETAINED_ALEV_2NDYR,Percentage of students who were retained for a second year with an A Level programme core aim,A5-KS5-Facilitating,Private Ages 10 to 19 Mixed sex ,NA
622,KS5_25,T_INSCOPE_ACAD_RET,Number of students at the end of 16-18 study with an academic core aim,A5-KS5,Private Ages 10 to 19 Mixed sex ,NA
623,KS5_25,PT_RETAINED_ACAD_RET,Percentage of academic core aims retained,A5-KS5-Facilitating,Private Ages 10 to 19 Mixed sex ,NA
624,KS5_25,PT_RET_ASSESSED_ACAD,Percentage of academic core aims retained and assessed,A5-KS5,Private Ages 10 to 19 Mixed sex ,NA
625,KS5_25,T_INSCOPE_ACAD_2NDYR,Number of students in scope for returned and retained for a second year where core aim is an academic qualification,A5-KS5,Private Ages 10 to 19 Mixed sex ,NA
626,KS5_25,PT_RETAINED_ACAD_2NDYR,Percentage of students who were retained for a second year with an academic core aim,A5-KS5-Facilitating,Private Ages 10 to 19 Mixed sex ,NA
627,KS5_25,T_INSCOPE_AGEN_RET,Number of students at the end of 16-18 study with an applied general core aim,A5-KS5,Private Ages 10 to 19 Mixed sex ,NA
628,KS5_25,PT_RETAINED_AGEN_RET,Percentage of applied general core aims retained,A5-KS5-Facilitating,Private Ages 10 to 19 Mixed sex ,NA
629,KS5_25,PT_RET_ASSESSED_AGEN,Percentage of applied general core aims retained and assessed,A5-KS5,Private Ages 10 to 19 Mixed sex ,NA
630,KS5_25,T_INSCOPE_AGEN_2NDYR,Number of students In scope for returned and retained for a second year where core aim is an applied general qualification,A5-KS5,Private Ages 10 to 19 Mixed sex ,NA
631,KS5_25,PT_RETAINED_AGEN_2NDYR,Percentage of students who were retained for a second year with an applied general core aim,A5-KS5-Facilitating,Private Ages 10 to 19 Mixed sex ,NA
632,KS5_25,T_INSCOPE_TLEV_RET,Number of students at the end of 16-18 study with a tech level core aim,A5-KS5,Private Ages 10 to 19 Mixed sex ,NA
633,KS5_25,PT_RETAINED_TLEV_RET,Percentage of tech level core aims retained,A5-KS5-Facilitating,Private Ages 10 to 19 Mixed sex ,NA
634,KS5_25,PT_RET_ASSESSED_TLEV,Percentage of tech level core aims retained and assessed,A5-KS5,Private Ages 10 to 19 Mixed sex ,NA
635,KS5_25,T_INSCOPE_TLEV_2NDYR,Number of students in scope for returned and retained for a second year measure where core aim is a tech level qualification,A5-KS5,Private Ages 10 to 19 Mixed sex ,NA
636,KS5_25,PT_RETAINED_TLEV_2NDYR,Percentage of students who were retained for a second year with a tech level core aim,A5-KS5-Facilitating,Private Ages 10 to 19 Mixed sex ,NA
637,KS5_25,TALLPUP_TECHCERT,Number of students at the end of 16-18 study who were entered for at least one technical certificate qualification,A5-KS5-Tech,Private Ages 10 to 19 Mixed sex ,NE
638,KS5_25,TALLPPE_TECHCERT,Average point score per technical certificate entry,A5-KS5-Tech,Private Ages 10 to 19 Mixed sex ,NE
639,KS5_25,TALLPPEGRD_TECHCERT,Average point score per technical certificate entry expressed as a grade,A5-KS5-Tech,Private Ages 10 to 19 Mixed sex ,NE
640,KS5_25,T_INSCOPE_TECHCERT_RET,Number of students in scope for retention measure where core aim is a tech cert programme,A5-KS5,Private Ages 10 to 19 Mixed sex ,NA
641,KS5_25,PT_RETAINED_TECHCERT_RET,Percentage of technical certificate core aims retained,A5-KS5-Facilitating,Private Ages 10 to 19 Mixed sex ,NA
642,KS5_25,PT_RET_ASSESSED_TECHCERT,Percentage of technical certificate core aims retained and assessed,A5-KS5,Private Ages 10 to 19 Mixed sex ,NA
643,KS5_25,TALLPUP_ANYL2VOC,"Number of students entered for at least one level 2 vocational,A5-KS5-Facilitating,,Private Ages 10 to 19 Mixed sex ,NE
644,KS5_25,TECHCERT_PER,Percentage of level 2 vocational students that are technical certificate students,A5-KS5-Attainment,Private Ages 10 to 19 Mixed sex ,NE
645,KS5_25,TALLPUP_1618_DIS,Number of disadvantaged students aged 16-18 at the end of 16-18 study (includes students who entered for advanced level 3 qualifications or below-level 3 qualifications),A5-KS5-Attainment,Private Ages 10 to 19 Mixed sex ,NA
646,KS5_25,TALLPUP_ALEV_1618_DIS,Number of disadvantaged students at the end of 16-18 study who entered for at least one AS or A level qualification,A5-KS5-Disadvantaged,Private Ages 10 to 19 Mixed sex ,NA
647,KS5_25,TALLPPE_ALEV_1618_DIS,Average point score per A level entry for disadvantaged students,A5-KS5-Attainment,Private Ages 10 to 19 Mixed sex ,NA
648,KS5_25,TALLPPEGRD_ALEV_DIS,Average point score per A level entry for disadvantaged students expressed as a grade,A5-KS5-Attainment,Private Ages 10 to 19 Mixed sex ,NA
649,KS5_25,TALLPUP_ACAD_1618_DIS,Number of disadvantaged students at the end of 16-18 study who entered for at least one advanced (level 3) academic qualification,A5-KS5-Academic,Private Ages 10 to 19 Mixed sex ,NA
650,KS5_25,TALLPPE_ACAD_1618_DIS,Average point score per academic entry for disadvantaged students,A5-KS5-Academic,Private Ages 10 to 19 Mixed sex ,NA
651,KS5_25,TALLPPEGRD_ACAD_DIS,Average point score per academic entry for disadvantaged students expressed as a grade,A5-KS5-Academic,Private Ages 10 to 19 Mixed sex ,NA
652,KS5_25,TALLPUP_AGEN_DIS,Number of disadvantaged students at the end of 16-18 study who entered for at least one applied general exam entry,A5-KS5-Applied,Private Ages 10 to 19 Mixed sex ,NA
653,KS5_25,TALLPPE_AGEN_DIS,Average point score per applied general entry for disadvantaged students,A5-KS5-Applied,Private Ages 10 to 19 Mixed sex ,NA
654,KS5_25,TALLPPEGRD_AGEN_DIS,Average point score per applied general entry expressed as a grade for disadvantaged students,A5-KS5-Applied,Private Ages 10 to 19 Mixed sex ,NA
655,KS5_25,TALLPUP_TLEV_DIS,Number of disadvantaged students at the end of 16-18 study who entered for at least one tech level exam entry,A5-KS5-TLevels,Private Ages 10 to 19 Mixed sex ,NA
656,KS5_25,TALLPPE_TLEV_DIS,Average point score per tech level entry for disadvantaged students,A5-KS5-TLevels,Private Ages 10 to 19 Mixed sex ,NA
657,KS5_25,TALLPPEGRD_TLEV_DIS,Average point score per tech level entry expressed as a grade for disadvantaged students,A5-KS5-TLevels,Private Ages 10 to 19 Mixed sex ,NA
658,KS5_25,T_SCOPEEX_E_DIS,Number of disadvantaged students at the end of 16-18 study in scope for English progress measure,A5-KS5-Attainment,Private Ages 10 to 19 Mixed sex ,NA
659,KS5_25,PROGEX_E_DIS,Average progress made in English by disadvantaged students,A5-KS5-Attainment,Private Ages 10 to 19 Mixed sex ,NA
660,KS5_25,T_SCOPEEX_M_DIS,Number of disadvantaged students at the end of 16-18 study in scope for maths progress measure,A5-KS5-Attainment,Private Ages 10 to 19 Mixed sex ,NA
661,KS5_25,PROGEX_M_DIS,Average progress made in maths by disadvantaged students,A5-KS5-Attainment,Private Ages 10 to 19 Mixed sex ,NA
662,KS5_25,T_INSCOPE_ALEV_RET_DIS,Number of disadvantaged students in scope for retention measure where core aim is an A level qualification,A5-KS5,Private Ages 10 to 19 Mixed sex ,NA
663,KS5_25,PT_RETAINED_ALEV_RET_DIS,Percentage of disadvantaged students who completed an A level core aim for retention measure,A5-KS5-Facilitating,Private Ages 10 to 19 Mixed sex ,NA
664,KS5_25,T_INSCOPE_ACAD_RET_DIS,Number of disadvantaged students in scope for retention measure where core aim is an academic qualification,A5-KS5,Private Ages 10 to 19 Mixed sex ,NA
665,KS5_25,PT_RETAINED_ACAD_RET_DIS,Percentage of disadvantaged students who completed an academic core aim for retention measure,A5-KS5-Facilitating,Private Ages 10 to 19 Mixed sex ,NA
666,KS5_25,T_INSCOPE_AGEN_RET_DIS,Number of disadvantaged students in scope for retention measure where core aim is an applied general qualification,A5-KS5,Private Ages 10 to 19 Mixed sex ,NA
667,KS5_25,PT_RETAINED_AGEN_RET_DIS,Percentage of disadvantaged students who completed an applied general core aim for retention measure,A5-KS5-Facilitating,Private Ages 10 to 19 Mixed sex ,NA
668,KS5_25,T_INSCOPE_TLEV_RET_DIS,Number of disadvantaged students in scope for retention measure where core aim is a tech level qualification,A5-KS5,Private Ages 10 to 19 Mixed sex ,NA
669,KS5_25,PT_RETAINED_TLEV_RET_DIS,Percentage of disadvantaged students who completed a tech level core aim for retention measure,A5-KS5-Facilitating,Private Ages 10 to 19 Mixed sex ,NA
670,KS5_25,TALLPUP_TECHCERT_DIS,Number of disadvantaged students at the end of 16-18 study entered for at least one technical certificate qualification,A5-KS5-Tech,Private Ages 10 to 19 Mixed sex ,NA
671,KS5_25,TALLPPE_TECHCERT_DIS,Average point score per technical certificate entry for disadvantaged students,A5-KS5-Tech,Private Ages 10 to 19 Mixed sex ,NA
672,KS5_25,TALLPPEGRD_TECHCERT_DIS,Average point score per technical certificate entry expressed as a grade for disadvantaged students,A5-KS5-Tech,Private Ages 10 to 19 Mixed sex ,NA
673,KS5_25,T_INSCOPE_TECHCERT_RET_DIS,Number of disadvantaged students in scope for retention measure where core aim is a technical certificate programme,A5-KS5,Private Ages 10 to 19 Mixed sex ,NA
674,KS5_25,PT_RETAINED_TECHCERT_RET_DIS,Percentage of disadvantaged students who completed a technical certificate core aim for retention measure,A5-KS5-Facilitating,Private Ages 10 to 19 Mixed sex ,NA
675,KS5_25,TALLPUP_1618_NOTDIS,Number of non-disadvantaged students aged 16-18 at the end of 16-18 study (includes students who entered for advanced level 3 qualifications or below-level 3 qualifications),A5-KS5-Attainment,Private Ages 10 to 19 Mixed sex ,NA
676,KS5_25,TALLPUP_ALEV_1618_NOTDIS,Number of non-disadvantaged students at the end of 16-18 study who entered for at least one A level qualification,A5-KS5-Attainment,Private Ages 10 to 19 Mixed sex ,NA
677,KS5_25,TALLPPE_ALEV_1618_NOTDIS,Average point score per A level entry for non-disadvantaged students,A5-KS5-Attainment,Private Ages 10 to 19 Mixed sex ,NA
678,KS5_25,TALLPPEGRD_ALEV_NOTDIS,Average point score per A level entry for non-disadvantaged students expressed as a grade,A5-KS5-Attainment,Private Ages 10 to 19 Mixed sex ,NA
679,KS5_25,TALLPUP_ACAD_1618_NOTDIS,Number of non-disadvantaged students at the end of 16-18 study who entered for at least one academic qualification,A5-KS5-Academic,Private Ages 10 to 19 Mixed sex ,NA
680,KS5_25,TALLPPE_ACAD_1618_NOTDIS,Average point score per academic entry for non-disadvantaged students,A5-KS5-Academic,Private Ages 10 to 19 Mixed sex ,NA
681,KS5_25,TALLPPEGRD_ACAD_NOTDIS,Average point score per academic entry for non-disadvantaged students expressed as a grade,A5-KS5-Academic,Private Ages 10 to 19 Mixed sex ,NA
682,KS5_25,TALLPUP_AGEN_NOTDIS,Number of non-disadvantaged students at the end of 16-18 study who entered at lest one applied general qualification,A5-KS5-Applied,Private Ages 10 to 19 Mixed sex ,NA
683,KS5_25,TALLPPE_AGEN_NOTDIS,Average point score per applied general entry for non-disadvantaged students,A5-KS5-Applied,Private Ages 10 to 19 Mixed sex ,NA
684,KS5_25,TALLPPEGRD_AGEN_NOTDIS,Average point score per applied general entry expressed as a grade for non-disadvantaged students,A5-KS5-Applied,Private Ages 10 to 19 Mixed sex ,NA
685,KS5_25,TALLPUP_TLEV_NOTDIS,Number of non-disadvantaged students at the end of 16-18 study who entered for at least one tech level qualification,A5-KS5-TLevels,Private Ages 10 to 19 Mixed sex ,NA
686,KS5_25,TALLPPE_TLEV_NOTDIS,Average point score per tech level entry for non-disadvantaged students,A5-KS5-TLevels,Private Ages 10 to 19 Mixed sex ,NA
687,KS5_25,TALLPPEGRD_TLEV_NOTDIS,Average point score per tech level entry expressed as a grade for non-disadvantaged students,A5-KS5-TLevels,Private Ages 10 to 19 Mixed sex ,NA
688,KS5_25,T_SCOPEEX_E_NOTDIS,Number of non-disadvantaged students at the end of 16-18 study in scope for English progress measure,A5-KS5-Attainment,Private Ages 10 to 19 Mixed sex ,NA
689,KS5_25,PROGEX_E_NOTDIS,Average progress made in English by non-disadvantaged students,A5-KS5-Attainment,Private Ages 10 to 19 Mixed sex ,NA
690,KS5_25,T_SCOPEEX_M_NOTDIS,Number of non-disadvantaged students at the end of 16-18 study in scope for maths progress measure,A5-KS5-Attainment,Private Ages 10 to 19 Mixed sex ,NA
691,KS5_25,PROGEX_M_NOTDIS,Average progress made in maths by non-disadvantaged students,A5-KS5-Attainment,Private Ages 10 to 19 Mixed sex ,NA
692,KS5_25,T_INSCOPE_ALEV_RET_NOTDIS,Number of non-disadvantaged students in scope for retention measure where core aim is an A level qualification,A5-KS5,Private Ages 10 to 19 Mixed sex ,NA
693,KS5_25,PT_RETAINED_ALEV_RET_NOTDIS,Percentage of non-disadvantaged students who completed an A level core aim for retention measure,A5-KS5-Facilitating,Private Ages 10 to 19 Mixed sex ,NA
694,KS5_25,T_INSCOPE_ACAD_RET_NOTDIS,Number of non-disadvantaged students in scope for retention measure where core aim is an academic qualification,A5-KS5,Private Ages 10 to 19 Mixed sex ,NA
695,KS5_25,PT_RETAINED_ACAD_RET_NOTDIS,Percentage of non-disadvantaged students who completed an academic core aim for retention measure,A5-KS5-Facilitating,Private Ages 10 to 19 Mixed sex ,NA
696,KS5_25,T_INSCOPE_AGEN_RET_NOTDIS,Number of non-disadvantaged students in scope for retention measure where core aim is an applied general qualification,A5-KS5,Private Ages 10 to 19 Mixed sex ,NA
697,KS5_25,PT_RETAINED_AGEN_RET_NOTDIS,Percentage of non-disadvantaged students who completed an Applied General core aim for retention measure,A5-KS5-Facilitating,Private Ages 10 to 19 Mixed sex ,NA
698,KS5_25,T_INSCOPE_TLEV_RET_NOTDIS,Number of non-disadvantaged students in scope for retention measure where core aim is a tech level qualification,A5-KS5,Private Ages 10 to 19 Mixed sex ,NA
699,KS5_25,PT_RETAINED_TLEV_RET_NOTDIS,Percentage of non-disadvantaged students who completed a tech level core aim for retention measure,A5-KS5-Facilitating,Private Ages 10 to 19 Mixed sex ,NA
700,KS5_25,TALLPUP_TECHCERT_NOTDIS,Number of non-disadvantaged students at the end of 16-18 study with a technical certificate qualification entry,A5-KS5-Tech,Private Ages 10 to 19 Mixed sex ,NA
701,KS5_25,TALLPPE_TECHCERT_NOTDIS,Average point score per technical certificate entry for non-disadvantaged students,A5-KS5-Tech,Private Ages 10 to 19 Mixed sex ,NA
702,KS5_25,TALLPPEGRD_TECHCERT_NOTDIS,Average point score per technical certificate entry expressed as a grade for non-disadvantaged students,A5-KS5-Tech,Private Ages 10 to 19 Mixed sex ,NA
703,KS5_25,T_INSCOPE_TECHCERT_RET_NOTDIS,Number of non-disadvantaged students in scope for retention measure where core aim is a technical certificate programme,A5-KS5,Private Ages 10 to 19 Mixed sex ,NA
704,KS5_25,PT_RETAINED_TECHCERT_RET_NOTDIS,Percentage of non-disadvantaged students who completed a technical certificate core aim for retention measure,A5-KS5-Facilitating,Private Ages 10 to 19 Mixed sex ,NA
705,KS5_25,ENTRIES_ALEV,Number of A level entries included in value added measure,A5-KS5-Attainment,Private Ages 10 to 19 Mixed sex ,486
706,KS5_25,VA_INS_ALEV,A level value added score,A5-KS5-Progress,Private Ages 10 to 19 Mixed sex ,0.26
707,KS5_25,UCI_INS_ALEV,A level  value added upper confidence limit,A5-KS5-Progress,Private Ages 10 to 19 Mixed sex ,0.36
708,KS5_25,LCI_INS_ALEV,A level value added lower confidence limit,A5-KS5-Progress,Private Ages 10 to 19 Mixed sex ,0.17
709,KS5_25,PROGRESS_BAND_ALEV,A level progress band,A5-KS5-Progress,Private Ages 10 to 19 Mixed sex ,2
710,KS5_25,ENTRIES_ACAD,Number of academic entries included in value added measure,A5-KS5-Academic,Private Ages 10 to 19 Mixed sex ,509
711,KS5_25,VA_INS_ACAD,Academic value added score,A5-KS5-Progress,Private Ages 10 to 19 Mixed sex ,0.26
712,KS5_25,UCI_INS_ACAD,Academic value added upper confidence limit,A5-KS5-Progress,Private Ages 10 to 19 Mixed sex ,0.36
713,KS5_25,LCI_INS_ACAD,Academic value added lower confidence limit,A5-KS5-Progress,Private Ages 10 to 19 Mixed sex ,0.17
714,KS5_25,PROGRESS_BAND_ACAD,Academic progress band,A5-KS5,Private Ages 10 to 19 Mixed sex ,2
715,KS5_25,ENTRIES_AGEN,Number of applied general entries included in value added measure,A5-KS5-Applied,Private Ages 10 to 19 Mixed sex ,NE
716,KS5_25,VA_INS_AGEN,Applied general value added score,A5-KS5-Progress,Private Ages 10 to 19 Mixed sex ,NE
717,KS5_25,UCI_INS_AGEN,Applied general value added upper confidence limit,A5-KS5-Progress,Private Ages 10 to 19 Mixed sex ,NE
718,KS5_25,LCI_INS_AGEN,Applied general value added lower confidence limit,A5-KS5-Progress,Private Ages 10 to 19 Mixed sex ,NE
719,KS5_25,PROGRESS_BAND_AGEN,Applied general progress band,A5-KS5,Private Ages 10 to 19 Mixed sex ,NA
720,KS5_25,ENTRIES_TLEV,Number of Tech Level entrties included in value added measure.,A5-KS5-TLevels,Private Ages 10 to 19 Mixed sex ,NE
721,KS5_25,VA_INS_TLEV,Tech level value added score,A5-KS5,Private Ages 10 to 19 Mixed sex ,NE
722,KS5_25,UCI_INS_TLEV,Tech level  value added upper confidence limit,A5-KS5,Private Ages 10 to 19 Mixed sex ,NE
723,KS5_25,LCI_INS_TLEV,Tech level value added lower confidence limit,A5-KS5,Private Ages 10 to 19 Mixed sex ,NE
724,KS5_25,PROGRESS_BAND_TLEV,Tech level progress band,A5-KS5,Private Ages 10 to 19 Mixed sex ,NA
725,KS5_25,ENTRIES_TECHCERT,Number of Technical Certificate entrties included in value added measure.,A5-KS5-Tech,Private Ages 10 to 19 Mixed sex ,NE
726,KS5_25,VA_INS_TECHCERT,Technical Certificate value added score,A5-KS5,Private Ages 10 to 19 Mixed sex ,NE
727,KS5_25,UCI_INS_TECHCERT,Technical Certificate  value added upper confidence limit,A5-KS5,Private Ages 10 to 19 Mixed sex ,NE
728,KS5_25,LCI_INS_TECHCERT,Technical Certificate value added lower confidence limit,A5-KS5,Private Ages 10 to 19 Mixed sex ,NE
729,KS5_25,PROGRESS_BAND_TECHCERT,Technical Certificate progress band,A5-KS5,Private Ages 10 to 19 Mixed sex ,NA
730,KS5_25,ENTRIES_ALEV_DIS,Number of A level entries by disadvantaged students included in value added measure,A5-KS5-Attainment,Private Ages 10 to 19 Mixed sex ,NA
731,KS5_25,VA_INS_ALEV_DIS,A level value added score for disadvantaged students,A5-KS5-Progress,Private Ages 10 to 19 Mixed sex ,NA
732,KS5_25,UCI_INS_ALEV_DIS,A level  value added upper confidence limit for disadvantaged students,A5-KS5-Progress,Private Ages 10 to 19 Mixed sex ,NA
733,KS5_25,LCI_INS_ALEV_DIS,A level value added lower confidence limit for disadvantaged students,A5-KS5-Progress,Private Ages 10 to 19 Mixed sex ,NA
734,KS5_25,ENTRIES_ACAD_DIS,Number of academic entries by disadvantaged students included in value added measure,A5-KS5-Academic,Private Ages 10 to 19 Mixed sex ,NA
735,KS5_25,VA_INS_ACAD_DIS,Academic value added score for disadvantaged students,A5-KS5-Progress,Private Ages 10 to 19 Mixed sex ,NA
736,KS5_25,UCI_INS_ACAD_DIS,Academic value added upper confidence limit for disadvantaged students,A5-KS5-Progress,Private Ages 10 to 19 Mixed sex ,NA
737,KS5_25,LCI_INS_ACAD_DIS,Academic value added lower confidence limit for disadvantaged students,A5-KS5-Progress,Private Ages 10 to 19 Mixed sex ,NA
738,KS5_25,ENTRIES_AGEN_DIS,Number of applied general entries by disadvantaged students included in value added measure,A5-KS5-Applied,Private Ages 10 to 19 Mixed sex ,NA
739,KS5_25,VA_INS_AGEN_DIS,Applied general value added score for disadvantaged students,A5-KS5-Progress,Private Ages 10 to 19 Mixed sex ,NA
740,KS5_25,UCI_INS_AGEN_DIS,Applied general value added upper confidence limit for disadvantaged students,A5-KS5-Progress,Private Ages 10 to 19 Mixed sex ,NA
741,KS5_25,LCI_INS_AGEN_DIS,Applied general value added lower confidence limit for disadvantaged students,A5-KS5-Progress,Private Ages 10 to 19 Mixed sex ,NA
742,KS5_25,ENTRIES_TLEV_DIS,Number of tech level entries by disadvantaged students included in value added measure,A5-KS5-TLevels,Private Ages 10 to 19 Mixed sex ,NA
743,KS5_25,VA_INS_TLEV_DIS,Tech level value added score for disadvantaged students,A5-KS5,Private Ages 10 to 19 Mixed sex ,NA
744,KS5_25,UCI_INS_TLEV_DIS,Tech level value added upper confidence limit for disadvantaged students,A5-KS5,Private Ages 10 to 19 Mixed sex ,NA
745,KS5_25,LCI_INS_TLEV_DIS,Tech level value added lower confidence limit for disadvantaged students,A5-KS5,Private Ages 10 to 19 Mixed sex ,NA
746,KS5_25,ENTRIES_TECHCERT_DIS,Number of Technical Certificate entries by disadvantaged students included in value added measure,A5-KS5-Tech,Private Ages 10 to 19 Mixed sex ,NA
747,KS5_25,VA_INS_TECHCERT_DIS,Technical Certificate value added score for disadvantaged students,A5-KS5,Private Ages 10 to 19 Mixed sex ,NA
748,KS5_25,UCI_INS_TECHCERT_DIS,Technical Certificate value added upper confidence limit for disadvantaged students,A5-KS5,Private Ages 10 to 19 Mixed sex ,NA
749,KS5_25,LCI_INS_TECHCERT_DIS,Technical Certificate value added lower confidence limit for disadvantaged students,A5-KS5,Private Ages 10 to 19 Mixed sex ,NA
750,KS5_25,ENTRIES_ALEV_NOTDIS,Number of A level entries by non-disadvantaged students included in value added measure,A5-KS5-Attainment,Private Ages 10 to 19 Mixed sex ,NA
751,KS5_25,VA_INS_ALEV_NOTDIS,A level value added score for non-disadvantaged students,A5-KS5-Progress,Private Ages 10 to 19 Mixed sex ,NA
752,KS5_25,UCI_INS_ALEV_NOTDIS,A level  value added upper confidence limit for non-disadvantaged students,A5-KS5-Progress,Private Ages 10 to 19 Mixed sex ,NA
753,KS5_25,LCI_INS_ALEV_NOTDIS,A level value added lower confidence limit for non-disadvantaged students,A5-KS5-Progress,Private Ages 10 to 19 Mixed sex ,NA
754,KS5_25,ENTRIES_ACAD_NOTDIS,Number of academic entries by non-disadvantaged students included in value added measure,A5-KS5-Academic,Private Ages 10 to 19 Mixed sex ,NA
755,KS5_25,VA_INS_ACAD_NOTDIS,Academic value added score for non-disadvantaged students,A5-KS5-Progress,Private Ages 10 to 19 Mixed sex ,NA
756,KS5_25,UCI_INS_ACAD_NOTDIS,Academic value added upper confidence limit for non-disadvantaged students,A5-KS5-Progress,Private Ages 10 to 19 Mixed sex ,NA
757,KS5_25,LCI_INS_ACAD_NOTDIS,Academic value added lower confidence limit for non-disadvantaged students,A5-KS5-Progress,Private Ages 10 to 19 Mixed sex ,NA
758,KS5_25,ENTRIES_AGEN_NOTDIS,Number of applied general entries by non-disadvantaged students included in value added measure,A5-KS5-Applied,Private Ages 10 to 19 Mixed sex ,NA
759,KS5_25,VA_INS_AGEN_NOTDIS,Applied general value added score for non-disadvantaged students,A5-KS5-Progress,Private Ages 10 to 19 Mixed sex ,NA
760,KS5_25,UCI_INS_AGEN_NOTDIS,Applied general value added upper confidence limit for non-disadvantaged students,A5-KS5-Progress,Private Ages 10 to 19 Mixed sex ,NA
761,KS5_25,LCI_INS_AGEN_NOTDIS,Applied general value added lower confidence limit for non-disadvantaged students,A5-KS5-Progress,Private Ages 10 to 19 Mixed sex ,NA
762,KS5_25,ENTRIES_TLEV_NOTDIS,Number of tech level entries by non-disadvantaged students included in value added measure,A5-KS5-TLevels,Private Ages 10 to 19 Mixed sex ,NA
763,KS5_25,VA_INS_TLEV_NOTDIS,Tech level value added score for non-disadvantaged students,A5-KS5,Private Ages 10 to 19 Mixed sex ,NA
764,KS5_25,UCI_INS_TLEV_NOTDIS,Tech level value added upper confidence limit for non-disadvantaged students,A5-KS5,Private Ages 10 to 19 Mixed sex ,NA
765,KS5_25,LCI_INS_TLEV_NOTDIS,Tech level value added lower confidence limit for non-disadvantaged students,A5-KS5,Private Ages 10 to 19 Mixed sex ,NA
766,KS5_25,ENTRIES_TECHCERT_NOTDIS,Number of Technical Certificate entries by non-disadvantaged students included in value added measure,A5-KS5-Tech,Private Ages 10 to 19 Mixed sex ,NA
767,KS5_25,VA_INS_TECHCERT_NOTDIS,Technical Certificate value added score for non-disadvantaged students,A5-KS5,Private Ages 10 to 19 Mixed sex ,NA
768,KS5_25,UCI_INS_TECHCERT_NOTDIS,Technical Certificate value added upper confidence limit for non-disadvantaged students,A5-KS5,Private Ages 10 to 19 Mixed sex ,NA
769,KS5_25,LCI_INS_TECHCERT_NOTDIS,Technical Certificate value added lower confidence limit for non-disadvantaged students,A5-KS5,Private Ages 10 to 19 Mixed sex ,NA
770,KS5_25,TALLPUP_1618_24,This is a historical variable. It holds the 2024 value of the corresponding variable. Please see the current variable for the variable description.,A5-KS5-Attainment,Private Ages 10 to 19 Mixed sex ,162
771,KS5_25,TALLPUP_1618_23,This is a historical variable. It holds the 2023 value of the corresponding variable. Please see the current variable for the variable description.,A5-KS5-Attainment,Private Ages 10 to 19 Mixed sex ,157
772,KS5_25,TALLPUP_1618_22,This is a historical variable. It holds the 2022 value of the corresponding variable. Please see the current variable for the variable description.,A5-KS5-Attainment,Private Ages 10 to 19 Mixed sex ,155
773,KS5_25,TALLPUP_ALEV_1618_24,This is a historical variable. It holds the 2024 value of the corresponding variable. Please see the current variable for the variable description.,A5-KS5-Attainment,Private Ages 10 to 19 Mixed sex ,160
774,KS5_25,TALLPUP_ALEV_1618_23,This is a historical variable. It holds the 2023 value of the corresponding variable. Please see the current variable for the variable description.,A5-KS5-Attainment,Private Ages 10 to 19 Mixed sex ,154
775,KS5_25,TALLPUP_ALEV_1618_22,This is a historical variable. It holds the 2022 value of the corresponding variable. Please see the current variable for the variable description.,A5-KS5-Attainment,Private Ages 10 to 19 Mixed sex ,155
776,KS5_25,TALLPPE_ALEV_1618_24,This is a historical variable. It holds the 2024 value of the corresponding variable. Please see the current variable for the variable description.,A5-KS5-Attainment,Private Ages 10 to 19 Mixed sex ,48.8
777,KS5_25,TALLPPE_ALEV_1618_23,This is a historical variable. It holds the 2023 value of the corresponding variable. Please see the current variable for the variable description.,A5-KS5-Attainment,Private Ages 10 to 19 Mixed sex ,45.85
778,KS5_25,TALLPPE_ALEV_1618_22,This is a historical variable. It holds the 2022 value of the corresponding variable. Please see the current variable for the variable description.,A5-KS5-Attainment,Private Ages 10 to 19 Mixed sex ,49.3
779,KS5_25,TALLPPEGRD_ALEV_1618_24,This is a historical variable. It holds the 2024 value of the corresponding variable. Please see the current variable for the variable description.,A5-KS5-Attainment,Private Ages 10 to 19 Mixed sex ,A
780,KS5_25,TALLPPEGRD_ALEV_1618_23,This is a historical variable. It holds the 2023 value of the corresponding variable. Please see the current variable for the variable description.,A5-KS5-Attainment,Private Ages 10 to 19 Mixed sex ,A-
781,KS5_25,TALLPPEGRD_ALEV_1618_22,This is a historical variable. It holds the 2022 value of the corresponding variable. Please see the current variable for the variable description.,A5-KS5-Attainment,Private Ages 10 to 19 Mixed sex ,A
782,KS5_25,TALLPUP_ACAD_1618_24,This is a historical variable. It holds the 2024 value of the corresponding variable. Please see the current variable for the variable description.,A5-KS5-Academic,Private Ages 10 to 19 Mixed sex ,160
783,KS5_25,TALLPUP_ACAD_1618_23,This is a historical variable. It holds the 2023 value of the corresponding variable. Please see the current variable for the variable description.,A5-KS5-Academic,Private Ages 10 to 19 Mixed sex ,154
784,KS5_25,TALLPUP_ACAD_1618_22,This is a historical variable. It holds the 2022 value of the corresponding variable. Please see the current variable for the variable description.,A5-KS5-Academic,Private Ages 10 to 19 Mixed sex ,155
785,KS5_25,TALLPPE_ACAD_1618_24,This is a historical variable. It holds the 2024 value of the corresponding variable. Please see the current variable for the variable description.,A5-KS5-Academic,Private Ages 10 to 19 Mixed sex ,48.74
786,KS5_25,TALLPPE_ACAD_1618_23,This is a historical variable. It holds the 2023 value of the corresponding variable. Please see the current variable for the variable description.,A5-KS5-Academic,Private Ages 10 to 19 Mixed sex ,45.85
787,KS5_25,TALLPPE_ACAD_1618_22,This is a historical variable. It holds the 2022 value of the corresponding variable. Please see the current variable for the variable description.,A5-KS5-Academic,Private Ages 10 to 19 Mixed sex ,49.3
788,KS5_25,TALLPPEGRD_ACAD_1618_24,This is a historical variable. It holds the 2024 value of the corresponding variable. Please see the current variable for the variable description.,A5-KS5-Academic,Private Ages 10 to 19 Mixed sex ,A
789,KS5_25,TALLPPEGRD_ACAD_1618_23,This is a historical variable. It holds the 2023 value of the corresponding variable. Please see the current variable for the variable description.,A5-KS5-Academic,Private Ages 10 to 19 Mixed sex ,A-
790,KS5_25,TALLPPEGRD_ACAD_1618_22,This is a historical variable. It holds the 2022 value of the corresponding variable. Please see the current variable for the variable description.,A5-KS5-Academic,Private Ages 10 to 19 Mixed sex ,A
791,KS5_25,TALLPUP_AGEN_24,This is a historical variable. It holds the 2024 value of the corresponding variable. Please see the current variable for the variable description.,A5-KS5-Applied,Private Ages 10 to 19 Mixed sex ,NE
792,KS5_25,TALLPUP_AGEN_23,This is a historical variable. It holds the 2023 value of the corresponding variable. Please see the current variable for the variable description.,A5-KS5-Applied,Private Ages 10 to 19 Mixed sex ,NE
793,KS5_25,TALLPUP_AGEN_22,This is a historical variable. It holds the 2022 value of the corresponding variable. Please see the current variable for the variable description.,A5-KS5-Applied,Private Ages 10 to 19 Mixed sex ,NE
794,KS5_25,TALLPPE_AGEN_24,This is a historical variable. It holds the 2024 value of the corresponding variable. Please see the current variable for the variable description.,A5-KS5-Applied,Private Ages 10 to 19 Mixed sex ,NE
795,KS5_25,TALLPPE_AGEN_23,This is a historical variable. It holds the 2023 value of the corresponding variable. Please see the current variable for the variable description.,A5-KS5-Applied,Private Ages 10 to 19 Mixed sex ,NE
796,KS5_25,TALLPPE_AGEN_22,This is a historical variable. It holds the 2022 value of the corresponding variable. Please see the current variable for the variable description.,A5-KS5-Applied,Private Ages 10 to 19 Mixed sex ,NE
797,KS5_25,TALLPPEGRD_AGEN_24,This is a historical variable. It holds the 2024 value of the corresponding variable. Please see the current variable for the variable description.,A5-KS5-Applied,Private Ages 10 to 19 Mixed sex ,NE
798,KS5_25,TALLPPEGRD_AGEN_23,This is a historical variable. It holds the 2023 value of the corresponding variable. Please see the current variable for the variable description.,A5-KS5-Applied,Private Ages 10 to 19 Mixed sex ,NE
799,KS5_25,TALLPPEGRD_AGEN_22,This is a historical variable. It holds the 2022 value of the corresponding variable. Please see the current variable for the variable description.,A5-KS5-Applied,Private Ages 10 to 19 Mixed sex ,NE
800,KS5_25,TALLPUP_TLEV_24,This is a historical variable. It holds the 2024 value of the corresponding variable. Please see the current variable for the variable description.,A5-KS5-TLevels,Private Ages 10 to 19 Mixed sex ,NE
801,KS5_25,TALLPUP_TLEV_23,This is a historical variable. It holds the 2023 value of the corresponding variable. Please see the current variable for the variable description.,A5-KS5-TLevels,Private Ages 10 to 19 Mixed sex ,NE
802,KS5_25,TALLPUP_TLEV_22,This is a historical variable. It holds the 2022 value of the corresponding variable. Please see the current variable for the variable description.,A5-KS5-TLevels,Private Ages 10 to 19 Mixed sex ,NE
803,KS5_25,TALLPPE_TLEV_24,This is a historical variable. It holds the 2024 value of the corresponding variable. Please see the current variable for the variable description.,A5-KS5-TLevels,Private Ages 10 to 19 Mixed sex ,NE
804,KS5_25,TALLPPE_TLEV_23,This is a historical variable. It holds the 2023 value of the corresponding variable. Please see the current variable for the variable description.,A5-KS5-TLevels,Private Ages 10 to 19 Mixed sex ,NE
805,KS5_25,TALLPPE_TLEV_22,This is a historical variable. It holds the 2022 value of the corresponding variable. Please see the current variable for the variable description.,A5-KS5-TLevels,Private Ages 10 to 19 Mixed sex ,NE
806,KS5_25,TALLPPEGRD_TLEV_24,This is a historical variable. It holds the 2024 value of the corresponding variable. Please see the current variable for the variable description.,A5-KS5-TLevels,Private Ages 10 to 19 Mixed sex ,NE
807,KS5_25,TALLPPEGRD_TLEV_23,This is a historical variable. It holds the 2023 value of the corresponding variable. Please see the current variable for the variable description.,A5-KS5-TLevels,Private Ages 10 to 19 Mixed sex ,NE
808,KS5_25,TALLPPEGRD_TLEV_22,This is a historical variable. It holds the 2022 value of the corresponding variable. Please see the current variable for the variable description.,A5-KS5-TLevels,Private Ages 10 to 19 Mixed sex ,NE
809,KS5_25,TALLPUP_TECHCERT_24,This is a historical variable. It holds the 2024 value of the corresponding variable. Please see the current variable for the variable description.,A5-KS5-Tech,Private Ages 10 to 19 Mixed sex ,NE
810,KS5_25,TALLPUP_TECHCERT_23,This is a historical variable. It holds the 2023 value of the corresponding variable. Please see the current variable for the variable description.,A5-KS5-Tech,Private Ages 10 to 19 Mixed sex ,NE
811,KS5_25,TALLPUP_TECHCERT_22,This is a historical variable. It holds the 2022 value of the corresponding variable. Please see the current variable for the variable description.,A5-KS5-Tech,Private Ages 10 to 19 Mixed sex ,NE
812,KS5_25,TALLPPE_TECHCERT_24,This is a historical variable. It holds the 2024 value of the corresponding variable. Please see the current variable for the variable description.,A5-KS5-Tech,Private Ages 10 to 19 Mixed sex ,NE
813,KS5_25,TALLPPE_TECHCERT_23,This is a historical variable. It holds the 2023 value of the corresponding variable. Please see the current variable for the variable description.,A5-KS5-Tech,Private Ages 10 to 19 Mixed sex ,NE
814,KS5_25,TALLPPE_TECHCERT_22,This is a historical variable. It holds the 2022 value of the corresponding variable. Please see the current variable for the variable description.,A5-KS5-Tech,Private Ages 10 to 19 Mixed sex ,NE
815,KS5_25,TALLPPEGRD_TECHCERT_24,This is a historical variable. It holds the 2024 value of the corresponding variable. Please see the current variable for the variable description.,A5-KS5-Tech,Private Ages 10 to 19 Mixed sex ,NE
816,KS5_25,TALLPPEGRD_TECHCERT_23,This is a historical variable. It holds the 2023 value of the corresponding variable. Please see the current variable for the variable description.,A5-KS5-Tech,Private Ages 10 to 19 Mixed sex ,NE
817,KS5_25,TALLPPEGRD_TECHCERT_22,This is a historical variable. It holds the 2022 value of the corresponding variable. Please see the current variable for the variable description.,A5-KS5-Tech,Private Ages 10 to 19 Mixed sex ,NE
818,KS5_25,T_AIMS_CA_24,This is a historical variable. It holds the 2024 value of the corresponding variable. Please see the current variable for the variable description.,A5-KS5,Private Ages 10 to 19 Mixed sex ,
819,KS5_25,T_AIMS_CA_23,This is a historical variable. It holds the 2023 value of the corresponding variable. Please see the current variable for the variable description.,A5-KS5,Private Ages 10 to 19 Mixed sex ,
820,KS5_25,T_AIMS_CA_22,This is a historical variable. It holds the 2022 value of the corresponding variable. Please see the current variable for the variable description.,A5-KS5,Private Ages 10 to 19 Mixed sex ,
821,KS5_25,T_SCOPEEX_E_24,This is a historical variable. It holds the 2024 value of the corresponding variable. Please see the current variable for the variable description.,A5-KS5-Attainment,Private Ages 10 to 19 Mixed sex ,
822,KS5_25,T_SCOPEEX_E_23,This is a historical variable. It holds the 2023 value of the corresponding variable. Please see the current variable for the variable description.,A5-KS5-Attainment,Private Ages 10 to 19 Mixed sex ,
823,KS5_25,T_SCOPEEX_E_22,This is a historical variable. It holds the 2022 value of the corresponding variable. Please see the current variable for the variable description.,A5-KS5-Attainment,Private Ages 10 to 19 Mixed sex ,
824,KS5_25,PROGEX_E_24,This is a historical variable. It holds the 2024 value of the corresponding variable. Please see the current variable for the variable description.,A5-KS5-Attainment,Private Ages 10 to 19 Mixed sex ,
825,KS5_25,PROGEX_E_23,This is a historical variable. It holds the 2023 value of the corresponding variable. Please see the current variable for the variable description.,A5-KS5-Attainment,Private Ages 10 to 19 Mixed sex ,
826,KS5_25,PROGEX_E_22,This is a historical variable. It holds the 2022 value of the corresponding variable. Please see the current variable for the variable description.,A5-KS5-Attainment,Private Ages 10 to 19 Mixed sex ,
827,KS5_25,T_SCOPEEX_M_24,This is a historical variable. It holds the 2024 value of the corresponding variable. Please see the current variable for the variable description.,A5-KS5-Attainment,Private Ages 10 to 19 Mixed sex ,
828,KS5_25,T_SCOPEEX_M_23,This is a historical variable. It holds the 2023 value of the corresponding variable. Please see the current variable for the variable description.,A5-KS5-Attainment,Private Ages 10 to 19 Mixed sex ,
829,KS5_25,T_SCOPEEX_M_22,This is a historical variable. It holds the 2022 value of the corresponding variable. Please see the current variable for the variable description.,A5-KS5-Attainment,Private Ages 10 to 19 Mixed sex ,
830,KS5_25,PROGEX_M_24,This is a historical variable. It holds the 2024 value of the corresponding variable. Please see the current variable for the variable description.,A5-KS5-Attainment,Private Ages 10 to 19 Mixed sex ,
831,KS5_25,PROGEX_M_23,This is a historical variable. It holds the 2023 value of the corresponding variable. Please see the current variable for the variable description.,A5-KS5-Attainment,Private Ages 10 to 19 Mixed sex ,
832,KS5_25,PROGEX_M_22,This is a historical variable. It holds the 2022 value of the corresponding variable. Please see the current variable for the variable description.,A5-KS5-Attainment,Private Ages 10 to 19 Mixed sex ,
833,KS5_25,ENTRIES_ALEV_24,This is a historical variable. It holds the 2024 value of the corresponding variable. Please see the current variable for the variable description.,A5-KS5-Attainment,Private Ages 10 to 19 Mixed sex ,451
834,KS5_25,ENTRIES_ALEV_23,This is a historical variable. It holds the 2023 value of the corresponding variable. Please see the current variable for the variable description.,A5-KS5-Attainment,Private Ages 10 to 19 Mixed sex ,
835,KS5_25,ENTRIES_ALEV_22,This is a historical variable. It holds the 2022 value of the corresponding variable. Please see the current variable for the variable description.,A5-KS5-Attainment,Private Ages 10 to 19 Mixed sex ,
836,KS5_25,VA_INS_ALEV_24,This is a historical variable. It holds the 2024 value of the corresponding variable. Please see the current variable for the variable description.,A5-KS5-Progress,Private Ages 10 to 19 Mixed sex ,0.3
837,KS5_25,VA_INS_ALEV_23,This is a historical variable. It holds the 2023 value of the corresponding variable. Please see the current variable for the variable description.,A5-KS5-Progress,Private Ages 10 to 19 Mixed sex ,
838,KS5_25,VA_INS_ALEV_22,This is a historical variable. It holds the 2022 value of the corresponding variable. Please see the current variable for the variable description.,A5-KS5-Progress,Private Ages 10 to 19 Mixed sex ,
839,KS5_25,PROGRESS_BAND_ALEV_24,This is a historical variable. It holds the 2024 value of the corresponding variable. Please see the current variable for the variable description.,A5-KS5-Progress,Private Ages 10 to 19 Mixed sex ,2
840,KS5_25,UCI_INS_ALEV_24,This is a historical variable. It holds the 2024 value of the corresponding variable. Please see the current variable for the variable description.,A5-KS5-Progress,Private Ages 10 to 19 Mixed sex ,0.4
841,KS5_25,UCI_INS_ALEV_23,This is a historical variable. It holds the 2023 value of the corresponding variable. Please see the current variable for the variable description.,A5-KS5-Progress,Private Ages 10 to 19 Mixed sex ,
842,KS5_25,UCI_INS_ALEV_22,This is a historical variable. It holds the 2022 value of the corresponding variable. Please see the current variable for the variable description.,A5-KS5-Progress,Private Ages 10 to 19 Mixed sex ,
843,KS5_25,LCI_INS_ALEV_24,This is a historical variable. It holds the 2024 value of the corresponding variable. Please see the current variable for the variable description.,A5-KS5-Progress,Private Ages 10 to 19 Mixed sex ,0.2
844,KS5_25,LCI_INS_ALEV_23,This is a historical variable. It holds the 2023 value of the corresponding variable. Please see the current variable for the variable description.,A5-KS5-Progress,Private Ages 10 to 19 Mixed sex ,
845,KS5_25,LCI_INS_ALEV_22,This is a historical variable. It holds the 2022 value of the corresponding variable. Please see the current variable for the variable description.,A5-KS5-Progress,Private Ages 10 to 19 Mixed sex ,
846,KS5_25,ENTRIES_ACAD_24,This is a historical variable. It holds the 2024 value of the corresponding variable. Please see the current variable for the variable description.,A5-KS5-Academic,Private Ages 10 to 19 Mixed sex ,473
847,KS5_25,ENTRIES_ACAD_23,This is a historical variable. It holds the 2023 value of the corresponding variable. Please see the current variable for the variable description.,A5-KS5-Academic,Private Ages 10 to 19 Mixed sex ,
848,KS5_25,ENTRIES_ACAD_22,This is a historical variable. It holds the 2022 value of the corresponding variable. Please see the current variable for the variable description.,A5-KS5-Academic,Private Ages 10 to 19 Mixed sex ,
849,KS5_25,VA_INS_ACAD_24,This is a historical variable. It holds the 2024 value of the corresponding variable. Please see the current variable for the variable description.,A5-KS5-Progress,Private Ages 10 to 19 Mixed sex ,0.29
850,KS5_25,VA_INS_ACAD_23,This is a historical variable. It holds the 2023 value of the corresponding variable. Please see the current variable for the variable description.,A5-KS5-Progress,Private Ages 10 to 19 Mixed sex ,
851,KS5_25,VA_INS_ACAD_22,This is a historical variable. It holds the 2022 value of the corresponding variable. Please see the current variable for the variable description.,A5-KS5-Progress,Private Ages 10 to 19 Mixed sex ,
852,KS5_25,PROGRESS_BAND_ACAD_24,This is a historical variable. It holds the 2024 value of the corresponding variable. Please see the current variable for the variable description.,A5-KS5,Private Ages 10 to 19 Mixed sex ,2
853,KS5_25,UCI_INS_ACAD_24,This is a historical variable. It holds the 2024 value of the corresponding variable. Please see the current variable for the variable description.,A5-KS5-Progress,Private Ages 10 to 19 Mixed sex ,0.39
854,KS5_25,UCI_INS_ACAD_23,This is a historical variable. It holds the 2023 value of the corresponding variable. Please see the current variable for the variable description.,A5-KS5-Progress,Private Ages 10 to 19 Mixed sex ,
855,KS5_25,UCI_INS_ACAD_22,This is a historical variable. It holds the 2022 value of the corresponding variable. Please see the current variable for the variable description.,A5-KS5-Progress,Private Ages 10 to 19 Mixed sex ,
856,KS5_25,LCI_INS_ACAD_24,This is a historical variable. It holds the 2024 value of the corresponding variable. Please see the current variable for the variable description.,A5-KS5-Progress,Private Ages 10 to 19 Mixed sex ,0.19
857,KS5_25,LCI_INS_ACAD_23,This is a historical variable. It holds the 2023 value of the corresponding variable. Please see the current variable for the variable description.,A5-KS5-Progress,Private Ages 10 to 19 Mixed sex ,
858,KS5_25,LCI_INS_ACAD_22,This is a historical variable. It holds the 2022 value of the corresponding variable. Please see the current variable for the variable description.,A5-KS5-Progress,Private Ages 10 to 19 Mixed sex ,
859,KS5_25,ENTRIES_AGEN_24,This is a historical variable. It holds the 2024 value of the corresponding variable. Please see the current variable for the variable description.,A5-KS5-Applied,Private Ages 10 to 19 Mixed sex ,NE
860,KS5_25,ENTRIES_AGEN_23,This is a historical variable. It holds the 2023 value of the corresponding variable. Please see the current variable for the variable description.,A5-KS5-Applied,Private Ages 10 to 19 Mixed sex ,
861,KS5_25,ENTRIES_AGEN_22,This is a historical variable. It holds the 2022 value of the corresponding variable. Please see the current variable for the variable description.,A5-KS5-Applied,Private Ages 10 to 19 Mixed sex ,
862,KS5_25,VA_INS_AGEN_24,This is a historical variable. It holds the 2024 value of the corresponding variable. Please see the current variable for the variable description.,A5-KS5-Progress,Private Ages 10 to 19 Mixed sex ,NE
863,KS5_25,VA_INS_AGEN_23,This is a historical variable. It holds the 2023 value of the corresponding variable. Please see the current variable for the variable description.,A5-KS5-Progress,Private Ages 10 to 19 Mixed sex ,
864,KS5_25,VA_INS_AGEN_22,This is a historical variable. It holds the 2022 value of the corresponding variable. Please see the current variable for the variable description.,A5-KS5-Progress,Private Ages 10 to 19 Mixed sex ,
865,KS5_25,PROGRESS_BAND_AGEN_24,This is a historical variable. It holds the 2024 value of the corresponding variable. Please see the current variable for the variable description.,A5-KS5,Private Ages 10 to 19 Mixed sex ,
866,KS5_25,UCI_INS_AGEN_24,This is a historical variable. It holds the 2024 value of the corresponding variable. Please see the current variable for the variable description.,A5-KS5-Progress,Private Ages 10 to 19 Mixed sex ,NE
867,KS5_25,UCI_INS_AGEN_23,This is a historical variable. It holds the 2023 value of the corresponding variable. Please see the current variable for the variable description.,A5-KS5-Progress,Private Ages 10 to 19 Mixed sex ,
868,KS5_25,UCI_INS_AGEN_22,This is a historical variable. It holds the 2022 value of the corresponding variable. Please see the current variable for the variable description.,A5-KS5-Progress,Private Ages 10 to 19 Mixed sex ,
869,KS5_25,LCI_INS_AGEN_24,This is a historical variable. It holds the 2024 value of the corresponding variable. Please see the current variable for the variable description.,A5-KS5-Progress,Private Ages 10 to 19 Mixed sex ,NE
870,KS5_25,LCI_INS_AGEN_23,This is a historical variable. It holds the 2023 value of the corresponding variable. Please see the current variable for the variable description.,A5-KS5-Progress,Private Ages 10 to 19 Mixed sex ,
871,KS5_25,LCI_INS_AGEN_22,This is a historical variable. It holds the 2022 value of the corresponding variable. Please see the current variable for the variable description.,A5-KS5-Progress,Private Ages 10 to 19 Mixed sex ,
872,KS5_25,T_INSCOPE_ALEV_RET_24,This is a historical variable. It holds the 2024 value of the corresponding variable. Please see the current variable for the variable description.,A5-KS5,Private Ages 10 to 19 Mixed sex ,NA
873,KS5_25,T_INSCOPE_ALEV_RET_23,This is a historical variable. It holds the 2023 value of the corresponding variable. Please see the current variable for the variable description.,A5-KS5,Private Ages 10 to 19 Mixed sex ,NA
874,KS5_25,T_INSCOPE_ALEV_RET_22,This is a historical variable. It holds the 2022 value of the corresponding variable. Please see the current variable for the variable description.,A5-KS5,Private Ages 10 to 19 Mixed sex ,NA
875,KS5_25,PT_RETAINED_ALEV_RET_24,This is a historical variable. It holds the 2024 value of the corresponding variable. Please see the current variable for the variable description.,A5-KS5-Facilitating,Private Ages 10 to 19 Mixed sex ,NA
876,KS5_25,PT_RETAINED_ALEV_RET_23,This is a historical variable. It holds the 2023 value of the corresponding variable. Please see the current variable for the variable description.,A5-KS5-Facilitating,Private Ages 10 to 19 Mixed sex ,NA
877,KS5_25,PT_RETAINED_ALEV_RET_22,This is a historical variable. It holds the 2022 value of the corresponding variable. Please see the current variable for the variable description.,A5-KS5-Facilitating,Private Ages 10 to 19 Mixed sex ,NA
878,KS5_25,T_INSCOPE_ACAD_RET_24,This is a historical variable. It holds the 2024 value of the corresponding variable. Please see the current variable for the variable description.,A5-KS5,Private Ages 10 to 19 Mixed sex ,NA
879,KS5_25,T_INSCOPE_ACAD_RET_23,This is a historical variable. It holds the 2023 value of the corresponding variable. Please see the current variable for the variable description.,A5-KS5,Private Ages 10 to 19 Mixed sex ,NA
880,KS5_25,T_INSCOPE_ACAD_RET_22,This is a historical variable. It holds the 2022 value of the corresponding variable. Please see the current variable for the variable description.,A5-KS5,Private Ages 10 to 19 Mixed sex ,NA
881,KS5_25,PT_RETAINED_ACAD_RET_24,This is a historical variable. It holds the 2024 value of the corresponding variable. Please see the current variable for the variable description.,A5-KS5-Facilitating,Private Ages 10 to 19 Mixed sex ,NA
882,KS5_25,PT_RETAINED_ACAD_RET_23,This is a historical variable. It holds the 2023 value of the corresponding variable. Please see the current variable for the variable description.,A5-KS5-Facilitating,Private Ages 10 to 19 Mixed sex ,NA
883,KS5_25,PT_RETAINED_ACAD_RET_22,This is a historical variable. It holds the 2022 value of the corresponding variable. Please see the current variable for the variable description.,A5-KS5-Facilitating,Private Ages 10 to 19 Mixed sex ,NA
884,KS5_25,T_INSCOPE_AGEN_RET_24,This is a historical variable. It holds the 2024 value of the corresponding variable. Please see the current variable for the variable description.,A5-KS5,Private Ages 10 to 19 Mixed sex ,NA
885,KS5_25,T_INSCOPE_AGEN_RET_23,This is a historical variable. It holds the 2023 value of the corresponding variable. Please see the current variable for the variable description.,A5-KS5,Private Ages 10 to 19 Mixed sex ,NA
886,KS5_25,T_INSCOPE_AGEN_RET_22,This is a historical variable. It holds the 2022 value of the corresponding variable. Please see the current variable for the variable description.,A5-KS5,Private Ages 10 to 19 Mixed sex ,NA
887,KS5_25,PT_RETAINED_AGEN_RET_24,This is a historical variable. It holds the 2024 value of the corresponding variable. Please see the current variable for the variable description.,A5-KS5-Facilitating,Private Ages 10 to 19 Mixed sex ,NA
888,KS5_25,PT_RETAINED_AGEN_RET_23,This is a historical variable. It holds the 2023 value of the corresponding variable. Please see the current variable for the variable description.,A5-KS5-Facilitating,Private Ages 10 to 19 Mixed sex ,NA
889,KS5_25,PT_RETAINED_AGEN_RET_22,This is a historical variable. It holds the 2022 value of the corresponding variable. Please see the current variable for the variable description.,A5-KS5-Facilitating,Private Ages 10 to 19 Mixed sex ,NA
890,KS5_25,T_INSCOPE_TLEV_RET_24,This is a historical variable. It holds the 2024 value of the corresponding variable. Please see the current variable for the variable description.,A5-KS5,Private Ages 10 to 19 Mixed sex ,NA
891,KS5_25,T_INSCOPE_TLEV_RET_23,This is a historical variable. It holds the 2023 value of the corresponding variable. Please see the current variable for the variable description.,A5-KS5,Private Ages 10 to 19 Mixed sex ,NA
892,KS5_25,T_INSCOPE_TLEV_RET_22,This is a historical variable. It holds the 2022 value of the corresponding variable. Please see the current variable for the variable description.,A5-KS5,Private Ages 10 to 19 Mixed sex ,NA
893,KS5_25,PT_RETAINED_TLEV_RET_24,This is a historical variable. It holds the 2024 value of the corresponding variable. Please see the current variable for the variable description.,A5-KS5-Facilitating,Private Ages 10 to 19 Mixed sex ,NA
894,KS5_25,PT_RETAINED_TLEV_RET_23,This is a historical variable. It holds the 2023 value of the corresponding variable. Please see the current variable for the variable description.,A5-KS5-Facilitating,Private Ages 10 to 19 Mixed sex ,NA
895,KS5_25,PT_RETAINED_TLEV_RET_22,This is a historical variable. It holds the 2022 value of the corresponding variable. Please see the current variable for the variable description.,A5-KS5-Facilitating,Private Ages 10 to 19 Mixed sex ,NA
896,KS5_25,T_INSCOPE_TECHCERT_RET_24,This is a historical variable. It holds the 2024 value of the corresponding variable. Please see the current variable for the variable description.,A5-KS5,Private Ages 10 to 19 Mixed sex ,NA
897,KS5_25,T_INSCOPE_TECHCERT_RET_23,This is a historical variable. It holds the 2023 value of the corresponding variable. Please see the current variable for the variable description.,A5-KS5,Private Ages 10 to 19 Mixed sex ,NA
898,KS5_25,T_INSCOPE_TECHCERT_RET_22,This is a historical variable. It holds the 2022 value of the corresponding variable. Please see the current variable for the variable description.,A5-KS5,Private Ages 10 to 19 Mixed sex ,NA
899,KS5_25,PT_RETAINED_TECHCERT_RET_24,This is a historical variable. It holds the 2024 value of the corresponding variable. Please see the current variable for the variable description.,A5-KS5-Facilitating,Private Ages 10 to 19 Mixed sex ,NA
900,KS5_25,PT_RETAINED_TECHCERT_RET_23,This is a historical variable. It holds the 2023 value of the corresponding variable. Please see the current variable for the variable description.,A5-KS5-Facilitating,Private Ages 10 to 19 Mixed sex ,NA
901,KS5_25,PT_RETAINED_TECHCERT_RET_22,This is a historical variable. It holds the 2022 value of the corresponding variable. Please see the current variable for the variable description.,A5-KS5-Facilitating,Private Ages 10 to 19 Mixed sex ,NA
902,KS5_25,TALLPUP_1618_DIS_24,This is a historical variable. It holds the 2024 value of the corresponding variable. Please see the current variable for the variable description.,A5-KS5-Attainment,Private Ages 10 to 19 Mixed sex ,NA
903,KS5_25,TALLPUP_1618_DIS_23,This is a historical variable. It holds the 2023 value of the corresponding variable. Please see the current variable for the variable description.,A5-KS5-Attainment,Private Ages 10 to 19 Mixed sex ,NA
904,KS5_25,TALLPUP_1618_DIS_22,This is a historical variable. It holds the 2022 value of the corresponding variable. Please see the current variable for the variable description.,A5-KS5-Attainment,Private Ages 10 to 19 Mixed sex ,NA
905,KS5_25,TALLPUP_ALEV_1618_DIS_24,This is a historical variable. It holds the 2024 value of the corresponding variable. Please see the current variable for the variable description.,A5-KS5-Disadvantaged,Private Ages 10 to 19 Mixed sex ,NA
906,KS5_25,TALLPUP_ALEV_1618_DIS_23,This is a historical variable. It holds the 2023 value of the corresponding variable. Please see the current variable for the variable description.,A5-KS5-Disadvantaged,Private Ages 10 to 19 Mixed sex ,NA
907,KS5_25,TALLPUP_ALEV_1618_DIS_22,This is a historical variable. It holds the 2022 value of the corresponding variable. Please see the current variable for the variable description.,A5-KS5-Disadvantaged,Private Ages 10 to 19 Mixed sex ,NA
908,KS5_25,TALLPPE_ALEV_1618_DIS_24,This is a historical variable. It holds the 2024 value of the corresponding variable. Please see the current variable for the variable description.,A5-KS5-Attainment,Private Ages 10 to 19 Mixed sex ,NA
909,KS5_25,TALLPPE_ALEV_1618_DIS_23,This is a historical variable. It holds the 2023 value of the corresponding variable. Please see the current variable for the variable description.,A5-KS5-Attainment,Private Ages 10 to 19 Mixed sex ,NA
910,KS5_25,TALLPPE_ALEV_1618_DIS_22,This is a historical variable. It holds the 2022 value of the corresponding variable. Please see the current variable for the variable description.,A5-KS5-Attainment,Private Ages 10 to 19 Mixed sex ,NA
911,KS5_25,TALLPPEGRD_ALEV_DIS_24,This is a historical variable. It holds the 2024 value of the corresponding variable. Please see the current variable for the variable description.,A5-KS5-Attainment,Private Ages 10 to 19 Mixed sex ,NA
912,KS5_25,TALLPPEGRD_ALEV_DIS_23,This is a historical variable. It holds the 2023 value of the corresponding variable. Please see the current variable for the variable description.,A5-KS5-Attainment,Private Ages 10 to 19 Mixed sex ,NA
913,KS5_25,TALLPPEGRD_ALEV_DIS_22,This is a historical variable. It holds the 2022 value of the corresponding variable. Please see the current variable for the variable description.,A5-KS5-Attainment,Private Ages 10 to 19 Mixed sex ,NA
914,KS5_25,TALLPUP_ACAD_1618_DIS_24,This is a historical variable. It holds the 2024 value of the corresponding variable. Please see the current variable for the variable description.,A5-KS5-Academic,Private Ages 10 to 19 Mixed sex ,NA
915,KS5_25,TALLPUP_ACAD_1618_DIS_23,This is a historical variable. It holds the 2023 value of the corresponding variable. Please see the current variable for the variable description.,A5-KS5-Academic,Private Ages 10 to 19 Mixed sex ,NA
916,KS5_25,TALLPUP_ACAD_1618_DIS_22,This is a historical variable. It holds the 2022 value of the corresponding variable. Please see the current variable for the variable description.,A5-KS5-Academic,Private Ages 10 to 19 Mixed sex ,NA
917,KS5_25,TALLPPE_ACAD_1618_DIS_24,This is a historical variable. It holds the 2024 value of the corresponding variable. Please see the current variable for the variable description.,A5-KS5-Academic,Private Ages 10 to 19 Mixed sex ,NA
918,KS5_25,TALLPPE_ACAD_1618_DIS_23,This is a historical variable. It holds the 2023 value of the corresponding variable. Please see the current variable for the variable description.,A5-KS5-Academic,Private Ages 10 to 19 Mixed sex ,NA
919,KS5_25,TALLPPE_ACAD_1618_DIS_22,This is a historical variable. It holds the 2022 value of the corresponding variable. Please see the current variable for the variable description.,A5-KS5-Academic,Private Ages 10 to 19 Mixed sex ,NA
920,KS5_25,TALLPPEGRD_ACAD_DIS_24,This is a historical variable. It holds the 2024 value of the corresponding variable. Please see the current variable for the variable description.,A5-KS5-Academic,Private Ages 10 to 19 Mixed sex ,NA
921,KS5_25,TALLPPEGRD_ACAD_DIS_23,This is a historical variable. It holds the 2023 value of the corresponding variable. Please see the current variable for the variable description.,A5-KS5-Academic,Private Ages 10 to 19 Mixed sex ,NA
922,KS5_25,TALLPPEGRD_ACAD_DIS_22,This is a historical variable. It holds the 2022 value of the corresponding variable. Please see the current variable for the variable description.,A5-KS5-Academic,Private Ages 10 to 19 Mixed sex ,NA
923,KS5_25,TALLPUP_AGEN_DIS_24,This is a historical variable. It holds the 2024 value of the corresponding variable. Please see the current variable for the variable description.,A5-KS5-Applied,Private Ages 10 to 19 Mixed sex ,NA
924,KS5_25,TALLPUP_AGEN_DIS_23,This is a historical variable. It holds the 2023 value of the corresponding variable. Please see the current variable for the variable description.,A5-KS5-Applied,Private Ages 10 to 19 Mixed sex ,NA
925,KS5_25,TALLPUP_AGEN_DIS_22,This is a historical variable. It holds the 2022 value of the corresponding variable. Please see the current variable for the variable description.,A5-KS5-Applied,Private Ages 10 to 19 Mixed sex ,NA
926,KS5_25,TALLPPE_AGEN_DIS_24,This is a historical variable. It holds the 2024 value of the corresponding variable. Please see the current variable for the variable description.,A5-KS5-Applied,Private Ages 10 to 19 Mixed sex ,NA
927,KS5_25,TALLPPE_AGEN_DIS_23,This is a historical variable. It holds the 2023 value of the corresponding variable. Please see the current variable for the variable description.,A5-KS5-Applied,Private Ages 10 to 19 Mixed sex ,NA
928,KS5_25,TALLPPE_AGEN_DIS_22,This is a historical variable. It holds the 2022 value of the corresponding variable. Please see the current variable for the variable description.,A5-KS5-Applied,Private Ages 10 to 19 Mixed sex ,NA
929,KS5_25,TALLPPEGRD_AGEN_DIS_24,This is a historical variable. It holds the 2024 value of the corresponding variable. Please see the current variable for the variable description.,A5-KS5-Applied,Private Ages 10 to 19 Mixed sex ,NA
930,KS5_25,TALLPPEGRD_AGEN_DIS_23,This is a historical variable. It holds the 2023 value of the corresponding variable. Please see the current variable for the variable description.,A5-KS5-Applied,Private Ages 10 to 19 Mixed sex ,NA
931,KS5_25,TALLPPEGRD_AGEN_DIS_22,This is a historical variable. It holds the 2022 value of the corresponding variable. Please see the current variable for the variable description.,A5-KS5-Applied,Private Ages 10 to 19 Mixed sex ,NA
932,KS5_25,TALLPUP_TLEV_DIS_24,This is a historical variable. It holds the 2024 value of the corresponding variable. Please see the current variable for the variable description.,A5-KS5-TLevels,Private Ages 10 to 19 Mixed sex ,NA
933,KS5_25,TALLPUP_TLEV_DIS_23,This is a historical variable. It holds the 2023 value of the corresponding variable. Please see the current variable for the variable description.,A5-KS5-TLevels,Private Ages 10 to 19 Mixed sex ,NA
934,KS5_25,TALLPUP_TLEV_DIS_22,This is a historical variable. It holds the 2022 value of the corresponding variable. Please see the current variable for the variable description.,A5-KS5-TLevels,Private Ages 10 to 19 Mixed sex ,NA
935,KS5_25,TALLPPE_TLEV_DIS_24,This is a historical variable. It holds the 2024 value of the corresponding variable. Please see the current variable for the variable description.,A5-KS5-TLevels,Private Ages 10 to 19 Mixed sex ,NA
936,KS5_25,TALLPPE_TLEV_DIS_23,This is a historical variable. It holds the 2023 value of the corresponding variable. Please see the current variable for the variable description.,A5-KS5-TLevels,Private Ages 10 to 19 Mixed sex ,NA
937,KS5_25,TALLPPE_TLEV_DIS_22,This is a historical variable. It holds the 2022 value of the corresponding variable. Please see the current variable for the variable description.,A5-KS5-TLevels,Private Ages 10 to 19 Mixed sex ,NA
938,KS5_25,TALLPPEGRD_TLEV_DIS_24,This is a historical variable. It holds the 2024 value of the corresponding variable. Please see the current variable for the variable description.,A5-KS5-TLevels,Private Ages 10 to 19 Mixed sex ,NA
939,KS5_25,TALLPPEGRD_TLEV_DIS_23,This is a historical variable. It holds the 2023 value of the corresponding variable. Please see the current variable for the variable description.,A5-KS5-TLevels,Private Ages 10 to 19 Mixed sex ,NA
940,KS5_25,TALLPPEGRD_TLEV_DIS_22,This is a historical variable. It holds the 2022 value of the corresponding variable. Please see the current variable for the variable description.,A5-KS5-TLevels,Private Ages 10 to 19 Mixed sex ,NA
941,KS5_25,TALLPUP_TECHCERT_DIS_24,This is a historical variable. It holds the 2024 value of the corresponding variable. Please see the current variable for the variable description.,A5-KS5-Tech,Private Ages 10 to 19 Mixed sex ,NA
942,KS5_25,TALLPUP_TECHCERT_DIS_23,This is a historical variable. It holds the 2023 value of the corresponding variable. Please see the current variable for the variable description.,A5-KS5-Tech,Private Ages 10 to 19 Mixed sex ,NA
943,KS5_25,TALLPUP_TECHCERT_DIS_22,This is a historical variable. It holds the 2022 value of the corresponding variable. Please see the current variable for the variable description.,A5-KS5-Tech,Private Ages 10 to 19 Mixed sex ,NA
944,KS5_25,TALLPPE_TECHCERT_DIS_24,This is a historical variable. It holds the 2024 value of the corresponding variable. Please see the current variable for the variable description.,A5-KS5-Tech,Private Ages 10 to 19 Mixed sex ,NA
945,KS5_25,TALLPPE_TECHCERT_DIS_23,This is a historical variable. It holds the 2023 value of the corresponding variable. Please see the current variable for the variable description.,A5-KS5-Tech,Private Ages 10 to 19 Mixed sex ,NA
946,KS5_25,TALLPPE_TECHCERT_DIS_22,This is a historical variable. It holds the 2022 value of the corresponding variable. Please see the current variable for the variable description.,A5-KS5-Tech,Private Ages 10 to 19 Mixed sex ,NA
947,KS5_25,TALLPPEGRD_TECHCERT_DIS_24,This is a historical variable. It holds the 2024 value of the corresponding variable. Please see the current variable for the variable description.,A5-KS5-Tech,Private Ages 10 to 19 Mixed sex ,NA
948,KS5_25,TALLPPEGRD_TECHCERT_DIS_23,This is a historical variable. It holds the 2023 value of the corresponding variable. Please see the current variable for the variable description.,A5-KS5-Tech,Private Ages 10 to 19 Mixed sex ,NA
949,KS5_25,TALLPPEGRD_TECHCERT_DIS_22,This is a historical variable. It holds the 2022 value of the corresponding variable. Please see the current variable for the variable description.,A5-KS5-Tech,Private Ages 10 to 19 Mixed sex ,NA
950,KS5_25,T_SCOPEEX_E_DIS_24,This is a historical variable. It holds the 2024 value of the corresponding variable. Please see the current variable for the variable description.,A5-KS5-Attainment,Private Ages 10 to 19 Mixed sex ,
951,KS5_25,T_SCOPEEX_E_DIS_23,This is a historical variable. It holds the 2023 value of the corresponding variable. Please see the current variable for the variable description.,A5-KS5-Attainment,Private Ages 10 to 19 Mixed sex ,
952,KS5_25,T_SCOPEEX_E_DIS_22,This is a historical variable. It holds the 2022 value of the corresponding variable. Please see the current variable for the variable description.,A5-KS5-Attainment,Private Ages 10 to 19 Mixed sex ,
953,KS5_25,PROGEX_E_DIS_24,This is a historical variable. It holds the 2024 value of the corresponding variable. Please see the current variable for the variable description.,A5-KS5-Attainment,Private Ages 10 to 19 Mixed sex ,
954,KS5_25,PROGEX_E_DIS_23,This is a historical variable. It holds the 2023 value of the corresponding variable. Please see the current variable for the variable description.,A5-KS5-Attainment,Private Ages 10 to 19 Mixed sex ,
955,KS5_25,PROGEX_E_DIS_22,This is a historical variable. It holds the 2022 value of the corresponding variable. Please see the current variable for the variable description.,A5-KS5-Attainment,Private Ages 10 to 19 Mixed sex ,
956,KS5_25,T_SCOPEEX_M_DIS_24,This is a historical variable. It holds the 2024 value of the corresponding variable. Please see the current variable for the variable description.,A5-KS5-Attainment,Private Ages 10 to 19 Mixed sex ,
957,KS5_25,T_SCOPEEX_M_DIS_23,This is a historical variable. It holds the 2023 value of the corresponding variable. Please see the current variable for the variable description.,A5-KS5-Attainment,Private Ages 10 to 19 Mixed sex ,
958,KS5_25,T_SCOPEEX_M_DIS_22,This is a historical variable. It holds the 2022 value of the corresponding variable. Please see the current variable for the variable description.,A5-KS5-Attainment,Private Ages 10 to 19 Mixed sex ,
959,KS5_25,PROGEX_M_DIS_24,This is a historical variable. It holds the 2024 value of the corresponding variable. Please see the current variable for the variable description.,A5-KS5-Attainment,Private Ages 10 to 19 Mixed sex ,
960,KS5_25,PROGEX_M_DIS_23,This is a historical variable. It holds the 2023 value of the corresponding variable. Please see the current variable for the variable description.,A5-KS5-Attainment,Private Ages 10 to 19 Mixed sex ,
961,KS5_25,PROGEX_M_DIS_22,This is a historical variable. It holds the 2022 value of the corresponding variable. Please see the current variable for the variable description.,A5-KS5-Attainment,Private Ages 10 to 19 Mixed sex ,
962,KS5_25,ENTRIES_ALEV_DIS_24,This is a historical variable. It holds the 2024 value of the corresponding variable. Please see the current variable for the variable description.,A5-KS5-Attainment,Private Ages 10 to 19 Mixed sex ,NA
963,KS5_25,ENTRIES_ALEV_DIS_23,This is a historical variable. It holds the 2023 value of the corresponding variable. Please see the current variable for the variable description.,A5-KS5-Attainment,Private Ages 10 to 19 Mixed sex ,
964,KS5_25,ENTRIES_ALEV_DIS_22,This is a historical variable. It holds the 2022 value of the corresponding variable. Please see the current variable for the variable description.,A5-KS5-Attainment,Private Ages 10 to 19 Mixed sex ,
965,KS5_25,VA_INS_ALEV_DIS_24,This is a historical variable. It holds the 2024 value of the corresponding variable. Please see the current variable for the variable description.,A5-KS5-Progress,Private Ages 10 to 19 Mixed sex ,NA
966,KS5_25,VA_INS_ALEV_DIS_23,This is a historical variable. It holds the 2023 value of the corresponding variable. Please see the current variable for the variable description.,A5-KS5-Progress,Private Ages 10 to 19 Mixed sex ,
967,KS5_25,VA_INS_ALEV_DIS_22,This is a historical variable. It holds the 2022 value of the corresponding variable. Please see the current variable for the variable description.,A5-KS5-Progress,Private Ages 10 to 19 Mixed sex ,
968,KS5_25,UCI_INS_ALEV_DIS_24,This is a historical variable. It holds the 2024 value of the corresponding variable. Please see the current variable for the variable description.,A5-KS5-Progress,Private Ages 10 to 19 Mixed sex ,NA
969,KS5_25,UCI_INS_ALEV_DIS_23,This is a historical variable. It holds the 2023 value of the corresponding variable. Please see the current variable for the variable description.,A5-KS5-Progress,Private Ages 10 to 19 Mixed sex ,
970,KS5_25,UCI_INS_ALEV_DIS_22,This is a historical variable. It holds the 2022 value of the corresponding variable. Please see the current variable for the variable description.,A5-KS5-Progress,Private Ages 10 to 19 Mixed sex ,
971,KS5_25,LCI_INS_ALEV_DIS_24,This is a historical variable. It holds the 2024 value of the corresponding variable. Please see the current variable for the variable description.,A5-KS5-Progress,Private Ages 10 to 19 Mixed sex ,NA
972,KS5_25,LCI_INS_ALEV_DIS_23,This is a historical variable. It holds the 2023 value of the corresponding variable. Please see the current variable for the variable description.,A5-KS5-Progress,Private Ages 10 to 19 Mixed sex ,
973,KS5_25,LCI_INS_ALEV_DIS_22,This is a historical variable. It holds the 2022 value of the corresponding variable. Please see the current variable for the variable description.,A5-KS5-Progress,Private Ages 10 to 19 Mixed sex ,
974,KS5_25,ENTRIES_ACAD_DIS_24,This is a historical variable. It holds the 2024 value of the corresponding variable. Please see the current variable for the variable description.,A5-KS5-Academic,Private Ages 10 to 19 Mixed sex ,NA
975,KS5_25,ENTRIES_ACAD_DIS_23,This is a historical variable. It holds the 2023 value of the corresponding variable. Please see the current variable for the variable description.,A5-KS5-Academic,Private Ages 10 to 19 Mixed sex ,
976,KS5_25,ENTRIES_ACAD_DIS_22,This is a historical variable. It holds the 2022 value of the corresponding variable. Please see the current variable for the variable description.,A5-KS5-Academic,Private Ages 10 to 19 Mixed sex ,
977,KS5_25,VA_INS_ACAD_DIS_24,This is a historical variable. It holds the 2024 value of the corresponding variable. Please see the current variable for the variable description.,A5-KS5-Progress,Private Ages 10 to 19 Mixed sex ,NA
978,KS5_25,VA_INS_ACAD_DIS_23,This is a historical variable. It holds the 2023 value of the corresponding variable. Please see the current variable for the variable description.,A5-KS5-Progress,Private Ages 10 to 19 Mixed sex ,
979,KS5_25,VA_INS_ACAD_DIS_22,This is a historical variable. It holds the 2022 value of the corresponding variable. Please see the current variable for the variable description.,A5-KS5-Progress,Private Ages 10 to 19 Mixed sex ,
980,KS5_25,UCI_INS_ACAD_DIS_24,This is a historical variable. It holds the 2024 value of the corresponding variable. Please see the current variable for the variable description.,A5-KS5-Progress,Private Ages 10 to 19 Mixed sex ,NA
981,KS5_25,UCI_INS_ACAD_DIS_23,This is a historical variable. It holds the 2023 value of the corresponding variable. Please see the current variable for the variable description.,A5-KS5-Progress,Private Ages 10 to 19 Mixed sex ,
982,KS5_25,UCI_INS_ACAD_DIS_22,This is a historical variable. It holds the 2022 value of the corresponding variable. Please see the current variable for the variable description.,A5-KS5-Progress,Private Ages 10 to 19 Mixed sex ,
983,KS5_25,LCI_INS_ACAD_DIS_24,This is a historical variable. It holds the 2024 value of the corresponding variable. Please see the current variable for the variable description.,A5-KS5-Progress,Private Ages 10 to 19 Mixed sex ,NA
984,KS5_25,LCI_INS_ACAD_DIS_23,This is a historical variable. It holds the 2023 value of the corresponding variable. Please see the current variable for the variable description.,A5-KS5-Progress,Private Ages 10 to 19 Mixed sex ,
985,KS5_25,LCI_INS_ACAD_DIS_22,This is a historical variable. It holds the 2022 value of the corresponding variable. Please see the current variable for the variable description.,A5-KS5-Progress,Private Ages 10 to 19 Mixed sex ,
986,KS5_25,ENTRIES_AGEN_DIS_24,This is a historical variable. It holds the 2024 value of the corresponding variable. Please see the current variable for the variable description.,A5-KS5-Applied,Private Ages 10 to 19 Mixed sex ,NA
987,KS5_25,ENTRIES_AGEN_DIS_23,This is a historical variable. It holds the 2023 value of the corresponding variable. Please see the current variable for the variable description.,A5-KS5-Applied,Private Ages 10 to 19 Mixed sex ,
988,KS5_25,ENTRIES_AGEN_DIS_22,This is a historical variable. It holds the 2022 value of the corresponding variable. Please see the current variable for the variable description.,A5-KS5-Applied,Private Ages 10 to 19 Mixed sex ,
989,KS5_25,VA_INS_AGEN_DIS_24,This is a historical variable. It holds the 2024 value of the corresponding variable. Please see the current variable for the variable description.,A5-KS5-Progress,Private Ages 10 to 19 Mixed sex ,NA
990,KS5_25,VA_INS_AGEN_DIS_23,This is a historical variable. It holds the 2023 value of the corresponding variable. Please see the current variable for the variable description.,A5-KS5-Progress,Private Ages 10 to 19 Mixed sex ,
991,KS5_25,VA_INS_AGEN_DIS_22,This is a historical variable. It holds the 2022 value of the corresponding variable. Please see the current variable for the variable description.,A5-KS5-Progress,Private Ages 10 to 19 Mixed sex ,
992,KS5_25,UCI_INS_AGEN_DIS_24,This is a historical variable. It holds the 2024 value of the corresponding variable. Please see the current variable for the variable description.,A5-KS5-Progress,Private Ages 10 to 19 Mixed sex ,NA
993,KS5_25,UCI_INS_AGEN_DIS_23,This is a historical variable. It holds the 2023 value of the corresponding variable. Please see the current variable for the variable description.,A5-KS5-Progress,Private Ages 10 to 19 Mixed sex ,
994,KS5_25,UCI_INS_AGEN_DIS_22,This is a historical variable. It holds the 2022 value of the corresponding variable. Please see the current variable for the variable description.,A5-KS5-Progress,Private Ages 10 to 19 Mixed sex ,
995,KS5_25,LCI_INS_AGEN_DIS_24,This is a historical variable. It holds the 2024 value of the corresponding variable. Please see the current variable for the variable description.,A5-KS5-Progress,Private Ages 10 to 19 Mixed sex ,NA
996,KS5_25,LCI_INS_AGEN_DIS_23,This is a historical variable. It holds the 2023 value of the corresponding variable. Please see the current variable for the variable description.,A5-KS5-Progress,Private Ages 10 to 19 Mixed sex ,
997,KS5_25,LCI_INS_AGEN_DIS_22,This is a historical variable. It holds the 2022 value of the corresponding variable. Please see the current variable for the variable description.,A5-KS5-Progress,Private Ages 10 to 19 Mixed sex ,
998,KS5_25,T_INSCOPE_ALEV_RET_DIS_24,This is a historical variable. It holds the 2024 value of the corresponding variable. Please see the current variable for the variable description.,A5-KS5,Private Ages 10 to 19 Mixed sex ,NA
999,KS5_25,T_INSCOPE_ALEV_RET_DIS_23,This is a historical variable. It holds the 2023 value of the corresponding variable. Please see the current variable for the variable description.,A5-KS5,Private Ages 10 to 19 Mixed sex ,NA
1000,KS5_25,T_INSCOPE_ALEV_RET_DIS_22,This is a historical variable. It holds the 2022 value of the corresponding variable. Please see the current variable for the variable description.,A5-KS5,Private Ages 10 to 19 Mixed sex ,NA
1001,KS5_25,PT_RETAINED_ALEV_RET_DIS_24,This is a historical variable. It holds the 2024 value of the corresponding variable. Please see the current variable for the variable description.,A5-KS5-Facilitating,Private Ages 10 to 19 Mixed sex ,NA
1002,KS5_25,PT_RETAINED_ALEV_RET_DIS_23,This is a historical variable. It holds the 2023 value of the corresponding variable. Please see the current variable for the variable description.,A5-KS5-Facilitating,Private Ages 10 to 19 Mixed sex ,NA
1003,KS5_25,PT_RETAINED_ALEV_RET_DIS_22,This is a historical variable. It holds the 2022 value of the corresponding variable. Please see the current variable for the variable description.,A5-KS5-Facilitating,Private Ages 10 to 19 Mixed sex ,NA
1004,KS5_25,T_INSCOPE_ACAD_RET_DIS_24,This is a historical variable. It holds the 2024 value of the corresponding variable. Please see the current variable for the variable description.,A5-KS5,Private Ages 10 to 19 Mixed sex ,NA
1005,KS5_25,T_INSCOPE_ACAD_RET_DIS_23,This is a historical variable. It holds the 2023 value of the corresponding variable. Please see the current variable for the variable description.,A5-KS5,Private Ages 10 to 19 Mixed sex ,NA
1006,KS5_25,T_INSCOPE_ACAD_RET_DIS_22,This is a historical variable. It holds the 2022 value of the corresponding variable. Please see the current variable for the variable description.,A5-KS5,Private Ages 10 to 19 Mixed sex ,NA
1007,KS5_25,PT_RETAINED_ACAD_RET_DIS_24,This is a historical variable. It holds the 2024 value of the corresponding variable. Please see the current variable for the variable description.,A5-KS5-Facilitating,Private Ages 10 to 19 Mixed sex ,NA
1008,KS5_25,PT_RETAINED_ACAD_RET_DIS_23,This is a historical variable. It holds the 2023 value of the corresponding variable. Please see the current variable for the variable description.,A5-KS5-Facilitating,Private Ages 10 to 19 Mixed sex ,NA
1009,KS5_25,PT_RETAINED_ACAD_RET_DIS_22,This is a historical variable. It holds the 2022 value of the corresponding variable. Please see the current variable for the variable description.,A5-KS5-Facilitating,Private Ages 10 to 19 Mixed sex ,NA
1010,KS5_25,T_INSCOPE_AGEN_RET_DIS_24,This is a historical variable. It holds the 2024 value of the corresponding variable. Please see the current variable for the variable description.,A5-KS5,Private Ages 10 to 19 Mixed sex ,NA
1011,KS5_25,T_INSCOPE_AGEN_RET_DIS_23,This is a historical variable. It holds the 2023 value of the corresponding variable. Please see the current variable for the variable description.,A5-KS5,Private Ages 10 to 19 Mixed sex ,NA
1012,KS5_25,T_INSCOPE_AGEN_RET_DIS_22,This is a historical variable. It holds the 2022 value of the corresponding variable. Please see the current variable for the variable description.,A5-KS5,Private Ages 10 to 19 Mixed sex ,NA
1013,KS5_25,PT_RETAINED_AGEN_RET_DIS_24,This is a historical variable. It holds the 2024 value of the corresponding variable. Please see the current variable for the variable description.,A5-KS5-Facilitating,Private Ages 10 to 19 Mixed sex ,NA
1014,KS5_25,PT_RETAINED_AGEN_RET_DIS_23,This is a historical variable. It holds the 2023 value of the corresponding variable. Please see the current variable for the variable description.,A5-KS5-Facilitating,Private Ages 10 to 19 Mixed sex ,NA
1015,KS5_25,PT_RETAINED_AGEN_RET_DIS_22,This is a historical variable. It holds the 2022 value of the corresponding variable. Please see the current variable for the variable description.,A5-KS5-Facilitating,Private Ages 10 to 19 Mixed sex ,NA
1016,KS5_25,T_INSCOPE_TLEV_RET_DIS_24,This is a historical variable. It holds the 2024 value of the corresponding variable. Please see the current variable for the variable description.,A5-KS5,Private Ages 10 to 19 Mixed sex ,NA
1017,KS5_25,T_INSCOPE_TLEV_RET_DIS_23,This is a historical variable. It holds the 2023 value of the corresponding variable. Please see the current variable for the variable description.,A5-KS5,Private Ages 10 to 19 Mixed sex ,NA
1018,KS5_25,T_INSCOPE_TLEV_RET_DIS_22,This is a historical variable. It holds the 2022 value of the corresponding variable. Please see the current variable for the variable description.,A5-KS5,Private Ages 10 to 19 Mixed sex ,NA
1019,KS5_25,PT_RETAINED_TLEV_RET_DIS_24,This is a historical variable. It holds the 2024 value of the corresponding variable. Please see the current variable for the variable description.,A5-KS5-Facilitating,Private Ages 10 to 19 Mixed sex ,NA
1020,KS5_25,PT_RETAINED_TLEV_RET_DIS_23,This is a historical variable. It holds the 2023 value of the corresponding variable. Please see the current variable for the variable description.,A5-KS5-Facilitating,Private Ages 10 to 19 Mixed sex ,NA
1021,KS5_25,PT_RETAINED_TLEV_RET_DIS_22,This is a historical variable. It holds the 2022 value of the corresponding variable. Please see the current variable for the variable description.,A5-KS5-Facilitating,Private Ages 10 to 19 Mixed sex ,NA
1022,KS5_25,T_INSCOPE_TECHCERT_RET_DIS_24,This is a historical variable. It holds the 2024 value of the corresponding variable. Please see the current variable for the variable description.,A5-KS5,Private Ages 10 to 19 Mixed sex ,NA
1023,KS5_25,T_INSCOPE_TECHCERT_RET_DIS_23,This is a historical variable. It holds the 2023 value of the corresponding variable. Please see the current variable for the variable description.,A5-KS5,Private Ages 10 to 19 Mixed sex ,NA
1024,KS5_25,T_INSCOPE_TECHCERT_RET_DIS_22,This is a historical variable. It holds the 2022 value of the corresponding variable. Please see the current variable for the variable description.,A5-KS5,Private Ages 10 to 19 Mixed sex ,NA
1025,KS5_25,PT_RETAINED_TECHCERT_RET_DIS_24,This is a historical variable. It holds the 2024 value of the corresponding variable. Please see the current variable for the variable description.,A5-KS5-Facilitating,Private Ages 10 to 19 Mixed sex ,NA
1026,KS5_25,PT_RETAINED_TECHCERT_RET_DIS_23,This is a historical variable. It holds the 2023 value of the corresponding variable. Please see the current variable for the variable description.,A5-KS5-Facilitating,Private Ages 10 to 19 Mixed sex ,NA
1027,KS5_25,PT_RETAINED_TECHCERT_RET_DIS_22,This is a historical variable. It holds the 2022 value of the corresponding variable. Please see the current variable for the variable description.,A5-KS5-Facilitating,Private Ages 10 to 19 Mixed sex ,NA
1028,KS5_25,TALLPUP_1618_NOTDIS_24,This is a historical variable. It holds the 2024 value of the corresponding variable. Please see the current variable for the variable description.,A5-KS5-Attainment,Private Ages 10 to 19 Mixed sex ,NA
1029,KS5_25,TALLPUP_1618_NOTDIS_23,This is a historical variable. It holds the 2023 value of the corresponding variable. Please see the current variable for the variable description.,A5-KS5-Attainment,Private Ages 10 to 19 Mixed sex ,NA
1030,KS5_25,TALLPUP_1618_NOTDIS_22,This is a historical variable. It holds the 2022 value of the corresponding variable. Please see the current variable for the variable description.,A5-KS5-Attainment,Private Ages 10 to 19 Mixed sex ,NA
1031,KS5_25,TALLPUP_ALEV_1618_NOTDIS_24,This is a historical variable. It holds the 2024 value of the corresponding variable. Please see the current variable for the variable description.,A5-KS5-Attainment,Private Ages 10 to 19 Mixed sex ,NA
1032,KS5_25,TALLPUP_ALEV_1618_NOTDIS_23,This is a historical variable. It holds the 2023 value of the corresponding variable. Please see the current variable for the variable description.,A5-KS5-Attainment,Private Ages 10 to 19 Mixed sex ,NA
1033,KS5_25,TALLPUP_ALEV_1618_NOTDIS_22,This is a historical variable. It holds the 2022 value of the corresponding variable. Please see the current variable for the variable description.,A5-KS5-Attainment,Private Ages 10 to 19 Mixed sex ,NA
1034,KS5_25,TALLPPE_ALEV_1618_NOTDIS_24,This is a historical variable. It holds the 2024 value of the corresponding variable. Please see the current variable for the variable description.,A5-KS5-Attainment,Private Ages 10 to 19 Mixed sex ,NA
1035,KS5_25,TALLPPE_ALEV_1618_NOTDIS_23,This is a historical variable. It holds the 2023 value of the corresponding variable. Please see the current variable for the variable description.,A5-KS5-Attainment,Private Ages 10 to 19 Mixed sex ,NA
1036,KS5_25,TALLPPE_ALEV_1618_NOTDIS_22,This is a historical variable. It holds the 2022 value of the corresponding variable. Please see the current variable for the variable description.,A5-KS5-Attainment,Private Ages 10 to 19 Mixed sex ,NA
1037,KS5_25,TALLPPEGRD_ALEV_NOTDIS_24,This is a historical variable. It holds the 2024 value of the corresponding variable. Please see the current variable for the variable description.,A5-KS5-Attainment,Private Ages 10 to 19 Mixed sex ,NA
1038,KS5_25,TALLPPEGRD_ALEV_NOTDIS_23,This is a historical variable. It holds the 2023 value of the corresponding variable. Please see the current variable for the variable description.,A5-KS5-Attainment,Private Ages 10 to 19 Mixed sex ,NA
1039,KS5_25,TALLPPEGRD_ALEV_NOTDIS_22,This is a historical variable. It holds the 2022 value of the corresponding variable. Please see the current variable for the variable description.,A5-KS5-Attainment,Private Ages 10 to 19 Mixed sex ,NA
1040,KS5_25,TALLPUP_ACAD_1618_NOTDIS_24,This is a historical variable. It holds the 2024 value of the corresponding variable. Please see the current variable for the variable description.,A5-KS5-Academic,Private Ages 10 to 19 Mixed sex ,NA
1041,KS5_25,TALLPUP_ACAD_1618_NOTDIS_23,This is a historical variable. It holds the 2023 value of the corresponding variable. Please see the current variable for the variable description.,A5-KS5-Academic,Private Ages 10 to 19 Mixed sex ,NA
1042,KS5_25,TALLPUP_ACAD_1618_NOTDIS_22,This is a historical variable. It holds the 2022 value of the corresponding variable. Please see the current variable for the variable description.,A5-KS5-Academic,Private Ages 10 to 19 Mixed sex ,NA
1043,KS5_25,TALLPPE_ACAD_1618_NOTDIS_24,This is a historical variable. It holds the 2024 value of the corresponding variable. Please see the current variable for the variable description.,A5-KS5-Academic,Private Ages 10 to 19 Mixed sex ,NA
1044,KS5_25,TALLPPE_ACAD_1618_NOTDIS_23,This is a historical variable. It holds the 2023 value of the corresponding variable. Please see the current variable for the variable description.,A5-KS5-Academic,Private Ages 10 to 19 Mixed sex ,NA
1045,KS5_25,TALLPPE_ACAD_1618_NOTDIS_22,This is a historical variable. It holds the 2022 value of the corresponding variable. Please see the current variable for the variable description.,A5-KS5-Academic,Private Ages 10 to 19 Mixed sex ,NA
1046,KS5_25,TALLPPEGRD_ACAD_NOTDIS_24,This is a historical variable. It holds the 2024 value of the corresponding variable. Please see the current variable for the variable description.,A5-KS5-Academic,Private Ages 10 to 19 Mixed sex ,NA
1047,KS5_25,TALLPPEGRD_ACAD_NOTDIS_23,This is a historical variable. It holds the 2023 value of the corresponding variable. Please see the current variable for the variable description.,A5-KS5-Academic,Private Ages 10 to 19 Mixed sex ,NA
1048,KS5_25,TALLPPEGRD_ACAD_NOTDIS_22,This is a historical variable. It holds the 2022 value of the corresponding variable. Please see the current variable for the variable description.,A5-KS5-Academic,Private Ages 10 to 19 Mixed sex ,NA
1049,KS5_25,TALLPUP_AGEN_NOTDIS_24,This is a historical variable. It holds the 2024 value of the corresponding variable. Please see the current variable for the variable description.,A5-KS5-Applied,Private Ages 10 to 19 Mixed sex ,NA
1050,KS5_25,TALLPUP_AGEN_NOTDIS_23,This is a historical variable. It holds the 2023 value of the corresponding variable. Please see the current variable for the variable description.,A5-KS5-Applied,Private Ages 10 to 19 Mixed sex ,NA
1051,KS5_25,TALLPUP_AGEN_NOTDIS_22,This is a historical variable. It holds the 2022 value of the corresponding variable. Please see the current variable for the variable description.,A5-KS5-Applied,Private Ages 10 to 19 Mixed sex ,NA
1052,KS5_25,TALLPPE_AGEN_NOTDIS_24,This is a historical variable. It holds the 2024 value of the corresponding variable. Please see the current variable for the variable description.,A5-KS5-Applied,Private Ages 10 to 19 Mixed sex ,NA
1053,KS5_25,TALLPPE_AGEN_NOTDIS_23,This is a historical variable. It holds the 2023 value of the corresponding variable. Please see the current variable for the variable description.,A5-KS5-Applied,Private Ages 10 to 19 Mixed sex ,NA
1054,KS5_25,TALLPPE_AGEN_NOTDIS_22,This is a historical variable. It holds the 2022 value of the corresponding variable. Please see the current variable for the variable description.,A5-KS5-Applied,Private Ages 10 to 19 Mixed sex ,NA
1055,KS5_25,TALLPPEGRD_AGEN_NOTDIS_24,This is a historical variable. It holds the 2024 value of the corresponding variable. Please see the current variable for the variable description.,A5-KS5-Applied,Private Ages 10 to 19 Mixed sex ,NA
1056,KS5_25,TALLPPEGRD_AGEN_NOTDIS_23,This is a historical variable. It holds the 2023 value of the corresponding variable. Please see the current variable for the variable description.,A5-KS5-Applied,Private Ages 10 to 19 Mixed sex ,NA
1057,KS5_25,TALLPPEGRD_AGEN_NOTDIS_22,This is a historical variable. It holds the 2022 value of the corresponding variable. Please see the current variable for the variable description.,A5-KS5-Applied,Private Ages 10 to 19 Mixed sex ,NA
1058,KS5_25,TALLPUP_TLEV_NOTDIS_24,This is a historical variable. It holds the 2024 value of the corresponding variable. Please see the current variable for the variable description.,A5-KS5-TLevels,Private Ages 10 to 19 Mixed sex ,NA
1059,KS5_25,TALLPUP_TLEV_NOTDIS_23,This is a historical variable. It holds the 2023 value of the corresponding variable. Please see the current variable for the variable description.,A5-KS5-TLevels,Private Ages 10 to 19 Mixed sex ,NA
1060,KS5_25,TALLPUP_TLEV_NOTDIS_22,This is a historical variable. It holds the 2022 value of the corresponding variable. Please see the current variable for the variable description.,A5-KS5-TLevels,Private Ages 10 to 19 Mixed sex ,NA
1061,KS5_25,TALLPPE_TLEV_NOTDIS_24,This is a historical variable. It holds the 2024 value of the corresponding variable. Please see the current variable for the variable description.,A5-KS5-TLevels,Private Ages 10 to 19 Mixed sex ,NA
1062,KS5_25,TALLPPE_TLEV_NOTDIS_23,This is a historical variable. It holds the 2023 value of the corresponding variable. Please see the current variable for the variable description.,A5-KS5-TLevels,Private Ages 10 to 19 Mixed sex ,NA
1063,KS5_25,TALLPPE_TLEV_NOTDIS_22,This is a historical variable. It holds the 2022 value of the corresponding variable. Please see the current variable for the variable description.,A5-KS5-TLevels,Private Ages 10 to 19 Mixed sex ,NA
1064,KS5_25,TALLPPEGRD_TLEV_NOTDIS_24,This is a historical variable. It holds the 2024 value of the corresponding variable. Please see the current variable for the variable description.,A5-KS5-TLevels,Private Ages 10 to 19 Mixed sex ,NA
1065,KS5_25,TALLPPEGRD_TLEV_NOTDIS_23,This is a historical variable. It holds the 2023 value of the corresponding variable. Please see the current variable for the variable description.,A5-KS5-TLevels,Private Ages 10 to 19 Mixed sex ,NA
1066,KS5_25,TALLPPEGRD_TLEV_NOTDIS_22,This is a historical variable. It holds the 2022 value of the corresponding variable. Please see the current variable for the variable description.,A5-KS5-TLevels,Private Ages 10 to 19 Mixed sex ,NA
1067,KS5_25,TALLPUP_TECHCERT_NOTDIS_24,This is a historical variable. It holds the 2024 value of the corresponding variable. Please see the current variable for the variable description.,A5-KS5-Tech,Private Ages 10 to 19 Mixed sex ,NA
1068,KS5_25,TALLPUP_TECHCERT_NOTDIS_23,This is a historical variable. It holds the 2023 value of the corresponding variable. Please see the current variable for the variable description.,A5-KS5-Tech,Private Ages 10 to 19 Mixed sex ,NA
1069,KS5_25,TALLPUP_TECHCERT_NOTDIS_22,This is a historical variable. It holds the 2022 value of the corresponding variable. Please see the current variable for the variable description.,A5-KS5-Tech,Private Ages 10 to 19 Mixed sex ,NA
1070,KS5_25,TALLPPE_TECHCERT_NOTDIS_24,This is a historical variable. It holds the 2024 value of the corresponding variable. Please see the current variable for the variable description.,A5-KS5-Tech,Private Ages 10 to 19 Mixed sex ,NA
1071,KS5_25,TALLPPE_TECHCERT_NOTDIS_23,This is a historical variable. It holds the 2023 value of the corresponding variable. Please see the current variable for the variable description.,A5-KS5-Tech,Private Ages 10 to 19 Mixed sex ,NA
1072,KS5_25,TALLPPE_TECHCERT_NOTDIS_22,This is a historical variable. It holds the 2022 value of the corresponding variable. Please see the current variable for the variable description.,A5-KS5-Tech,Private Ages 10 to 19 Mixed sex ,NA
1073,KS5_25,TALLPPEGRD_TECHCERT_NOTDIS_24,This is a historical variable. It holds the 2024 value of the corresponding variable. Please see the current variable for the variable description.,A5-KS5-Tech,Private Ages 10 to 19 Mixed sex ,NA
1074,KS5_25,TALLPPEGRD_TECHCERT_NOTDIS_23,This is a historical variable. It holds the 2023 value of the corresponding variable. Please see the current variable for the variable description.,A5-KS5-Tech,Private Ages 10 to 19 Mixed sex ,NA
1075,KS5_25,TALLPPEGRD_TECHCERT_NOTDIS_22,This is a historical variable. It holds the 2022 value of the corresponding variable. Please see the current variable for the variable description.,A5-KS5-Tech,Private Ages 10 to 19 Mixed sex ,NA
1076,KS5_25,T_SCOPEEX_E_NOTDIS_24,This is a historical variable. It holds the 2024 value of the corresponding variable. Please see the current variable for the variable description.,A5-KS5-Attainment,Private Ages 10 to 19 Mixed sex ,
1077,KS5_25,T_SCOPEEX_E_NOTDIS_23,This is a historical variable. It holds the 2023 value of the corresponding variable. Please see the current variable for the variable description.,A5-KS5-Attainment,Private Ages 10 to 19 Mixed sex ,
1078,KS5_25,T_SCOPEEX_E_NOTDIS_22,This is a historical variable. It holds the 2022 value of the corresponding variable. Please see the current variable for the variable description.,A5-KS5-Attainment,Private Ages 10 to 19 Mixed sex ,
1079,KS5_25,PROGEX_E_NOTDIS_24,This is a historical variable. It holds the 2024 value of the corresponding variable. Please see the current variable for the variable description.,A5-KS5-Attainment,Private Ages 10 to 19 Mixed sex ,
1080,KS5_25,PROGEX_E_NOTDIS_23,This is a historical variable. It holds the 2023 value of the corresponding variable. Please see the current variable for the variable description.,A5-KS5-Attainment,Private Ages 10 to 19 Mixed sex ,
1081,KS5_25,PROGEX_E_NOTDIS_22,This is a historical variable. It holds the 2022 value of the corresponding variable. Please see the current variable for the variable description.,A5-KS5-Attainment,Private Ages 10 to 19 Mixed sex ,
1082,KS5_25,T_SCOPEEX_M_NOTDIS_24,This is a historical variable. It holds the 2024 value of the corresponding variable. Please see the current variable for the variable description.,A5-KS5-Attainment,Private Ages 10 to 19 Mixed sex ,
1083,KS5_25,T_SCOPEEX_M_NOTDIS_23,This is a historical variable. It holds the 2023 value of the corresponding variable. Please see the current variable for the variable description.,A5-KS5-Attainment,Private Ages 10 to 19 Mixed sex ,
1084,KS5_25,T_SCOPEEX_M_NOTDIS_22,This is a historical variable. It holds the 2022 value of the corresponding variable. Please see the current variable for the variable description.,A5-KS5-Attainment,Private Ages 10 to 19 Mixed sex ,
1085,KS5_25,PROGEX_M_NOTDIS_24,This is a historical variable. It holds the 2024 value of the corresponding variable. Please see the current variable for the variable description.,A5-KS5-Attainment,Private Ages 10 to 19 Mixed sex ,
1086,KS5_25,PROGEX_M_NOTDIS_23,This is a historical variable. It holds the 2023 value of the corresponding variable. Please see the current variable for the variable description.,A5-KS5-Attainment,Private Ages 10 to 19 Mixed sex ,
1087,KS5_25,PROGEX_M_NOTDIS_22,This is a historical variable. It holds the 2022 value of the corresponding variable. Please see the current variable for the variable description.,A5-KS5-Attainment,Private Ages 10 to 19 Mixed sex ,
1088,KS5_25,ENTRIES_ALEV_NOTDIS_24,This is a historical variable. It holds the 2024 value of the corresponding variable. Please see the current variable for the variable description.,A5-KS5-Attainment,Private Ages 10 to 19 Mixed sex ,NA
1089,KS5_25,ENTRIES_ALEV_NOTDIS_23,This is a historical variable. It holds the 2023 value of the corresponding variable. Please see the current variable for the variable description.,A5-KS5-Attainment,Private Ages 10 to 19 Mixed sex ,
1090,KS5_25,ENTRIES_ALEV_NOTDIS_22,This is a historical variable. It holds the 2022 value of the corresponding variable. Please see the current variable for the variable description.,A5-KS5-Attainment,Private Ages 10 to 19 Mixed sex ,
1091,KS5_25,VA_INS_ALEV_NOTDIS_24,This is a historical variable. It holds the 2024 value of the corresponding variable. Please see the current variable for the variable description.,A5-KS5-Progress,Private Ages 10 to 19 Mixed sex ,NA
1092,KS5_25,VA_INS_ALEV_NOTDIS_23,This is a historical variable. It holds the 2023 value of the corresponding variable. Please see the current variable for the variable description.,A5-KS5-Progress,Private Ages 10 to 19 Mixed sex ,
1093,KS5_25,VA_INS_ALEV_NOTDIS_22,This is a historical variable. It holds the 2022 value of the corresponding variable. Please see the current variable for the variable description.,A5-KS5-Progress,Private Ages 10 to 19 Mixed sex ,
1094,KS5_25,UCI_INS_ALEV_NOTDIS_24,This is a historical variable. It holds the 2024 value of the corresponding variable. Please see the current variable for the variable description.,A5-KS5-Progress,Private Ages 10 to 19 Mixed sex ,NA
1095,KS5_25,UCI_INS_ALEV_NOTDIS_23,This is a historical variable. It holds the 2023 value of the corresponding variable. Please see the current variable for the variable description.,A5-KS5-Progress,Private Ages 10 to 19 Mixed sex ,
1096,KS5_25,UCI_INS_ALEV_NOTDIS_22,This is a historical variable. It holds the 2022 value of the corresponding variable. Please see the current variable for the variable description.,A5-KS5-Progress,Private Ages 10 to 19 Mixed sex ,
1097,KS5_25,LCI_INS_ALEV_NOTDIS_24,This is a historical variable. It holds the 2024 value of the corresponding variable. Please see the current variable for the variable description.,A5-KS5-Progress,Private Ages 10 to 19 Mixed sex ,NA
1098,KS5_25,LCI_INS_ALEV_NOTDIS_23,This is a historical variable. It holds the 2023 value of the corresponding variable. Please see the current variable for the variable description.,A5-KS5-Progress,Private Ages 10 to 19 Mixed sex ,
1099,KS5_25,LCI_INS_ALEV_NOTDIS_22,This is a historical variable. It holds the 2022 value of the corresponding variable. Please see the current variable for the variable description.,A5-KS5-Progress,Private Ages 10 to 19 Mixed sex ,
1100,KS5_25,ENTRIES_ACAD_NOTDIS_24,This is a historical variable. It holds the 2024 value of the corresponding variable. Please see the current variable for the variable description.,A5-KS5-Academic,Private Ages 10 to 19 Mixed sex ,NA
1101,KS5_25,ENTRIES_ACAD_NOTDIS_23,This is a historical variable. It holds the 2023 value of the corresponding variable. Please see the current variable for the variable description.,A5-KS5-Academic,Private Ages 10 to 19 Mixed sex ,
1102,KS5_25,ENTRIES_ACAD_NOTDIS_22,This is a historical variable. It holds the 2022 value of the corresponding variable. Please see the current variable for the variable description.,A5-KS5-Academic,Private Ages 10 to 19 Mixed sex ,
1103,KS5_25,VA_INS_ACAD_NOTDIS_24,This is a historical variable. It holds the 2024 value of the corresponding variable. Please see the current variable for the variable description.,A5-KS5-Progress,Private Ages 10 to 19 Mixed sex ,NA
1104,KS5_25,VA_INS_ACAD_NOTDIS_23,This is a historical variable. It holds the 2023 value of the corresponding variable. Please see the current variable for the variable description.,A5-KS5-Progress,Private Ages 10 to 19 Mixed sex ,
1105,KS5_25,VA_INS_ACAD_NOTDIS_22,This is a historical variable. It holds the 2022 value of the corresponding variable. Please see the current variable for the variable description.,A5-KS5-Progress,Private Ages 10 to 19 Mixed sex ,
1106,KS5_25,UCI_INS_ACAD_NOTDIS_24,This is a historical variable. It holds the 2024 value of the corresponding variable. Please see the current variable for the variable description.,A5-KS5-Progress,Private Ages 10 to 19 Mixed sex ,NA
1107,KS5_25,UCI_INS_ACAD_NOTDIS_23,This is a historical variable. It holds the 2023 value of the corresponding variable. Please see the current variable for the variable description.,A5-KS5-Progress,Private Ages 10 to 19 Mixed sex ,
1108,KS5_25,UCI_INS_ACAD_NOTDIS_22,This is a historical variable. It holds the 2022 value of the corresponding variable. Please see the current variable for the variable description.,A5-KS5-Progress,Private Ages 10 to 19 Mixed sex ,
1109,KS5_25,LCI_INS_ACAD_NOTDIS_24,This is a historical variable. It holds the 2024 value of the corresponding variable. Please see the current variable for the variable description.,A5-KS5-Progress,Private Ages 10 to 19 Mixed sex ,NA
1110,KS5_25,LCI_INS_ACAD_NOTDIS_23,This is a historical variable. It holds the 2023 value of the corresponding variable. Please see the current variable for the variable description.,A5-KS5-Progress,Private Ages 10 to 19 Mixed sex ,
1111,KS5_25,LCI_INS_ACAD_NOTDIS_22,This is a historical variable. It holds the 2022 value of the corresponding variable. Please see the current variable for the variable description.,A5-KS5-Progress,Private Ages 10 to 19 Mixed sex ,
1112,KS5_25,ENTRIES_AGEN_NOTDIS_24,This is a historical variable. It holds the 2024 value of the corresponding variable. Please see the current variable for the variable description.,A5-KS5-Applied,Private Ages 10 to 19 Mixed sex ,NA
1113,KS5_25,ENTRIES_AGEN_NOTDIS_23,This is a historical variable. It holds the 2023 value of the corresponding variable. Please see the current variable for the variable description.,A5-KS5-Applied,Private Ages 10 to 19 Mixed sex ,
1114,KS5_25,ENTRIES_AGEN_NOTDIS_22,This is a historical variable. It holds the 2022 value of the corresponding variable. Please see the current variable for the variable description.,A5-KS5-Applied,Private Ages 10 to 19 Mixed sex ,
1115,KS5_25,VA_INS_AGEN_NOTDIS_24,This is a historical variable. It holds the 2024 value of the corresponding variable. Please see the current variable for the variable description.,A5-KS5-Progress,Private Ages 10 to 19 Mixed sex ,NA
1116,KS5_25,VA_INS_AGEN_NOTDIS_23,This is a historical variable. It holds the 2023 value of the corresponding variable. Please see the current variable for the variable description.,A5-KS5-Progress,Private Ages 10 to 19 Mixed sex ,
1117,KS5_25,VA_INS_AGEN_NOTDIS_22,This is a historical variable. It holds the 2022 value of the corresponding variable. Please see the current variable for the variable description.,A5-KS5-Progress,Private Ages 10 to 19 Mixed sex ,
1118,KS5_25,UCI_INS_AGEN_NOTDIS_24,This is a historical variable. It holds the 2024 value of the corresponding variable. Please see the current variable for the variable description.,A5-KS5-Progress,Private Ages 10 to 19 Mixed sex ,NA
1119,KS5_25,UCI_INS_AGEN_NOTDIS_23,This is a historical variable. It holds the 2023 value of the corresponding variable. Please see the current variable for the variable description.,A5-KS5-Progress,Private Ages 10 to 19 Mixed sex ,
1120,KS5_25,UCI_INS_AGEN_NOTDIS_22,This is a historical variable. It holds the 2022 value of the corresponding variable. Please see the current variable for the variable description.,A5-KS5-Progress,Private Ages 10 to 19 Mixed sex ,
1121,KS5_25,LCI_INS_AGEN_NOTDIS_24,This is a historical variable. It holds the 2024 value of the corresponding variable. Please see the current variable for the variable description.,A5-KS5-Progress,Private Ages 10 to 19 Mixed sex ,NA
1122,KS5_25,LCI_INS_AGEN_NOTDIS_23,This is a historical variable. It holds the 2023 value of the corresponding variable. Please see the current variable for the variable description.,A5-KS5-Progress,Private Ages 10 to 19 Mixed sex ,
1123,KS5_25,LCI_INS_AGEN_NOTDIS_22,This is a historical variable. It holds the 2022 value of the corresponding variable. Please see the current variable for the variable description.,A5-KS5-Progress,Private Ages 10 to 19 Mixed sex ,
1124,KS5_25,T_INSCOPE_ALEV_RET_NOTDIS_24,This is a historical variable. It holds the 2024 value of the corresponding variable. Please see the current variable for the variable description.,A5-KS5,Private Ages 10 to 19 Mixed sex ,NA
1125,KS5_25,T_INSCOPE_ALEV_RET_NOTDIS_23,This is a historical variable. It holds the 2023 value of the corresponding variable. Please see the current variable for the variable description.,A5-KS5,Private Ages 10 to 19 Mixed sex ,NA
1126,KS5_25,T_INSCOPE_ALEV_RET_NOTDIS_22,This is a historical variable. It holds the 2022 value of the corresponding variable. Please see the current variable for the variable description.,A5-KS5,Private Ages 10 to 19 Mixed sex ,NA
1127,KS5_25,PT_RETAINED_ALEV_RET_NOTDIS_24,This is a historical variable. It holds the 2024 value of the corresponding variable. Please see the current variable for the variable description.,A5-KS5-Facilitating,Private Ages 10 to 19 Mixed sex ,NA
1128,KS5_25,PT_RETAINED_ALEV_RET_NOTDIS_23,This is a historical variable. It holds the 2023 value of the corresponding variable. Please see the current variable for the variable description.,A5-KS5-Facilitating,Private Ages 10 to 19 Mixed sex ,NA
1129,KS5_25,PT_RETAINED_ALEV_RET_NOTDIS_22,This is a historical variable. It holds the 2022 value of the corresponding variable. Please see the current variable for the variable description.,A5-KS5-Facilitating,Private Ages 10 to 19 Mixed sex ,NA
1130,KS5_25,T_INSCOPE_ACAD_RET_NOTDIS_24,This is a historical variable. It holds the 2024 value of the corresponding variable. Please see the current variable for the variable description.,A5-KS5,Private Ages 10 to 19 Mixed sex ,NA
1131,KS5_25,T_INSCOPE_ACAD_RET_NOTDIS_23,This is a historical variable. It holds the 2023 value of the corresponding variable. Please see the current variable for the variable description.,A5-KS5,Private Ages 10 to 19 Mixed sex ,NA
1132,KS5_25,T_INSCOPE_ACAD_RET_NOTDIS_22,This is a historical variable. It holds the 2022 value of the corresponding variable. Please see the current variable for the variable description.,A5-KS5,Private Ages 10 to 19 Mixed sex ,NA
1133,KS5_25,PT_RETAINED_ACAD_RET_NOTDIS_24,This is a historical variable. It holds the 2024 value of the corresponding variable. Please see the current variable for the variable description.,A5-KS5-Facilitating,Private Ages 10 to 19 Mixed sex ,NA
1134,KS5_25,PT_RETAINED_ACAD_RET_NOTDIS_23,This is a historical variable. It holds the 2023 value of the corresponding variable. Please see the current variable for the variable description.,A5-KS5-Facilitating,Private Ages 10 to 19 Mixed sex ,NA
1135,KS5_25,PT_RETAINED_ACAD_RET_NOTDIS_22,This is a historical variable. It holds the 2022 value of the corresponding variable. Please see the current variable for the variable description.,A5-KS5-Facilitating,Private Ages 10 to 19 Mixed sex ,NA
1136,KS5_25,T_INSCOPE_AGEN_RET_NOTDIS_24,This is a historical variable. It holds the 2024 value of the corresponding variable. Please see the current variable for the variable description.,A5-KS5,Private Ages 10 to 19 Mixed sex ,NA
1137,KS5_25,T_INSCOPE_AGEN_RET_NOTDIS_23,This is a historical variable. It holds the 2023 value of the corresponding variable. Please see the current variable for the variable description.,A5-KS5,Private Ages 10 to 19 Mixed sex ,NA
1138,KS5_25,T_INSCOPE_AGEN_RET_NOTDIS_22,This is a historical variable. It holds the 2022 value of the corresponding variable. Please see the current variable for the variable description.,A5-KS5,Private Ages 10 to 19 Mixed sex ,NA
1139,KS5_25,PT_RETAINED_AGEN_RET_NOTDIS_24,This is a historical variable. It holds the 2024 value of the corresponding variable. Please see the current variable for the variable description.,A5-KS5-Facilitating,Private Ages 10 to 19 Mixed sex ,NA
1140,KS5_25,PT_RETAINED_AGEN_RET_NOTDIS_23,This is a historical variable. It holds the 2023 value of the corresponding variable. Please see the current variable for the variable description.,A5-KS5-Facilitating,Private Ages 10 to 19 Mixed sex ,NA
1141,KS5_25,PT_RETAINED_AGEN_RET_NOTDIS_22,This is a historical variable. It holds the 2022 value of the corresponding variable. Please see the current variable for the variable description.,A5-KS5-Facilitating,Private Ages 10 to 19 Mixed sex ,NA
1142,KS5_25,T_INSCOPE_TLEV_RET_NOTDIS_24,This is a historical variable. It holds the 2024 value of the corresponding variable. Please see the current variable for the variable description.,A5-KS5,Private Ages 10 to 19 Mixed sex ,NA
1143,KS5_25,T_INSCOPE_TLEV_RET_NOTDIS_23,This is a historical variable. It holds the 2023 value of the corresponding variable. Please see the current variable for the variable description.,A5-KS5,Private Ages 10 to 19 Mixed sex ,NA
1144,KS5_25,T_INSCOPE_TLEV_RET_NOTDIS_22,This is a historical variable. It holds the 2022 value of the corresponding variable. Please see the current variable for the variable description.,A5-KS5,Private Ages 10 to 19 Mixed sex ,NA
1145,KS5_25,PT_RETAINED_TLEV_RET_NOTDIS_24,This is a historical variable. It holds the 2024 value of the corresponding variable. Please see the current variable for the variable description.,A5-KS5-Facilitating,Private Ages 10 to 19 Mixed sex ,NA
1146,KS5_25,PT_RETAINED_TLEV_RET_NOTDIS_23,This is a historical variable. It holds the 2023 value of the corresponding variable. Please see the current variable for the variable description.,A5-KS5-Facilitating,Private Ages 10 to 19 Mixed sex ,NA
1147,KS5_25,PT_RETAINED_TLEV_RET_NOTDIS_22,This is a historical variable. It holds the 2022 value of the corresponding variable. Please see the current variable for the variable description.,A5-KS5-Facilitating,Private Ages 10 to 19 Mixed sex ,NA
1148,KS5_25,T_INSCOPE_TECHCERT_RET_NOTDIS_24,This is a historical variable. It holds the 2024 value of the corresponding variable. Please see the current variable for the variable description.,A5-KS5,Private Ages 10 to 19 Mixed sex ,NA
1149,KS5_25,T_INSCOPE_TECHCERT_RET_NOTDIS_23,This is a historical variable. It holds the 2023 value of the corresponding variable. Please see the current variable for the variable description.,A5-KS5,Private Ages 10 to 19 Mixed sex ,NA
1150,KS5_25,T_INSCOPE_TECHCERT_RET_NOTDIS_22,This is a historical variable. It holds the 2022 value of the corresponding variable. Please see the current variable for the variable description.,A5-KS5,Private Ages 10 to 19 Mixed sex ,NA
1151,KS5_25,PT_RETAINED_TECHCERT_RET_NOTDIS_24,This is a historical variable. It holds the 2024 value of the corresponding variable. Please see the current variable for the variable description.,A5-KS5-Facilitating,Private Ages 10 to 19 Mixed sex ,NA
1152,KS5_25,PT_RETAINED_TECHCERT_RET_NOTDIS_23,This is a historical variable. It holds the 2023 value of the corresponding variable. Please see the current variable for the variable description.,A5-KS5-Facilitating,Private Ages 10 to 19 Mixed sex ,NA
1153,KS5_25,PT_RETAINED_TECHCERT_RET_NOTDIS_22,This is a historical variable. It holds the 2022 value of the corresponding variable. Please see the current variable for the variable description.,A5-KS5-Facilitating,Private Ages 10 to 19 Mixed sex ,NA
1154,KS5_25,EDITION,,A5-KS5,Private Ages 10 to 19 Mixed sex ,Final
No,Namespace,Variable,Description,,Category,Value
1,L,URN,School unique reference number,,KS2 Ages 7 to 11 Mixed sex,125068
2,L,LANAME,Local authority name,,KS2 Ages 7 to 11 Mixed sex,Surrey
3,L,LA,Local authority number,,KS2 Ages 7 to 11 Mixed sex,936
4,L,ESTAB,Establishment number,,KS2 Ages 7 to 11 Mixed sex,2453
5,L,LAESTAB,DfE number,,KS2 Ages 7 to 11 Mixed sex,9362453
6,L,SCHNAME,School name,A1,KS2 Ages 7 to 11 Mixed sex,Earlswood Junior School
7,L,STREET,School address (1),A1,KS2 Ages 7 to 11 Mixed sex,Brambletye Park Road
8,L,LOCALITY,School address (2),A1,KS2 Ages 7 to 11 Mixed sex,
9,L,ADDRESS3,School address (3),,KS2 Ages 7 to 11 Mixed sex,
10,L,TOWN,School town,A1,KS2 Ages 7 to 11 Mixed sex,Redhill
11,L,POSTCODE,School postcode,A1,KS2 Ages 7 to 11 Mixed sex,RH1 6JX
12,L,SCHSTATUS,School open / closed status,A1,KS2 Ages 7 to 11 Mixed sex,Open
13,L,OPENDATE,Open date of school (if opened on or after 12 September 2024),A1,KS2 Ages 7 to 11 Mixed sex,
14,L,CLOSEDATE,Date the school closed,A1,KS2 Ages 7 to 11 Mixed sex,
15,L,MINORGROUP,Type of school / college eg maintained school,A1,KS2 Ages 7 to 11 Mixed sex,Maintained school
16,L,SCHOOLTYPE,School Type eg Voluntary Aided school,A1,KS2 Ages 7 to 11 Mixed sex,Community school
17,L,ISPRIMARY,"Does the school provide primary education? ( 0 = No,A1,,KS2 Ages 7 to 11 Mixed sex,1
18,L,ISSECONDARY,"Does the school provide secondary education? ( 0 = No,A1,,KS2 Ages 7 to 11 Mixed sex,0
19,L,ISPOST16,"Does the school provide post 16 education? (  0 = No,A1,,KS2 Ages 7 to 11 Mixed sex,0
20,L,AGELOW,Lowest age of entry,A1,KS2 Ages 7 to 11 Mixed sex,7
21,L,AGEHIGH,Highest age of entry,A1,KS2 Ages 7 to 11 Mixed sex,11
22,L,GENDER,Indicates whether it's a mixed or single sex school,A1,KS2 Ages 7 to 11 Mixed sex,Mixed
23,L,RELCHAR,Religious character,A1,KS2 Ages 7 to 11 Mixed sex,Does not apply
24,L,ADMPOL,Admissions Policy,A1,KS2 Ages 7 to 11 Mixed sex,Not applicable
25,CENSUS_25,URN,School Unique Reference Number,,KS2 Ages 7 to 11 Mixed sex,125068
26,CENSUS_25,LA,LA number,,KS2 Ages 7 to 11 Mixed sex,936
27,CENSUS_25,ESTAB,ESTAB number,,KS2 Ages 7 to 11 Mixed sex,2453
28,CENSUS_25,SCHOOLTYPE,Type of school,,KS2 Ages 7 to 11 Mixed sex,State-funded primary
29,CENSUS_25,NOR,Total number of pupils on roll,A4-Census,KS2 Ages 7 to 11 Mixed sex,392
30,CENSUS_25,NORG,Number of girls on roll,A4-Census,KS2 Ages 7 to 11 Mixed sex,192
31,CENSUS_25,NORB,Number of boys on roll,A4-Census,KS2 Ages 7 to 11 Mixed sex,200
32,CENSUS_25,PNORG,Percentage of girls on roll,A4-Census,KS2 Ages 7 to 11 Mixed sex,48.98%
33,CENSUS_25,PNORB,Percentage of boys on roll,A4-Census,KS2 Ages 7 to 11 Mixed sex,51.02%
34,CENSUS_25,TSENELSE,Number of eligible pupils with an EHC plan,A4-Census,KS2 Ages 7 to 11 Mixed sex,24
35,CENSUS_25,PSENELSE,Percentage of eligible pupils with an EHC plan,A4-Census,KS2 Ages 7 to 11 Mixed sex,6.12%
36,CENSUS_25,TSENELK,Number of eligible pupils with SEN support,A4-Census,KS2 Ages 7 to 11 Mixed sex,95
37,CENSUS_25,PSENELK,Percentage of eligible pupils with SEN support,A4-Census,KS2 Ages 7 to 11 Mixed sex,24.23%
38,CENSUS_25,NUMEAL,No.  pupils where English not first language,A4-Census,KS2 Ages 7 to 11 Mixed sex,90
39,CENSUS_25,NUMENGFL,No. pupils with English first language,A4-Census,KS2 Ages 7 to 11 Mixed sex,295
40,CENSUS_25,NUMUNCFL,No. pupils where first language is unclassified,A4-Census,KS2 Ages 7 to 11 Mixed sex,7
41,CENSUS_25,PNUMEAL,%  pupils where English not first language,A4-Census,KS2 Ages 7 to 11 Mixed sex,23.00%
42,CENSUS_25,PNUMENGFL,% pupils with English first language,A4-Census,KS2 Ages 7 to 11 Mixed sex,75.30%
43,CENSUS_25,PNUMUNCLF,,A4-Census,KS2 Ages 7 to 11 Mixed sex,0.018
44,CENSUS_25,NUMFSM,No. pupils eligible for free school meals,A4-Census,KS2 Ages 7 to 11 Mixed sex,100
45,CENSUS_25,NUMFSMEVER,Number of pupils eligible for FSM at any time during the past 6 years,A4-Census,KS2 Ages 7 to 11 Mixed sex,100
46,CENSUS_25,NORFSMEVER,Total pupils for FSMEver,A4-Census,KS2 Ages 7 to 11 Mixed sex,392
47,CENSUS_25,PNUMFSMEVER,Percentage of pupils eligible for FSM at any time during the past 6 years,A4-Census,KS2 Ages 7 to 11 Mixed sex,25.51%
48,CENSUS_25,EDITION,,,KS2 Ages 7 to 11 Mixed sex,Final
49,ABS_24,LA,Local Authority Number,,KS2 Ages 7 to 11 Mixed sex,936
50,ABS_24,ESTAB,DfE number of establishment within LA,,KS2 Ages 7 to 11 Mixed sex,2453
51,ABS_24,URN,School unique Reference Number,,KS2 Ages 7 to 11 Mixed sex,125068
52,ABS_24,PERCTOT,Percentage of overall absence,A6,KS2 Ages 7 to 11 Mixed sex,5.9
53,ABS_24,PPERSABS10,Percentage of enrolments who are persistent absentees,A6,KS2 Ages 7 to 11 Mixed sex,14
54,ABS_24,EDITION,,,KS2 Ages 7 to 11 Mixed sex,Final
55,KS2_25,YEAR,,A5-KS2,KS2 Ages 7 to 11 Mixed sex,2025
56,KS2_25,RECTYPE,Record type,A5-KS2,KS2 Ages 7 to 11 Mixed sex,1
57,KS2_25,ALPHAIND,Alphabetic index,A5-KS2,KS2 Ages 7 to 11 Mixed sex,7770
58,KS2_25,LEA,Local authority number,A5-KS2,KS2 Ages 7 to 11 Mixed sex,936
59,KS2_25,ESTAB,Establishment number,A5-KS2,KS2 Ages 7 to 11 Mixed sex,2453
60,KS2_25,URN,School unique reference number,A5-KS2,KS2 Ages 7 to 11 Mixed sex,125068
61,KS2_25,SCHNAME,School/Local authority name,A5-KS2,KS2 Ages 7 to 11 Mixed sex,Earlswood Junior School
62,KS2_25,ADDRESS1,School address (1),A5-KS2,KS2 Ages 7 to 11 Mixed sex,Brambletye Park Road
63,KS2_25,ADDRESS2,School address (2),A5-KS2,KS2 Ages 7 to 11 Mixed sex,
64,KS2_25,ADDRESS3,School address (3),A5-KS2,KS2 Ages 7 to 11 Mixed sex,
65,KS2_25,TOWN,School town,A5-KS2,KS2 Ages 7 to 11 Mixed sex,Redhill
66,KS2_25,PCODE,School postcode,A5-KS2,KS2 Ages 7 to 11 Mixed sex,RH1 6JX
67,KS2_25,TELNUM,School telephone number,A5-KS2,KS2 Ages 7 to 11 Mixed sex,1737765125
68,KS2_25,PCON_CODE,School parliamentary constituency code,A5-KS2,KS2 Ages 7 to 11 Mixed sex,E14001442
69,KS2_25,PCON_NAME,School parliamentary constituency name,A5-KS2,KS2 Ages 7 to 11 Mixed sex,Reigate
70,KS2_25,URN_AC,Converter academy: URN,A5-KS2,KS2 Ages 7 to 11 Mixed sex,0
71,KS2_25,SCHNAME_AC,Converter academy: name,A5-KS2,KS2 Ages 7 to 11 Mixed sex,
72,KS2_25,OPEN_AC,Converter academy: open date,A5-KS2,KS2 Ages 7 to 11 Mixed sex,
73,KS2_25,NFTYPE,School type,A5-KS2,KS2 Ages 7 to 11 Mixed sex,CY
74,KS2_25,ICLOSE,Closed Flag,A5-KS2,KS2 Ages 7 to 11 Mixed sex,0
75,KS2_25,RELDENOM,Religious denomination,A5-KS2,KS2 Ages 7 to 11 Mixed sex,Does not apply
76,KS2_25,AGERANGE,Age range,A5-KS2,KS2 Ages 7 to 11 Mixed sex,7 to 11
77,KS2_25,TAB15,School published in secondary school (key stage 4) performance tables,A5-KS2,KS2 Ages 7 to 11 Mixed sex,0
78,KS2_25,TAB1618,School published in school and college (key stage 5) performance tables,A5-KS2,KS2 Ages 7 to 11 Mixed sex,0
79,KS2_25,TOTPUPS,Total number of pupils (including part-time pupils),A5-KS2,KS2 Ages 7 to 11 Mixed sex,392
80,KS2_25,TPUPYEAR,Number of pupils aged 11,A5-KS2,KS2 Ages 7 to 11 Mixed sex,106
81,KS2_25,TELIG,Published eligible pupil number,A5-KS2-Cohort,KS2 Ages 7 to 11 Mixed sex,105
82,KS2_25,BELIG,Eligible boys on school roll at time of tests,A5-KS2-Cohort,KS2 Ages 7 to 11 Mixed sex,51
83,KS2_25,GELIG,Eligible girls on school roll at time of tests,A5-KS2-Cohort,KS2 Ages 7 to 11 Mixed sex,54
84,KS2_25,PBELIG,Percentage of eligible boys on school roll at time of tests,A5-KS2-Cohort,KS2 Ages 7 to 11 Mixed sex,49%
85,KS2_25,PGELIG,Percentage of eligible girls on school roll at time of tests,A5-KS2-Cohort,KS2 Ages 7 to 11 Mixed sex,51%
86,KS2_25,TKS1AVERAGE,Cohort level key stage 1 average points score [not populated in 2025],A5-KS2-Attainment,KS2 Ages 7 to 11 Mixed sex,
87,KS2_25,TKS1GROUP_L,Number of pupils in cohort with low KS1 attainment [not populated in 2025],A5-KS2-Attainment,KS2 Ages 7 to 11 Mixed sex,
88,KS2_25,PTKS1GROUP_L,Percentage of pupils in cohort with low KS1 attainment [not populated in 2025],A5-KS2-Cohort,KS2 Ages 7 to 11 Mixed sex,
89,KS2_25,TKS1GROUP_M,Number of pupils in cohort with medium KS1 attainment [not populated in 2025],A5-KS2-Attainment,KS2 Ages 7 to 11 Mixed sex,
90,KS2_25,PTKS1GROUP_M,Percentage of pupils in cohort with medium KS1 attainment [not populated in 2025],A5-KS2-Cohort,KS2 Ages 7 to 11 Mixed sex,
91,KS2_25,TKS1GROUP_H,Number of pupils in cohort high KS1 attainment [not populated in 2025],A5-KS2-Attainment,KS2 Ages 7 to 11 Mixed sex,
92,KS2_25,PTKS1GROUP_H,Percentage of pupils in cohort with high KS1 attainment [not populated in 2025],A5-KS2-Cohort,KS2 Ages 7 to 11 Mixed sex,
93,KS2_25,TKS1GROUP_NA,No. of pupils in KS1 group not calculable [not populated in 2025],A5-KS2-Attainment,KS2 Ages 7 to 11 Mixed sex,
94,KS2_25,PTKS1GROUP_NA,Percentage of pupils in KS1group not calculable [not populated in 2025],A5-KS2-Cohort,KS2 Ages 7 to 11 Mixed sex,
95,KS2_25,TFSM6CLA1A,Number of key stage 2 disadvantaged pupils (those who were eligible for free school meals in last 6 years or are looked after by the LA for a day or more or who have been adopted from care),A5-KS2,KS2 Ages 7 to 11 Mixed sex,32
96,KS2_25,PTFSM6CLA1A,Percentage of key stage 2 disadvantaged pupils,A5-KS2-Cohort,KS2 Ages 7 to 11 Mixed sex,30%
97,KS2_25,TNOTFSM6CLA1A,Number of key stage 2 pupils who are not disadvantaged,A5-KS2,KS2 Ages 7 to 11 Mixed sex,73
98,KS2_25,PTNOTFSM6CLA1A,Percentage of key stage 2 pupils who are not disadvantaged,A5-KS2-Cohort,KS2 Ages 7 to 11 Mixed sex,70%
99,KS2_25,TEALGRP2,Number of eligible pupils with English as additional language (EAL),A5-KS2,KS2 Ages 7 to 11 Mixed sex,30
100,KS2_25,PTEALGRP2,Percentage of eligible pupils with English as additional language (EAL),A5-KS2-Cohort,KS2 Ages 7 to 11 Mixed sex,29%
101,KS2_25,TMOBN,Number of eligible pupils classified as non-mobile,A5-KS2,KS2 Ages 7 to 11 Mixed sex,100
102,KS2_25,PTMOBN,Percentage of eligible pupils classified as non-mobile,A5-KS2-Cohort,KS2 Ages 7 to 11 Mixed sex,95%
103,KS2_25,PTRWM_EXP,"Percentage of pupils reaching the expected standard in reading,A5-KS2-Attainment,,KS2 Ages 7 to 11 Mixed sex,74%
104,KS2_25,PTRWM_HIGH,Percentage of pupils achieving a high score in reading and maths and working at greater depth in writing,A5-KS2-Attainment,KS2 Ages 7 to 11 Mixed sex,15%
105,KS2_25,READPROG,Reading progress measure [not populated in 2025],A5-KS2-Progress,KS2 Ages 7 to 11 Mixed sex,
106,KS2_25,READPROG_LOWER,Reading progress measure - lower confidence limit [not populated in 2025],A5-KS2-Progress,KS2 Ages 7 to 11 Mixed sex,
107,KS2_25,READPROG_UPPER,Reading progress measure - upper confidence limit [not populated in 2025],A5-KS2-Progress,KS2 Ages 7 to 11 Mixed sex,
108,KS2_25,READCOV,Reading progress measure - coverage [not populated in 2025],A5-KS2-Attainment,KS2 Ages 7 to 11 Mixed sex,
109,KS2_25,WRITPROG,Writing progress measure [not populated in 2025],A5-KS2-Progress,KS2 Ages 7 to 11 Mixed sex,
110,KS2_25,WRITPROG_LOWER,Writing progress measure - lower confidence limit [not populated in 2025],A5-KS2-Progress,KS2 Ages 7 to 11 Mixed sex,
111,KS2_25,WRITPROG_UPPER,Writing progress measure - upper confidence limit [not populated in 2025],A5-KS2-Progress,KS2 Ages 7 to 11 Mixed sex,
112,KS2_25,WRITCOV,Writing progress measure - coverage [not populated in 2025],A5-KS2-Attainment,KS2 Ages 7 to 11 Mixed sex,
113,KS2_25,MATPROG,Maths progress measure [not populated in 2025],A5-KS2-Progress,KS2 Ages 7 to 11 Mixed sex,
114,KS2_25,MATPROG_LOWER,Maths progress measure - lower confidence limit [not populated in 2025],A5-KS2-Progress,KS2 Ages 7 to 11 Mixed sex,
115,KS2_25,MATPROG_UPPER,Maths progress measure - upper confidence limit [not populated in 2025],A5-KS2-Progress,KS2 Ages 7 to 11 Mixed sex,
116,KS2_25,MATCOV,Maths progress measure - coverage [not populated in 2025],A5-KS2-Attainment,KS2 Ages 7 to 11 Mixed sex,
117,KS2_25,PTREAD_EXP,Percentage of pupils reaching the expected standard in reading,A5-KS2-Attainment,KS2 Ages 7 to 11 Mixed sex,88%
118,KS2_25,PTREAD_HIGH,Percentage of pupils achieving a high score in reading,A5-KS2-Attainment,KS2 Ages 7 to 11 Mixed sex,51%
119,KS2_25,PTREAD_AT,Percentage of pupils absent from or not able to access the test in reading,A5-KS2-Attainment,KS2 Ages 7 to 11 Mixed sex,0%
120,KS2_25,READ_AVERAGE,Average scaled score in reading,A5-KS2-Scores,KS2 Ages 7 to 11 Mixed sex,109
121,KS2_25,PTGPS_EXP,"Percentage of pupils reaching the expected standard in grammar,A5-KS2-Attainment,,KS2 Ages 7 to 11 Mixed sex,79%
122,KS2_25,PTGPS_HIGH,"Percentage of pupils achieving a high score in grammar,A5-KS2-Attainment,,KS2 Ages 7 to 11 Mixed sex,28%
123,KS2_25,PTGPS_AT,"Percentage of pupils absent from or not able to access the test in grammar,A5-KS2-Attainment,,KS2 Ages 7 to 11 Mixed sex,0%
124,KS2_25,GPS_AVERAGE,"Average scaled score in grammar,A5-KS2-Scores,,KS2 Ages 7 to 11 Mixed sex,105
125,KS2_25,PTMAT_EXP,Percentage of pupils reaching the expected standard in maths,A5-KS2-Attainment,KS2 Ages 7 to 11 Mixed sex,89%
126,KS2_25,PTMAT_HIGH,Percentage of pupils achieving a high score in maths,A5-KS2-Attainment,KS2 Ages 7 to 11 Mixed sex,30%
127,KS2_25,PTMAT_AT,Percentage of pupils absent from or not able to access the test in maths,A5-KS2-Attainment,KS2 Ages 7 to 11 Mixed sex,0%
128,KS2_25,MAT_AVERAGE,Average scaled score in maths,A5-KS2-Scores,KS2 Ages 7 to 11 Mixed sex,106
129,KS2_25,PTWRITTA_EXP,Percentage of pupils reaching the expected standard in writing,A5-KS2-Attainment,KS2 Ages 7 to 11 Mixed sex,76%
130,KS2_25,PTWRITTA_HIGH,Percentage of pupils working at greater depth within the expected standard in writing,A5-KS2-Attainment,KS2 Ages 7 to 11 Mixed sex,20%
131,KS2_25,PTWRITTA_WTS,Percentage of pupils working towards the expected standard in writing,A5-KS2-Attainment,KS2 Ages 7 to 11 Mixed sex,11%
132,KS2_25,PTWRITTA_AD,Percentage of pupils absent or disapplied in writing TA,A5-KS2-Attainment,KS2 Ages 7 to 11 Mixed sex,0%
133,KS2_25,PTSCITA_EXP,Percentage of pupils reaching the expected standard in science TA,A5-KS2-Attainment,KS2 Ages 7 to 11 Mixed sex,91%
134,KS2_25,PTSCITA_AD,Percentage of pupils absent or disapplied in science TA,A5-KS2-Attainment,KS2 Ages 7 to 11 Mixed sex,0%
135,KS2_25,PTRWM_EXP_B,"Percentage of boys reaching the expected standard in reading,A5-KS2-Attainment,,KS2 Ages 7 to 11 Mixed sex,69%
136,KS2_25,PTRWM_EXP_G,"Percentage of girls reaching the expected standard in reading,A5-KS2-Attainment,,KS2 Ages 7 to 11 Mixed sex,80%
137,KS2_25,PTRWM_EXP_L,"Percentage of pupils with low prior attainment reaching the expected standard in reading,A5-KS2-Attainment,,KS2 Ages 7 to 11 Mixed sex,
138,KS2_25,PTRWM_EXP_M,"Percentage of pupils with medium prior attainment reaching the expected standard in reading,A5-KS2-Attainment,,KS2 Ages 7 to 11 Mixed sex,
139,KS2_25,PTRWM_EXP_H,"Percentage of pupils with high prior attainment reaching the expected standard in reading,A5-KS2-Attainment,,KS2 Ages 7 to 11 Mixed sex,
140,KS2_25,PTRWM_EXP_FSM6CLA1A,"Percentage of disadvantaged pupils reaching the expected standard in reading,A5-KS2-Attainment,,KS2 Ages 7 to 11 Mixed sex,63%
141,KS2_25,PTRWM_EXP_NOTFSM6CLA1A,"Percentage of non-disadvantaged pupils reaching the expected standard in reading,A5-KS2-Attainment,,KS2 Ages 7 to 11 Mixed sex,79%
142,KS2_25,DIFFN_RWM_EXP,"Difference between school percentage of disavantaged pupils and national percentage of other pupils reaching the expected standard in reading,A5-KS2-Attainment,,KS2 Ages 7 to 11 Mixed sex,-6
143,KS2_25,PTRWM_EXP_EAL,"Percentage of EAL pupils reaching the expected standard in reading,A5-KS2-Attainment,,KS2 Ages 7 to 11 Mixed sex,90%
144,KS2_25,PTRWM_EXP_MOBN,"Percentage of non-mobile pupils reaching the expected standard in reading,A5-KS2-Attainment,,KS2 Ages 7 to 11 Mixed sex,74%
145,KS2_25,PTRWM_HIGH_B,Percentage of boys achieving a high score in reading and maths and working at greater depth in writing,A5-KS2-Attainment,KS2 Ages 7 to 11 Mixed sex,18%
146,KS2_25,PTRWM_HIGH_G,"Percentage of girls reaching the HIGHected standard in reading,A5-KS2-Attainment,,KS2 Ages 7 to 11 Mixed sex,13%
147,KS2_25,PTRWM_HIGH_L,Percentage of pupils with low prior attainment achieving a high score in reading and maths and working at greater depth in writing [not populated in 2025],A5-KS2-Attainment,KS2 Ages 7 to 11 Mixed sex,
148,KS2_25,PTRWM_HIGH_M,Percentage of pupils with medium prior attainment achieving a high score in reading and maths and working at greater depth in writing [not populated in 2025],A5-KS2-Attainment,KS2 Ages 7 to 11 Mixed sex,
149,KS2_25,PTRWM_HIGH_H,Percentage of pupils with high prior attainment achieving a high score in reading and maths and working at greater depth in writing [not populated in 2025],A5-KS2-Attainment,KS2 Ages 7 to 11 Mixed sex,
150,KS2_25,PTRWM_HIGH_FSM6CLA1A,Percentage of disadvantaged pupils achieving a high score in reading and maths and working at greater depth in writing,A5-KS2-Attainment,KS2 Ages 7 to 11 Mixed sex,9%
151,KS2_25,PTRWM_HIGH_NOTFSM6CLA1A,Percentage of non-disadvantaged pupils achieving a high score in reading and maths and working at greater depth in writing,A5-KS2-Attainment,KS2 Ages 7 to 11 Mixed sex,18%
152,KS2_25,DIFFN_RWM_HIGH,"Difference between school percentage of disavantaged pupils and national percentage of other pupils achieving a high score in reading,A5-KS2-Attainment,,KS2 Ages 7 to 11 Mixed sex,-2
153,KS2_25,PTRWM_HIGH_EAL,Percentage of EAL pupils achieving a high score in reading and maths and working at greater depth in writing,A5-KS2-Attainment,KS2 Ages 7 to 11 Mixed sex,23%
154,KS2_25,PTRWM_HIGH_MOBN,Percentage of non-mobile pupils achieving a high score in reading and maths and working at greater depth in writing,A5-KS2-Attainment,KS2 Ages 7 to 11 Mixed sex,14%
155,KS2_25,READPROG_B,Reading progress measure for boys [not populated in 2025],A5-KS2-Progress,KS2 Ages 7 to 11 Mixed sex,
156,KS2_25,READPROG_B_LOWER,Reading progress measure for boys - lower confidence limit [not populated in 2025],A5-KS2-Progress,KS2 Ages 7 to 11 Mixed sex,
157,KS2_25,READPROG_B_UPPER,Reading progress measure for boys - upper confidence limit [not populated in 2025],A5-KS2-Progress,KS2 Ages 7 to 11 Mixed sex,
158,KS2_25,READPROG_G,Reading progress measure for girls [not populated in 2025],A5-KS2-Progress,KS2 Ages 7 to 11 Mixed sex,
159,KS2_25,READPROG_G_LOWER,Reading progress measure for girls - lower confidence limit [not populated in 2025],A5-KS2-Progress,KS2 Ages 7 to 11 Mixed sex,
160,KS2_25,READPROG_G_UPPER,Reading progress measure for girls - upper confidence limit [not populated in 2025],A5-KS2-Progress,KS2 Ages 7 to 11 Mixed sex,
161,KS2_25,READPROG_L,Reading progress measure for pupils with low prior attainment [not populated in 2025],A5-KS2-Progress,KS2 Ages 7 to 11 Mixed sex,
162,KS2_25,READPROG_L_LOWER,Reading progress measure for pupils with low prior attainment - lower confidence limit [not populated in 2025],A5-KS2-Progress,KS2 Ages 7 to 11 Mixed sex,
163,KS2_25,READPROG_L_UPPER,Reading progress measure for pupils with low prior attainment - upper confidence limit [not populated in 2025],A5-KS2-Progress,KS2 Ages 7 to 11 Mixed sex,
164,KS2_25,READPROG_M,Reading progress measure for pupils with medium prior attainment [not populated in 2025],A5-KS2-Progress,KS2 Ages 7 to 11 Mixed sex,
165,KS2_25,READPROG_M_LOWER,Reading progress measure for pupils with medium prior attainment - lower confidence limit [not populated in 2025],A5-KS2-Progress,KS2 Ages 7 to 11 Mixed sex,
166,KS2_25,READPROG_M_UPPER,Reading progress measure for pupils with medium prior attainment - upper confidence limit [not populated in 2025],A5-KS2-Progress,KS2 Ages 7 to 11 Mixed sex,
167,KS2_25,READPROG_H,Reading progress measure for pupils with high prior attainment [not populated in 2025],A5-KS2-Progress,KS2 Ages 7 to 11 Mixed sex,
168,KS2_25,READPROG_H_LOWER,Reading progress measure for pupils with high prior attainment - lower confidence limit [not populated in 2025],A5-KS2-Progress,KS2 Ages 7 to 11 Mixed sex,
169,KS2_25,READPROG_H_UPPER,Reading progress measure for pupils with high prior attainment - upper confidence limit [not populated in 2025],A5-KS2-Progress,KS2 Ages 7 to 11 Mixed sex,
170,KS2_25,READPROG_FSM6CLA1A,Reading progress measure for disadvantaged pupils [not populated in 2025],A5-KS2-Progress,KS2 Ages 7 to 11 Mixed sex,
171,KS2_25,READPROG_FSM6CLA1A_LOWER,Reading progress measure for disadvantaged pupils - lower confidence limit [not populated in 2025],A5-KS2-Progress,KS2 Ages 7 to 11 Mixed sex,
172,KS2_25,READPROG_FSM6CLA1A_UPPER,Reading progress measure for disadvantaged pupils - upper confidence limit [not populated in 2025],A5-KS2-Progress,KS2 Ages 7 to 11 Mixed sex,
173,KS2_25,READPROG_NOTFSM6CLA1A,Reading progress measure for non-disadvantaged pupils [not populated in 2025],A5-KS2-Progress,KS2 Ages 7 to 11 Mixed sex,
174,KS2_25,READPROG_NOTFSM6CLA1A_LOWER,Reading progress measure for non-disadvantaged pupils - lower confidence limit [not populated in 2025],A5-KS2-Progress,KS2 Ages 7 to 11 Mixed sex,
175,KS2_25,READPROG_NOTFSM6CLA1A_UPPER,Reading progress measure for non-disadvantaged pupils - upper confidence limit [not populated in 2025],A5-KS2-Progress,KS2 Ages 7 to 11 Mixed sex,
176,KS2_25,DIFFN_READPROG,Difference between reading progress measure for disadvantaged pupils in school and other pupils nationally [not populated in 2025],A5-KS2-Attainment,KS2 Ages 7 to 11 Mixed sex,
177,KS2_25,READPROG_EAL,Reading progress measure for EAL pupils [not populated in 2025],A5-KS2-Progress,KS2 Ages 7 to 11 Mixed sex,
178,KS2_25,READPROG_EAL_LOWER,Reading progress measure for EAL pupils - lower confidence limit [not populated in 2025],A5-KS2-Progress,KS2 Ages 7 to 11 Mixed sex,
179,KS2_25,READPROG_EAL_UPPER,Reading progress measure for EAL pupils - upper confidence limit [not populated in 2025],A5-KS2-Progress,KS2 Ages 7 to 11 Mixed sex,
180,KS2_25,READPROG_MOBN,Reading progress measure for non-mobile pupils [not populated in 2025],A5-KS2-Progress,KS2 Ages 7 to 11 Mixed sex,
181,KS2_25,READPROG_MOBN_LOWER,Reading progress measure for non-mobile pupils - lower confidence limit [not populated in 2025],A5-KS2-Progress,KS2 Ages 7 to 11 Mixed sex,
182,KS2_25,READPROG_MOBN_UPPER,Reading progress measure for non-mobile pupils - upper confidence limit [not populated in 2025],A5-KS2-Progress,KS2 Ages 7 to 11 Mixed sex,
183,KS2_25,WRITPROG_B,Writing progress measure for boys [not populated in 2025],A5-KS2-Progress,KS2 Ages 7 to 11 Mixed sex,
184,KS2_25,WRITPROG_B_LOWER,Writing progress measure for boys - lower confidence limit [not populated in 2025],A5-KS2-Progress,KS2 Ages 7 to 11 Mixed sex,
185,KS2_25,WRITPROG_B_UPPER,Writing progress measure for boys - upper confidence limit [not populated in 2025],A5-KS2-Progress,KS2 Ages 7 to 11 Mixed sex,
186,KS2_25,WRITPROG_G,Writing progress measure for girls [not populated in 2025],A5-KS2-Progress,KS2 Ages 7 to 11 Mixed sex,
187,KS2_25,WRITPROG_G_LOWER,Writing progress measure for girls - lower confidence limit [not populated in 2025],A5-KS2-Progress,KS2 Ages 7 to 11 Mixed sex,
188,KS2_25,WRITPROG_G_UPPER,Writing progress measure for girls - upper confidence limit [not populated in 2025],A5-KS2-Progress,KS2 Ages 7 to 11 Mixed sex,
189,KS2_25,WRITPROG_L,Writing progress measure for pupils with low prior attainment [not populated in 2025],A5-KS2-Progress,KS2 Ages 7 to 11 Mixed sex,
190,KS2_25,WRITPROG_L_LOWER,Writing progress measure for pupils with low prior attainment - lower confidence limit [not populated in 2025],A5-KS2-Progress,KS2 Ages 7 to 11 Mixed sex,
191,KS2_25,WRITPROG_L_UPPER,Writing progress measure for pupils with low prior attainment - upper confidence limit [not populated in 2025],A5-KS2-Progress,KS2 Ages 7 to 11 Mixed sex,
192,KS2_25,WRITPROG_M,Writing progress measure for pupils with medium prior attainment [not populated in 2025],A5-KS2-Progress,KS2 Ages 7 to 11 Mixed sex,
193,KS2_25,WRITPROG_M_LOWER,Writing progress measure for pupils with medium prior attainment - lower confidence limit [not populated in 2025],A5-KS2-Progress,KS2 Ages 7 to 11 Mixed sex,
194,KS2_25,WRITPROG_M_UPPER,Writing progress measure for pupils with medium prior attainment - upper confidence limit [not populated in 2025],A5-KS2-Progress,KS2 Ages 7 to 11 Mixed sex,
195,KS2_25,WRITPROG_H,Writing progress measure for pupils with high prior attainment [not populated in 2025],A5-KS2-Progress,KS2 Ages 7 to 11 Mixed sex,
196,KS2_25,WRITPROG_H_LOWER,Writing progress measure for pupils with high prior attainment - lower confidence limit [not populated in 2025],A5-KS2-Progress,KS2 Ages 7 to 11 Mixed sex,
197,KS2_25,WRITPROG_H_UPPER,Writing progress measure for pupils with high prior attainment - upper confidence limit [not populated in 2025],A5-KS2-Progress,KS2 Ages 7 to 11 Mixed sex,
198,KS2_25,WRITPROG_FSM6CLA1A,Writing progress measure for disadvantaged pupils [not populated in 2025],A5-KS2-Progress,KS2 Ages 7 to 11 Mixed sex,
199,KS2_25,WRITPROG_FSM6CLA1A_LOWER,Writing progress measure for disadvantaged pupils - lower confidence limit [not populated in 2025],A5-KS2-Progress,KS2 Ages 7 to 11 Mixed sex,
200,KS2_25,WRITPROG_FSM6CLA1A_UPPER,Writing progress measure for disadvantaged pupils - upper confidence limit [not populated in 2025],A5-KS2-Progress,KS2 Ages 7 to 11 Mixed sex,
201,KS2_25,WRITPROG_NOTFSM6CLA1A,Writing progress measure for non-disadvantaged pupils [not populated in 2025],A5-KS2-Progress,KS2 Ages 7 to 11 Mixed sex,
202,KS2_25,WRITPROG_NOTFSM6CLA1A_LOWER,Writing progress measure for non-disadvantaged pupils - lower confidence limit [not populated in 2025],A5-KS2-Progress,KS2 Ages 7 to 11 Mixed sex,
203,KS2_25,WRITPROG_NOTFSM6CLA1A_UPPER,Writing progress measure for non-disadvantaged pupils - upper confidence limit [not populated in 2025],A5-KS2-Progress,KS2 Ages 7 to 11 Mixed sex,
204,KS2_25,DIFFN_WRITPROG,Difference between writing progress measure for disadvantaged pupils in school and other pupils nationally [not populated in 2025],A5-KS2-Attainment,KS2 Ages 7 to 11 Mixed sex,
205,KS2_25,WRITPROG_EAL,Writing progress measure for EAL pupils [not populated in 2025],A5-KS2-Progress,KS2 Ages 7 to 11 Mixed sex,
206,KS2_25,WRITPROG_EAL_LOWER,Writing progress measure for EAL pupils - lower confidence limit [not populated in 2025],A5-KS2-Progress,KS2 Ages 7 to 11 Mixed sex,
207,KS2_25,WRITPROG_EAL_UPPER,Writing progress measure for EAL pupils - upper confidence limit [not populated in 2025],A5-KS2-Progress,KS2 Ages 7 to 11 Mixed sex,
208,KS2_25,WRITPROG_MOBN,Writing progress measure for non-mobile pupils [not populated in 2025],A5-KS2-Progress,KS2 Ages 7 to 11 Mixed sex,
209,KS2_25,WRITPROG_MOBN_LOWER,Writing progress measure for non-mobile pupils - lower confidence limit [not populated in 2025],A5-KS2-Progress,KS2 Ages 7 to 11 Mixed sex,
210,KS2_25,WRITPROG_MOBN_UPPER,Writing progress measure for non-mobile pupils - upper confidence limit [not populated in 2025],A5-KS2-Progress,KS2 Ages 7 to 11 Mixed sex,
211,KS2_25,MATPROG_B,Maths progress measure for boys [not populated in 2025],A5-KS2-Progress,KS2 Ages 7 to 11 Mixed sex,
212,KS2_25,MATPROG_B_LOWER,Maths progress measure for boys - lower confidence limit [not populated in 2025],A5-KS2-Progress,KS2 Ages 7 to 11 Mixed sex,
213,KS2_25,MATPROG_B_UPPER,Maths progress measure for boys - upper confidence limit [not populated in 2025],A5-KS2-Progress,KS2 Ages 7 to 11 Mixed sex,
214,KS2_25,MATPROG_G,Maths progress measure for girls [not populated in 2025],A5-KS2-Progress,KS2 Ages 7 to 11 Mixed sex,
215,KS2_25,MATPROG_G_LOWER,Maths progress measure for girls - lower confidence limit [not populated in 2025],A5-KS2-Progress,KS2 Ages 7 to 11 Mixed sex,
216,KS2_25,MATPROG_G_UPPER,Maths progress measure for girls - upper confidence limit [not populated in 2025],A5-KS2-Progress,KS2 Ages 7 to 11 Mixed sex,
217,KS2_25,MATPROG_L,Maths progress measure for pupils with low prior attainment [not populated in 2025],A5-KS2-Progress,KS2 Ages 7 to 11 Mixed sex,
218,KS2_25,MATPROG_L_LOWER,Maths progress measure for pupils with low prior attainment - lower confidence limit [not populated in 2025],A5-KS2-Progress,KS2 Ages 7 to 11 Mixed sex,
219,KS2_25,MATPROG_L_UPPER,Maths progress measure for pupils with low prior attainment - upper confidence limit [not populated in 2025],A5-KS2-Progress,KS2 Ages 7 to 11 Mixed sex,
220,KS2_25,MATPROG_M,Maths progress measure for pupils with medium prior attainment [not populated in 2025],A5-KS2-Progress,KS2 Ages 7 to 11 Mixed sex,
221,KS2_25,MATPROG_M_LOWER,Maths progress measure for pupils with medium prior attainment - lower confidence limit [not populated in 2025],A5-KS2-Progress,KS2 Ages 7 to 11 Mixed sex,
222,KS2_25,MATPROG_M_UPPER,Maths progress measure for pupils with medium prior attainment - upper confidence limit [not populated in 2025],A5-KS2-Progress,KS2 Ages 7 to 11 Mixed sex,
223,KS2_25,MATPROG_H,Maths progress measure for pupils with high prior attainment [not populated in 2025],A5-KS2-Progress,KS2 Ages 7 to 11 Mixed sex,
224,KS2_25,MATPROG_H_LOWER,Maths progress measure for pupils with high prior attainment - lower confidence limit [not populated in 2025],A5-KS2-Progress,KS2 Ages 7 to 11 Mixed sex,
225,KS2_25,MATPROG_H_UPPER,Maths progress measure for pupils with high prior attainment - upper confidence limit [not populated in 2025],A5-KS2-Progress,KS2 Ages 7 to 11 Mixed sex,
226,KS2_25,MATPROG_FSM6CLA1A,Maths progress measure for disadvantaged pupils [not populated in 2025],A5-KS2-Progress,KS2 Ages 7 to 11 Mixed sex,
227,KS2_25,MATPROG_FSM6CLA1A_LOWER,Maths progress measure for disadvantaged pupils - lower confidence limit [not populated in 2025],A5-KS2-Progress,KS2 Ages 7 to 11 Mixed sex,
228,KS2_25,MATPROG_FSM6CLA1A_UPPER,Maths progress measure for disadvantaged pupils - upper confidence limit [not populated in 2025],A5-KS2-Progress,KS2 Ages 7 to 11 Mixed sex,
229,KS2_25,MATPROG_NOTFSM6CLA1A,Maths progress measure for non-disadvantaged pupils [not populated in 2025],A5-KS2-Progress,KS2 Ages 7 to 11 Mixed sex,
230,KS2_25,MATPROG_NOTFSM6CLA1A_LOWER,Maths progress measure for non-disadvantaged pupils - lower confidence limit [not populated in 2025],A5-KS2-Progress,KS2 Ages 7 to 11 Mixed sex,
231,KS2_25,MATPROG_NOTFSM6CLA1A_UPPER,Maths progress measure for non-disadvantaged pupils - upper confidence limit [not populated in 2025],A5-KS2-Progress,KS2 Ages 7 to 11 Mixed sex,
232,KS2_25,DIFFN_MATPROG,Difference between maths progress measure for disadvantaged pupils in school and other pupils nationally [not populated in 2025],A5-KS2-Attainment,KS2 Ages 7 to 11 Mixed sex,
233,KS2_25,MATPROG_EAL,Maths progress measure for EAL pupils [not populated in 2025],A5-KS2-Progress,KS2 Ages 7 to 11 Mixed sex,
234,KS2_25,MATPROG_EAL_LOWER,Maths progress measure for EAL pupils - lower confidence limit [not populated in 2025],A5-KS2-Progress,KS2 Ages 7 to 11 Mixed sex,
235,KS2_25,MATPROG_EAL_UPPER,Maths progress measure for EAL pupils - upper confidence limit [not populated in 2025],A5-KS2-Progress,KS2 Ages 7 to 11 Mixed sex,
236,KS2_25,MATPROG_MOBN,Maths progress measure for non-mobile pupils [not populated in 2025],A5-KS2-Progress,KS2 Ages 7 to 11 Mixed sex,
237,KS2_25,MATPROG_MOBN_LOWER,Maths progress measure for non-mobile pupils - lower confidence limit [not populated in 2025],A5-KS2-Progress,KS2 Ages 7 to 11 Mixed sex,
238,KS2_25,MATPROG_MOBN_UPPER,Maths progress measure for non-mobile pupils - upper confidence limit [not populated in 2025],A5-KS2-Progress,KS2 Ages 7 to 11 Mixed sex,
239,KS2_25,READ_AVERAGE_B,Average scaled score in reading for boys,A5-KS2-Scores,KS2 Ages 7 to 11 Mixed sex,107
240,KS2_25,READ_AVERAGE_G,Average scaled score in reading for girls,A5-KS2-Scores,KS2 Ages 7 to 11 Mixed sex,111
241,KS2_25,READ_AVERAGE_L,Average scaled score in reading for pupils with low prior attainment [not populated in 2025],A5-KS2-Scores,KS2 Ages 7 to 11 Mixed sex,
242,KS2_25,READ_AVERAGE_M,Average scaled score in reading for pupils with medium prior attainment [not populated in 2025],A5-KS2-Scores,KS2 Ages 7 to 11 Mixed sex,
243,KS2_25,READ_AVERAGE_H,Average scaled score in reading for pupils with high prior attainment [not populated in 2025],A5-KS2-Scores,KS2 Ages 7 to 11 Mixed sex,
244,KS2_25,READ_AVERAGE_FSM6CLA1A,Average scaled score in reading for disadvantaged pupils,A5-KS2-Scores,KS2 Ages 7 to 11 Mixed sex,106
245,KS2_25,READ_AVERAGE_NOTFSM6CLA1A,Average scaled score in reading for non-disadvantaged pupils,A5-KS2-Scores,KS2 Ages 7 to 11 Mixed sex,110
246,KS2_25,READ_AVERAGE_EAL,Average scaled score in reading for EAL pupils,A5-KS2-Scores,KS2 Ages 7 to 11 Mixed sex,112
247,KS2_25,READ_AVERAGE_MOBN,Average scaled score in reading for MOBN pupils,A5-KS2-Scores,KS2 Ages 7 to 11 Mixed sex,109
248,KS2_25,MAT_AVERAGE_B,Average scaled score in maths for boys,A5-KS2-Scores,KS2 Ages 7 to 11 Mixed sex,106
249,KS2_25,MAT_AVERAGE_G,Average scaled score in maths for girls,A5-KS2-Scores,KS2 Ages 7 to 11 Mixed sex,106
250,KS2_25,MAT_AVERAGE_L,Average scaled score in maths for pupils with low prior attainment [not populated in 2025],A5-KS2-Scores,KS2 Ages 7 to 11 Mixed sex,
251,KS2_25,MAT_AVERAGE_M,Average scaled score in maths for pupils with medium prior attainment [not populated in 2025],A5-KS2-Scores,KS2 Ages 7 to 11 Mixed sex,
252,KS2_25,MAT_AVERAGE_H,Average scaled score in maths for pupils with high prior attainment [not populated in 2025],A5-KS2-Scores,KS2 Ages 7 to 11 Mixed sex,
253,KS2_25,MAT_AVERAGE_FSM6CLA1A,Average scaled score in maths for disadvantaged pupils,A5-KS2-Scores,KS2 Ages 7 to 11 Mixed sex,104
254,KS2_25,MAT_AVERAGE_NOTFSM6CLA1A,Average scaled score in maths for non-disadvantaged pupils,A5-KS2-Scores,KS2 Ages 7 to 11 Mixed sex,107
255,KS2_25,MAT_AVERAGE_EAL,Average scaled score in maths for EAL pupils,A5-KS2-Scores,KS2 Ages 7 to 11 Mixed sex,109
256,KS2_25,MAT_AVERAGE_MOBN,Average scaled score in maths for MOBN pupils,A5-KS2-Scores,KS2 Ages 7 to 11 Mixed sex,106
257,KS2_25,GPS_AVERAGE_B,Average scaled score in GPS for boys,A5-KS2-Scores,KS2 Ages 7 to 11 Mixed sex,105
258,KS2_25,GPS_AVERAGE_G,Average scaled score in GPS for girls,A5-KS2-Scores,KS2 Ages 7 to 11 Mixed sex,106
259,KS2_25,GPS_AVERAGE_L,Average scaled score in GPS for pupils with low prior attainment [not populated in 2025],A5-KS2-Scores,KS2 Ages 7 to 11 Mixed sex,
260,KS2_25,GPS_AVERAGE_M,Average scaled score in GPS for pupils with medium prior attainment [not populated in 2025],A5-KS2-Scores,KS2 Ages 7 to 11 Mixed sex,
261,KS2_25,GPS_AVERAGE_H,Average scaled score in GPS for pupils with high prior attainment [not populated in 2025],A5-KS2-Scores,KS2 Ages 7 to 11 Mixed sex,
262,KS2_25,GPS_AVERAGE_FSM6CLA1A,Average scaled score in GPS for disadvantaged pupils,A5-KS2-Scores,KS2 Ages 7 to 11 Mixed sex,103
263,KS2_25,GPS_AVERAGE_NOTFSM6CLA1A,Average scaled score in GPS for non-disadvantaged pupils,A5-KS2-Scores,KS2 Ages 7 to 11 Mixed sex,106
264,KS2_25,GPS_AVERAGE_EAL,Average scaled score in GPS for EAL pupils,A5-KS2-Scores,KS2 Ages 7 to 11 Mixed sex,109
265,KS2_25,GPS_AVERAGE_MOBN,Average scaled score in GPS for MOBN pupils,A5-KS2-Scores,KS2 Ages 7 to 11 Mixed sex,105
266,KS2_25,PTREAD_EXP_L,Percentage of pupils with low prior attainment reaching the expected standard in reading [not populated in 2025],A5-KS2-Attainment,KS2 Ages 7 to 11 Mixed sex,
267,KS2_25,PTREAD_EXP_M,Percentage of pupils with medium prior attainment reaching the expected standard in reading [not populated in 2025],A5-KS2-Attainment,KS2 Ages 7 to 11 Mixed sex,
268,KS2_25,PTREAD_EXP_H,Percentage of pupils with high prior attainment reaching the expected standard in reading [not populated in 2025],A5-KS2-Attainment,KS2 Ages 7 to 11 Mixed sex,
269,KS2_25,PTREAD_EXP_FSM6CLA1A,Percentage of disadvantaged pupils reaching the expected standard in reading,A5-KS2-Attainment,KS2 Ages 7 to 11 Mixed sex,75%
270,KS2_25,PTREAD_EXP_NOTFSM6CLA1A,Percentage of non-disadvantaged pupils reaching the expected standard in reading,A5-KS2-Attainment,KS2 Ages 7 to 11 Mixed sex,93%
271,KS2_25,PTGPS_EXP_L,"Percentage of pupils with low prior attainment reaching the expected standard in grammar,A5-KS2-Attainment,,KS2 Ages 7 to 11 Mixed sex,
272,KS2_25,PTGPS_EXP_M,"Percentage of pupils with medium prior attainment reaching the expected standard in grammar,A5-KS2-Attainment,,KS2 Ages 7 to 11 Mixed sex,
273,KS2_25,PTGPS_EXP_H,"Percentage of pupils with high prior attainment reaching the expected standard in grammar,A5-KS2-Attainment,,KS2 Ages 7 to 11 Mixed sex,
274,KS2_25,PTGPS_EXP_FSM6CLA1A,"Percentage of disadvantaged pupils reaching the expected standard in grammar,A5-KS2-Attainment,,KS2 Ages 7 to 11 Mixed sex,69%
275,KS2_25,PTGPS_EXP_NOTFSM6CLA1A,"Percentage of non-disadvantaged pupils reaching the expected standard in grammar,A5-KS2-Attainment,,KS2 Ages 7 to 11 Mixed sex,84%
276,KS2_25,PTMAT_EXP_L,Percentage of pupils with low prior attainment reaching the expected standard in maths [not populated in 2025],A5-KS2-Attainment,KS2 Ages 7 to 11 Mixed sex,
277,KS2_25,PTMAT_EXP_M,Percentage of pupils with medium prior attainment reaching the expected standard in maths [not populated in 2025],A5-KS2-Attainment,KS2 Ages 7 to 11 Mixed sex,
278,KS2_25,PTMAT_EXP_H,Percentage of pupils with high prior attainment reaching the expected standard in maths [not populated in 2025],A5-KS2-Attainment,KS2 Ages 7 to 11 Mixed sex,
279,KS2_25,PTMAT_EXP_FSM6CLA1A,Percentage of disadvantaged pupils reaching the expected standard in maths,A5-KS2-Attainment,KS2 Ages 7 to 11 Mixed sex,81%
280,KS2_25,PTMAT_EXP_NOTFSM6CLA1A,Percentage of non-disadvantaged pupils reaching the expected standard in maths,A5-KS2-Attainment,KS2 Ages 7 to 11 Mixed sex,92%
281,KS2_25,PTWRITTA_EXP_L,Percentage of pupils with low prior attainment reaching the expected standard in writing [not populated in 2025],A5-KS2-Attainment,KS2 Ages 7 to 11 Mixed sex,
282,KS2_25,PTWRITTA_EXP_M,Percentage of pupils with medium prior attainment reaching the expected standard in writing [not populated in 2025],A5-KS2-Attainment,KS2 Ages 7 to 11 Mixed sex,
283,KS2_25,PTWRITTA_EXP_H,Percentage of pupils with high prior attainment reaching the expected standard in writing [not populated in 2025],A5-KS2-Attainment,KS2 Ages 7 to 11 Mixed sex,
284,KS2_25,PTWRITTA_EXP_FSM6CLA1A,Percentage of disadvantaged pupils reaching the expected standard in writing,A5-KS2-Attainment,KS2 Ages 7 to 11 Mixed sex,66%
285,KS2_25,PTWRITTA_EXP_NOTFSM6CLA1A,Percentage of non-disadvantaged pupils reaching the expected standard in writing,A5-KS2-Attainment,KS2 Ages 7 to 11 Mixed sex,81%
286,KS2_25,PTREAD_HIGH_L,Percentage of pupils with low prior attainment achieving a high score in reading [not populated in 2025],A5-KS2-Attainment,KS2 Ages 7 to 11 Mixed sex,
287,KS2_25,PTREAD_HIGH_M,Percentage of pupils with medium prior attainment achieving a high score in reading [not populated in 2025],A5-KS2-Attainment,KS2 Ages 7 to 11 Mixed sex,
288,KS2_25,PTREAD_HIGH_H,Percentage of pupils with high prior attainment achieving a high score in reading [not populated in 2025],A5-KS2-Attainment,KS2 Ages 7 to 11 Mixed sex,
289,KS2_25,PTREAD_HIGH_FSM6CLA1A,Percentage of disadvantaged pupils achieving a high score in reading,A5-KS2-Attainment,KS2 Ages 7 to 11 Mixed sex,34%
290,KS2_25,PTREAD_HIGH_NOTFSM6CLA1A,Percentage of non-disadvantaged pupils achieving a high score in reading,A5-KS2-Attainment,KS2 Ages 7 to 11 Mixed sex,59%
291,KS2_25,PTGPS_HIGH_L,"Percentage of pupils with low prior attainment achieving a high score in grammar,A5-KS2-Attainment,,KS2 Ages 7 to 11 Mixed sex,
292,KS2_25,PTGPS_HIGH_M,"Percentage of pupils with medium prior attainment achieving a high score in grammar,A5-KS2-Attainment,,KS2 Ages 7 to 11 Mixed sex,
293,KS2_25,PTGPS_HIGH_H,"Percentage of pupils with high prior attainment achieving a high score in grammar,A5-KS2-Attainment,,KS2 Ages 7 to 11 Mixed sex,
294,KS2_25,PTGPS_HIGH_FSM6CLA1A,"Percentage of disadvantaged pupils achieving a high score in grammar,A5-KS2-Attainment,,KS2 Ages 7 to 11 Mixed sex,19%
295,KS2_25,PTGPS_HIGH_NOTFSM6CLA1A,"Percentage of non-disadvantaged pupils achieving a high score in grammar,A5-KS2-Attainment,,KS2 Ages 7 to 11 Mixed sex,32%
296,KS2_25,PTMAT_HIGH_L,Percentage of pupils with low prior attainment achieving a high score in maths [not populated in 2025],A5-KS2-Attainment,KS2 Ages 7 to 11 Mixed sex,
297,KS2_25,PTMAT_HIGH_M,Percentage of pupils with medium prior attainment achieving a high score in maths [not populated in 2025],A5-KS2-Attainment,KS2 Ages 7 to 11 Mixed sex,
298,KS2_25,PTMAT_HIGH_H,Percentage of pupils with high prior attainment achieving a high score in maths [not populated in 2025],A5-KS2-Attainment,KS2 Ages 7 to 11 Mixed sex,
299,KS2_25,PTMAT_HIGH_FSM6CLA1A,Percentage of disadvantaged pupils achieving a high score in maths,A5-KS2-Attainment,KS2 Ages 7 to 11 Mixed sex,22%
300,KS2_25,PTMAT_HIGH_NOTFSM6CLA1A,Percentage of non-disadvantaged pupils achieving a high score in maths,A5-KS2-Attainment,KS2 Ages 7 to 11 Mixed sex,33%
301,KS2_25,PTWRITTA_HIGH_L,Percentage of pupils with low prior attainment working at greater depth in writing [not populated in 2025],A5-KS2-Attainment,KS2 Ages 7 to 11 Mixed sex,
302,KS2_25,PTWRITTA_HIGH_M,Percentage of pupils with medium prior attainment working at greater depth in writing [not populated in 2025],A5-KS2-Attainment,KS2 Ages 7 to 11 Mixed sex,
303,KS2_25,PTWRITTA_HIGH_H,Percentage of pupils with high prior attainment working at greater depth in writing [not populated in 2025],A5-KS2-Attainment,KS2 Ages 7 to 11 Mixed sex,
304,KS2_25,PTWRITTA_HIGH_FSM6CLA1A,Percentage of disadvantaged pupils working at greater depth in writing,A5-KS2-Attainment,KS2 Ages 7 to 11 Mixed sex,9%
305,KS2_25,PTWRITTA_HIGH_NOTFSM6CLA1A,Percentage of non-disadvantaged pupils working at greater depth in writing,A5-KS2-Attainment,KS2 Ages 7 to 11 Mixed sex,25%
306,KS2_25,TEALGRP1,Number of eligible pupils with English as first language,A5-KS2,KS2 Ages 7 to 11 Mixed sex,73
307,KS2_25,PTEALGRP1,Percentage of eligible pupils with English as first language,A5-KS2-Cohort,KS2 Ages 7 to 11 Mixed sex,70%
308,KS2_25,TEALGRP3,Number of eligible pupils with unclassified language,A5-KS2,KS2 Ages 7 to 11 Mixed sex,2
309,KS2_25,PTEALGRP3,Percentage of eligible pupils with unclassified language,A5-KS2-Cohort,KS2 Ages 7 to 11 Mixed sex,2%
310,KS2_25,TSENELE,Number of eligible pupils with EHC plan,A5-KS2,KS2 Ages 7 to 11 Mixed sex,7
311,KS2_25,PSENELE,Percentage of eligible pupils with EHC plan,A5-KS2-Attainment,KS2 Ages 7 to 11 Mixed sex,7%
312,KS2_25,TSENELK,Number of eligible pupils with SEN support,A5-KS2,KS2 Ages 7 to 11 Mixed sex,25
313,KS2_25,PSENELK,Percentage of eligible pupils with SEN support,A5-KS2,KS2 Ages 7 to 11 Mixed sex,24%
314,KS2_25,TSENELEK,Number of eligible pupils with SEN (EHC plan or SEN support),A5-KS2,KS2 Ages 7 to 11 Mixed sex,32
315,KS2_25,PSENELEK,Percentage of eligible pupils with SEN  (EHC plan or SEN support),A5-KS2-Attainment,KS2 Ages 7 to 11 Mixed sex,30%
316,KS2_25,TELIG_24,Number of eligible pupils 2024,A5-KS2-Cohort,KS2 Ages 7 to 11 Mixed sex,110
317,KS2_25,PTFSM6CLA1A_24,Percentage of key stage 2 disadvantaged pupils one year prior,A5-KS2-Cohort,KS2 Ages 7 to 11 Mixed sex,24%
318,KS2_25,PTNOTFSM6CLA1A_24,Percentage of key stage 2 pupils who are not disadvantaged one year prior,A5-KS2-Cohort,KS2 Ages 7 to 11 Mixed sex,76%
319,KS2_25,PTRWM_EXP_24,"Percentage of pupils reaching the expected standard in reading,A5-KS2-Attainment,,KS2 Ages 7 to 11 Mixed sex,66%
320,KS2_25,PTRWM_HIGH_24,Percentage of pupils achieving a high score in reading and maths and working at greater depth in writing  one year prior,A5-KS2-Attainment,KS2 Ages 7 to 11 Mixed sex,12%
321,KS2_25,PTRWM_EXP_FSM6CLA1A_24,"Percentage of disadvantaged pupils reaching the expected standard in reading,A5-KS2-Attainment,,KS2 Ages 7 to 11 Mixed sex,42%
322,KS2_25,PTRWM_HIGH_FSM6CLA1A_24,Percentage of disadvantaged pupils achieving a high score in reading and maths and working at greater depth in writing one year prior,A5-KS2-Attainment,KS2 Ages 7 to 11 Mixed sex,12%
323,KS2_25,PTRWM_EXP_NOTFSM6CLA1A_24,"Percentage of non-disadvantaged pupils reaching the expected standard in reading,A5-KS2-Attainment,,KS2 Ages 7 to 11 Mixed sex,74%
324,KS2_25,PTRWM_HIGH_NOTFSM6CLA1A_24,Percentage of non-disadvantaged pupils achieving a high score in reading and maths and working at greater depth in writing one year prior,A5-KS2-Attainment,KS2 Ages 7 to 11 Mixed sex,12%
325,KS2_25,READPROG_24,Reading progress measure - one year prior [not populated in 2025],A5-KS2-Progress,KS2 Ages 7 to 11 Mixed sex,
326,KS2_25,READPROG_LOWER_24,Reading progress measure - lower confidence limit - one year prior [not populated in 2025],A5-KS2-Progress,KS2 Ages 7 to 11 Mixed sex,
327,KS2_25,READPROG_UPPER_24,Reading progress measure - upper confidence limit - one year prior [not populated in 2025],A5-KS2-Progress,KS2 Ages 7 to 11 Mixed sex,
328,KS2_25,WRITPROG_24,Writing progress measure - one year prior [not populated in 2025],A5-KS2-Progress,KS2 Ages 7 to 11 Mixed sex,
329,KS2_25,WRITPROG_LOWER_24,Writing progress measure - lower confidence limit - one year prior [not populated in 2025],A5-KS2-Progress,KS2 Ages 7 to 11 Mixed sex,
330,KS2_25,WRITPROG_UPPER_24,Writing progress measure - upper confidence limit - one year prior [not populated in 2025],A5-KS2-Progress,KS2 Ages 7 to 11 Mixed sex,
331,KS2_25,MATPROG_24,Maths progress measure - one year prior [not populated in 2025],A5-KS2-Progress,KS2 Ages 7 to 11 Mixed sex,
332,KS2_25,MATPROG_LOWER_24,Maths progress measure - lower confidence limit - one year prior [not populated in 2025],A5-KS2-Progress,KS2 Ages 7 to 11 Mixed sex,
333,KS2_25,MATPROG_UPPER_24,Maths progress measure - upper confidence limit - one year prior [not populated in 2025],A5-KS2-Progress,KS2 Ages 7 to 11 Mixed sex,
334,KS2_25,READ_AVERAGE_24,Average scaled score in reading - one year prior,A5-KS2-Scores,KS2 Ages 7 to 11 Mixed sex,108
335,KS2_25,MAT_AVERAGE_24,Average scaled score in maths - one year prior,A5-KS2-Scores,KS2 Ages 7 to 11 Mixed sex,105
336,KS2_25,TELIG_23,Number of eligible pupils 2023,A5-KS2-Cohort,KS2 Ages 7 to 11 Mixed sex,118
337,KS2_25,PTFSM6CLA1A_23,Percentage of key stage 2 disadvantaged pupils - two years prior,A5-KS2-Cohort,KS2 Ages 7 to 11 Mixed sex,26%
338,KS2_25,PTNOTFSM6CLA1A_23,Percentage of key stage 2 pupils who are not disadvantaged - two years prior,A5-KS2-Cohort,KS2 Ages 7 to 11 Mixed sex,74%
339,KS2_25,PTRWM_EXP_23,"Percentage of pupils reaching the expected standard in reading,A5-KS2-Attainment,,KS2 Ages 7 to 11 Mixed sex,73%
340,KS2_25,PTRWM_HIGH_23,Percentage of pupils achieving a high score in reading and maths and working at greater depth in writing - two years prior,A5-KS2-Attainment,KS2 Ages 7 to 11 Mixed sex,10%
341,KS2_25,PTRWM_EXP_FSM6CLA1A_23,"Percentage of disadvantaged pupils reaching the expected standard in reading,A5-KS2-Attainment,,KS2 Ages 7 to 11 Mixed sex,58%
342,KS2_25,PTRWM_HIGH_FSM6CLA1A_23,Percentage of disadvantaged pupils achieving a high score in reading and maths and working at greater depth in writing - two years prior,A5-KS2-Attainment,KS2 Ages 7 to 11 Mixed sex,0%
343,KS2_25,PTRWM_EXP_NOTFSM6CLA1A_23,"Percentage of non-disadvantaged pupils reaching the expected standard in reading,A5-KS2-Attainment,,KS2 Ages 7 to 11 Mixed sex,78%
344,KS2_25,PTRWM_HIGH_NOTFSM6CLA1A_23,Percentage of non-disadvantaged pupils achieving a high score in reading and maths and working at greater depth in writing - two years prior,A5-KS2-Attainment,KS2 Ages 7 to 11 Mixed sex,14%
345,KS2_25,READPROG_23,Reading progress measure - two years prior,A5-KS2-Progress,KS2 Ages 7 to 11 Mixed sex,1.1
346,KS2_25,READPROG_LOWER_23,Reading progress measure - lower confidence limit - two years prior,A5-KS2-Progress,KS2 Ages 7 to 11 Mixed sex,-0.1
347,KS2_25,READPROG_UPPER_23,Reading progress measure - upper confidence limit - two years prior,A5-KS2-Progress,KS2 Ages 7 to 11 Mixed sex,2.2
348,KS2_25,WRITPROG_23,Writing progress measure - two years prior,A5-KS2-Progress,KS2 Ages 7 to 11 Mixed sex,-0.7
349,KS2_25,WRITPROG_LOWER_23,Writing progress measure - lower confidence limit - two years prior,A5-KS2-Progress,KS2 Ages 7 to 11 Mixed sex,-1.8
350,KS2_25,WRITPROG_UPPER_23,Writing progress measure - upper confidence limit -  two years prior,A5-KS2-Progress,KS2 Ages 7 to 11 Mixed sex,0.4
351,KS2_25,MATPROG_23,Maths progress measure - two years prior,A5-KS2-Progress,KS2 Ages 7 to 11 Mixed sex,0
352,KS2_25,MATPROG_LOWER_23,Maths progress measure - lower confidence limit - two years prior,A5-KS2-Progress,KS2 Ages 7 to 11 Mixed sex,-1.1
353,KS2_25,MATPROG_UPPER_23,Maths progress measure - upper confidence limit  - two years prior,A5-KS2-Progress,KS2 Ages 7 to 11 Mixed sex,1.1
354,KS2_25,READ_AVERAGE_23,Average scaled score in reading - two years prior,A5-KS2-Scores,KS2 Ages 7 to 11 Mixed sex,108
355,KS2_25,MAT_AVERAGE_23,Average scaled score in maths - two years prior,A5-KS2-Scores,KS2 Ages 7 to 11 Mixed sex,106
356,KS2_25,TELIG_3YR,Total number of pupils at the end of Key Stage 2 over the past three years,A5-KS2-Cohort,KS2 Ages 7 to 11 Mixed sex,333
357,KS2_25,PTRWM_EXP_3YR,"Percentage of pupils reaching the expected standard in reading,A5-KS2-Attainment,,KS2 Ages 7 to 11 Mixed sex,71%
358,KS2_25,PTRWM_HIGH_3YR,Percentage of pupils achieving a high score in reading and maths and working at greater depth in writing  - 3 year total,A5-KS2-Attainment,KS2 Ages 7 to 11 Mixed sex,12%
359,KS2_25,READ_AVERAGE_3YR,Average scaled score in reading - 3 year average,A5-KS2-Scores,KS2 Ages 7 to 11 Mixed sex,108
360,KS2_25,MAT_AVERAGE_3YR,Average scaled score in maths - 3 year average,A5-KS2-Scores,KS2 Ages 7 to 11 Mixed sex,106
361,KS2_25,READPROG_UNADJUSTED,Unadjusted reading progress measure [not populated in 2025],A5-KS2-Progress,KS2 Ages 7 to 11 Mixed sex,
362,KS2_25,WRITPROG_UNADJUSTED,Unadjusted writing progress measure [not populated in 2025],A5-KS2-Progress,KS2 Ages 7 to 11 Mixed sex,
363,KS2_25,MATPROG_UNADJUSTED,Unadjusted maths progress measure [not populated in 2025],A5-KS2-Progress,KS2 Ages 7 to 11 Mixed sex,
364,KS2_25,READPROG_DESCR,Reading progress measure 'description' [not populated in 2025],A5-KS2-Progress,KS2 Ages 7 to 11 Mixed sex,
365,KS2_25,WRITPROG_DESCR,Writing progress measure 'description' [not populated in 2025],A5-KS2-Progress,KS2 Ages 7 to 11 Mixed sex,
366,KS2_25,MATPROG_DESCR,Maths progress measure 'description' [not populated in 2025],A5-KS2-Progress,KS2 Ages 7 to 11 Mixed sex,
367,KS2_25,EDITION,,A5-KS2,KS2 Ages 7 to 11 Mixed sex,Final
368,KS2_25,READPROG_DESCR_23,,A5-KS2-Progress,KS2 Ages 7 to 11 Mixed sex,3
369,KS2_25,WRITPROG_DESCR_23,,A5-KS2-Progress,KS2 Ages 7 to 11 Mixed sex,3
370,KS2_25,MATPROG_DESCR_23,,A5-KS2-Progress,KS2 Ages 7 to 11 Mixed sex,3
No,Namespace,Variable,Description,,Category,Value
1,L,URN,School unique reference number,,KS1 + KS2 Ages 3 to 11 Mixed sex,137648
2,L,LANAME,Local authority name,,KS1 + KS2 Ages 3 to 11 Mixed sex,Southwark
3,L,LA,Local authority number,,KS1 + KS2 Ages 3 to 11 Mixed sex,210
4,L,ESTAB,Establishment number,,KS1 + KS2 Ages 3 to 11 Mixed sex,2500
5,L,LAESTAB,DfE number,,KS1 + KS2 Ages 3 to 11 Mixed sex,2102500
6,L,SCHNAME,School name,A1,KS1 + KS2 Ages 3 to 11 Mixed sex,"Redriff Primary, City of London Academy"
7,L,STREET,School address (1),A1,KS1 + KS2 Ages 3 to 11 Mixed sex,Salter Road
8,L,LOCALITY,School address (2),A1,KS1 + KS2 Ages 3 to 11 Mixed sex,Rotherhithe
9,L,ADDRESS3,School address (3),,KS1 + KS2 Ages 3 to 11 Mixed sex,
10,L,TOWN,School town,A1,KS1 + KS2 Ages 3 to 11 Mixed sex,London
11,L,POSTCODE,School postcode,A1,KS1 + KS2 Ages 3 to 11 Mixed sex,SE16 5LQ
12,L,SCHSTATUS,School open / closed status,A1,KS1 + KS2 Ages 3 to 11 Mixed sex,Open
13,L,OPENDATE,Open date of school (if opened on or after 12 September 2024),A1,KS1 + KS2 Ages 3 to 11 Mixed sex,
14,L,CLOSEDATE,Date the school closed,A1,KS1 + KS2 Ages 3 to 11 Mixed sex,
15,L,MINORGROUP,Type of school / college eg maintained school,A1,KS1 + KS2 Ages 3 to 11 Mixed sex,Academy
16,L,SCHOOLTYPE,School Type eg Voluntary Aided school,A1,KS1 + KS2 Ages 3 to 11 Mixed sex,Academy converter
17,L,ISPRIMARY,"Does the school provide primary education? ( 0 = No,A1,,KS1 + KS2 Ages 3 to 11 Mixed sex,1
18,L,ISSECONDARY,"Does the school provide secondary education? ( 0 = No,A1,,KS1 + KS2 Ages 3 to 11 Mixed sex,0
19,L,ISPOST16,"Does the school provide post 16 education? (  0 = No,A1,,KS1 + KS2 Ages 3 to 11 Mixed sex,0
20,L,AGELOW,Lowest age of entry,A1,KS1 + KS2 Ages 3 to 11 Mixed sex,3
21,L,AGEHIGH,Highest age of entry,A1,KS1 + KS2 Ages 3 to 11 Mixed sex,11
22,L,GENDER,Indicates whether it's a mixed or single sex school,A1,KS1 + KS2 Ages 3 to 11 Mixed sex,Mixed
23,L,RELCHAR,Religious character,A1,KS1 + KS2 Ages 3 to 11 Mixed sex,Does not apply
24,L,ADMPOL,Admissions Policy,A1,KS1 + KS2 Ages 3 to 11 Mixed sex,Not applicable
25,CENSUS_25,URN,School Unique Reference Number,,KS1 + KS2 Ages 3 to 11 Mixed sex,137648
26,CENSUS_25,LA,LA number,,KS1 + KS2 Ages 3 to 11 Mixed sex,210
27,CENSUS_25,ESTAB,ESTAB number,,KS1 + KS2 Ages 3 to 11 Mixed sex,2500
28,CENSUS_25,SCHOOLTYPE,Type of school,,KS1 + KS2 Ages 3 to 11 Mixed sex,State-funded primary
29,CENSUS_25,NOR,Total number of pupils on roll,A4-Census,KS1 + KS2 Ages 3 to 11 Mixed sex,478
30,CENSUS_25,NORG,Number of girls on roll,A4-Census,KS1 + KS2 Ages 3 to 11 Mixed sex,238
31,CENSUS_25,NORB,Number of boys on roll,A4-Census,KS1 + KS2 Ages 3 to 11 Mixed sex,240
32,CENSUS_25,PNORG,Percentage of girls on roll,A4-Census,KS1 + KS2 Ages 3 to 11 Mixed sex,49.79%
33,CENSUS_25,PNORB,Percentage of boys on roll,A4-Census,KS1 + KS2 Ages 3 to 11 Mixed sex,50.21%
34,CENSUS_25,TSENELSE,Number of eligible pupils with an EHC plan,A4-Census,KS1 + KS2 Ages 3 to 11 Mixed sex,36
35,CENSUS_25,PSENELSE,Percentage of eligible pupils with an EHC plan,A4-Census,KS1 + KS2 Ages 3 to 11 Mixed sex,7.53%
36,CENSUS_25,TSENELK,Number of eligible pupils with SEN support,A4-Census,KS1 + KS2 Ages 3 to 11 Mixed sex,71
37,CENSUS_25,PSENELK,Percentage of eligible pupils with SEN support,A4-Census,KS1 + KS2 Ages 3 to 11 Mixed sex,14.85%
38,CENSUS_25,NUMEAL,No.  pupils where English not first language,A4-Census,KS1 + KS2 Ages 3 to 11 Mixed sex,302
39,CENSUS_25,NUMENGFL,No. pupils with English first language,A4-Census,KS1 + KS2 Ages 3 to 11 Mixed sex,176
40,CENSUS_25,NUMUNCFL,No. pupils where first language is unclassified,A4-Census,KS1 + KS2 Ages 3 to 11 Mixed sex,0
41,CENSUS_25,PNUMEAL,%  pupils where English not first language,A4-Census,KS1 + KS2 Ages 3 to 11 Mixed sex,63.20%
42,CENSUS_25,PNUMENGFL,% pupils with English first language,A4-Census,KS1 + KS2 Ages 3 to 11 Mixed sex,36.80%
43,CENSUS_25,PNUMUNCLF,,A4-Census,KS1 + KS2 Ages 3 to 11 Mixed sex,0
44,CENSUS_25,NUMFSM,No. pupils eligible for free school meals,A4-Census,KS1 + KS2 Ages 3 to 11 Mixed sex,109
45,CENSUS_25,NUMFSMEVER,Number of pupils eligible for FSM at any time during the past 6 years,A4-Census,KS1 + KS2 Ages 3 to 11 Mixed sex,109
46,CENSUS_25,NORFSMEVER,Total pupils for FSMEver,A4-Census,KS1 + KS2 Ages 3 to 11 Mixed sex,431
47,CENSUS_25,PNUMFSMEVER,Percentage of pupils eligible for FSM at any time during the past 6 years,A4-Census,KS1 + KS2 Ages 3 to 11 Mixed sex,25.29%
48,CENSUS_25,EDITION,,,KS1 + KS2 Ages 3 to 11 Mixed sex,Final
49,ABS_24,LA,Local Authority Number,,KS1 + KS2 Ages 3 to 11 Mixed sex,210
50,ABS_24,ESTAB,DfE number of establishment within LA,,KS1 + KS2 Ages 3 to 11 Mixed sex,2500
51,ABS_24,URN,School unique Reference Number,,KS1 + KS2 Ages 3 to 11 Mixed sex,137648
52,ABS_24,PERCTOT,Percentage of overall absence,A6,KS1 + KS2 Ages 3 to 11 Mixed sex,5.1
53,ABS_24,PPERSABS10,Percentage of enrolments who are persistent absentees,A6,KS1 + KS2 Ages 3 to 11 Mixed sex,10.5
54,ABS_24,EDITION,,,KS1 + KS2 Ages 3 to 11 Mixed sex,Final
55,KS2_25,YEAR,,A5-KS2,KS1 + KS2 Ages 3 to 11 Mixed sex,2025
56,KS2_25,RECTYPE,Record type,A5-KS2,KS1 + KS2 Ages 3 to 11 Mixed sex,1
57,KS2_25,ALPHAIND,Alphabetic index,A5-KS2,KS1 + KS2 Ages 3 to 11 Mixed sex,21278
58,KS2_25,LEA,Local authority number,A5-KS2,KS1 + KS2 Ages 3 to 11 Mixed sex,210
59,KS2_25,ESTAB,Establishment number,A5-KS2,KS1 + KS2 Ages 3 to 11 Mixed sex,2500
60,KS2_25,URN,School unique reference number,A5-KS2,KS1 + KS2 Ages 3 to 11 Mixed sex,137648
61,KS2_25,SCHNAME,School/Local authority name,A5-KS2,KS1 + KS2 Ages 3 to 11 Mixed sex,"Redriff Primary, City of London Academy"
62,KS2_25,ADDRESS1,School address (1),A5-KS2,KS1 + KS2 Ages 3 to 11 Mixed sex,Salter Road
63,KS2_25,ADDRESS2,School address (2),A5-KS2,KS1 + KS2 Ages 3 to 11 Mixed sex,Rotherhithe
64,KS2_25,ADDRESS3,School address (3),A5-KS2,KS1 + KS2 Ages 3 to 11 Mixed sex,
65,KS2_25,TOWN,School town,A5-KS2,KS1 + KS2 Ages 3 to 11 Mixed sex,London
66,KS2_25,PCODE,School postcode,A5-KS2,KS1 + KS2 Ages 3 to 11 Mixed sex,SE16 5LQ
67,KS2_25,TELNUM,School telephone number,A5-KS2,KS1 + KS2 Ages 3 to 11 Mixed sex,2072374272
68,KS2_25,PCON_CODE,School parliamentary constituency code,A5-KS2,KS1 + KS2 Ages 3 to 11 Mixed sex,E14001085
69,KS2_25,PCON_NAME,School parliamentary constituency name,A5-KS2,KS1 + KS2 Ages 3 to 11 Mixed sex,Bermondsey and Old Southwark
70,KS2_25,URN_AC,Converter academy: URN,A5-KS2,KS1 + KS2 Ages 3 to 11 Mixed sex,0
71,KS2_25,SCHNAME_AC,Converter academy: name,A5-KS2,KS1 + KS2 Ages 3 to 11 Mixed sex,
72,KS2_25,OPEN_AC,Converter academy: open date,A5-KS2,KS1 + KS2 Ages 3 to 11 Mixed sex,
73,KS2_25,NFTYPE,School type,A5-KS2,KS1 + KS2 Ages 3 to 11 Mixed sex,ACC
74,KS2_25,ICLOSE,Closed Flag,A5-KS2,KS1 + KS2 Ages 3 to 11 Mixed sex,0
75,KS2_25,RELDENOM,Religious denomination,A5-KS2,KS1 + KS2 Ages 3 to 11 Mixed sex,Does not apply
76,KS2_25,AGERANGE,Age range,A5-KS2,KS1 + KS2 Ages 3 to 11 Mixed sex,3 to 11
77,KS2_25,TAB15,School published in secondary school (key stage 4) performance tables,A5-KS2,KS1 + KS2 Ages 3 to 11 Mixed sex,0
78,KS2_25,TAB1618,School published in school and college (key stage 5) performance tables,A5-KS2,KS1 + KS2 Ages 3 to 11 Mixed sex,0
79,KS2_25,TOTPUPS,Total number of pupils (including part-time pupils),A5-KS2,KS1 + KS2 Ages 3 to 11 Mixed sex,478
80,KS2_25,TPUPYEAR,Number of pupils aged 11,A5-KS2,KS1 + KS2 Ages 3 to 11 Mixed sex,76
81,KS2_25,TELIG,Published eligible pupil number,A5-KS2-Cohort,KS1 + KS2 Ages 3 to 11 Mixed sex,74
82,KS2_25,BELIG,Eligible boys on school roll at time of tests,A5-KS2-Cohort,KS1 + KS2 Ages 3 to 11 Mixed sex,47
83,KS2_25,GELIG,Eligible girls on school roll at time of tests,A5-KS2-Cohort,KS1 + KS2 Ages 3 to 11 Mixed sex,27
84,KS2_25,PBELIG,Percentage of eligible boys on school roll at time of tests,A5-KS2-Cohort,KS1 + KS2 Ages 3 to 11 Mixed sex,64%
85,KS2_25,PGELIG,Percentage of eligible girls on school roll at time of tests,A5-KS2-Cohort,KS1 + KS2 Ages 3 to 11 Mixed sex,36%
86,KS2_25,TKS1AVERAGE,Cohort level key stage 1 average points score [not populated in 2025],A5-KS2-Attainment,KS1 + KS2 Ages 3 to 11 Mixed sex,
87,KS2_25,TKS1GROUP_L,Number of pupils in cohort with low KS1 attainment [not populated in 2025],A5-KS2-Attainment,KS1 + KS2 Ages 3 to 11 Mixed sex,
88,KS2_25,PTKS1GROUP_L,Percentage of pupils in cohort with low KS1 attainment [not populated in 2025],A5-KS2-Cohort,KS1 + KS2 Ages 3 to 11 Mixed sex,
89,KS2_25,TKS1GROUP_M,Number of pupils in cohort with medium KS1 attainment [not populated in 2025],A5-KS2-Attainment,KS1 + KS2 Ages 3 to 11 Mixed sex,
90,KS2_25,PTKS1GROUP_M,Percentage of pupils in cohort with medium KS1 attainment [not populated in 2025],A5-KS2-Cohort,KS1 + KS2 Ages 3 to 11 Mixed sex,
91,KS2_25,TKS1GROUP_H,Number of pupils in cohort high KS1 attainment [not populated in 2025],A5-KS2-Attainment,KS1 + KS2 Ages 3 to 11 Mixed sex,
92,KS2_25,PTKS1GROUP_H,Percentage of pupils in cohort with high KS1 attainment [not populated in 2025],A5-KS2-Cohort,KS1 + KS2 Ages 3 to 11 Mixed sex,
93,KS2_25,TKS1GROUP_NA,No. of pupils in KS1 group not calculable [not populated in 2025],A5-KS2-Attainment,KS1 + KS2 Ages 3 to 11 Mixed sex,
94,KS2_25,PTKS1GROUP_NA,Percentage of pupils in KS1group not calculable [not populated in 2025],A5-KS2-Cohort,KS1 + KS2 Ages 3 to 11 Mixed sex,
95,KS2_25,TFSM6CLA1A,Number of key stage 2 disadvantaged pupils (those who were eligible for free school meals in last 6 years or are looked after by the LA for a day or more or who have been adopted from care),A5-KS2,KS1 + KS2 Ages 3 to 11 Mixed sex,20
96,KS2_25,PTFSM6CLA1A,Percentage of key stage 2 disadvantaged pupils,A5-KS2-Cohort,KS1 + KS2 Ages 3 to 11 Mixed sex,27%
97,KS2_25,TNOTFSM6CLA1A,Number of key stage 2 pupils who are not disadvantaged,A5-KS2,KS1 + KS2 Ages 3 to 11 Mixed sex,54
98,KS2_25,PTNOTFSM6CLA1A,Percentage of key stage 2 pupils who are not disadvantaged,A5-KS2-Cohort,KS1 + KS2 Ages 3 to 11 Mixed sex,73%
99,KS2_25,TEALGRP2,Number of eligible pupils with English as additional language (EAL),A5-KS2,KS1 + KS2 Ages 3 to 11 Mixed sex,47
100,KS2_25,PTEALGRP2,Percentage of eligible pupils with English as additional language (EAL),A5-KS2-Cohort,KS1 + KS2 Ages 3 to 11 Mixed sex,64%
101,KS2_25,TMOBN,Number of eligible pupils classified as non-mobile,A5-KS2,KS1 + KS2 Ages 3 to 11 Mixed sex,73
102,KS2_25,PTMOBN,Percentage of eligible pupils classified as non-mobile,A5-KS2-Cohort,KS1 + KS2 Ages 3 to 11 Mixed sex,99%
103,KS2_25,PTRWM_EXP,"Percentage of pupils reaching the expected standard in reading,A5-KS2-Attainment,,KS1 + KS2 Ages 3 to 11 Mixed sex,89%
104,KS2_25,PTRWM_HIGH,Percentage of pupils achieving a high score in reading and maths and working at greater depth in writing,A5-KS2-Attainment,KS1 + KS2 Ages 3 to 11 Mixed sex,28%
105,KS2_25,READPROG,Reading progress measure [not populated in 2025],A5-KS2-Progress,KS1 + KS2 Ages 3 to 11 Mixed sex,
106,KS2_25,READPROG_LOWER,Reading progress measure - lower confidence limit [not populated in 2025],A5-KS2-Progress,KS1 + KS2 Ages 3 to 11 Mixed sex,
107,KS2_25,READPROG_UPPER,Reading progress measure - upper confidence limit [not populated in 2025],A5-KS2-Progress,KS1 + KS2 Ages 3 to 11 Mixed sex,
108,KS2_25,READCOV,Reading progress measure - coverage [not populated in 2025],A5-KS2-Attainment,KS1 + KS2 Ages 3 to 11 Mixed sex,
109,KS2_25,WRITPROG,Writing progress measure [not populated in 2025],A5-KS2-Progress,KS1 + KS2 Ages 3 to 11 Mixed sex,
110,KS2_25,WRITPROG_LOWER,Writing progress measure - lower confidence limit [not populated in 2025],A5-KS2-Progress,KS1 + KS2 Ages 3 to 11 Mixed sex,
111,KS2_25,WRITPROG_UPPER,Writing progress measure - upper confidence limit [not populated in 2025],A5-KS2-Progress,KS1 + KS2 Ages 3 to 11 Mixed sex,
112,KS2_25,WRITCOV,Writing progress measure - coverage [not populated in 2025],A5-KS2-Attainment,KS1 + KS2 Ages 3 to 11 Mixed sex,
113,KS2_25,MATPROG,Maths progress measure [not populated in 2025],A5-KS2-Progress,KS1 + KS2 Ages 3 to 11 Mixed sex,
114,KS2_25,MATPROG_LOWER,Maths progress measure - lower confidence limit [not populated in 2025],A5-KS2-Progress,KS1 + KS2 Ages 3 to 11 Mixed sex,
115,KS2_25,MATPROG_UPPER,Maths progress measure - upper confidence limit [not populated in 2025],A5-KS2-Progress,KS1 + KS2 Ages 3 to 11 Mixed sex,
116,KS2_25,MATCOV,Maths progress measure - coverage [not populated in 2025],A5-KS2-Attainment,KS1 + KS2 Ages 3 to 11 Mixed sex,
117,KS2_25,PTREAD_EXP,Percentage of pupils reaching the expected standard in reading,A5-KS2-Attainment,KS1 + KS2 Ages 3 to 11 Mixed sex,92%
118,KS2_25,PTREAD_HIGH,Percentage of pupils achieving a high score in reading,A5-KS2-Attainment,KS1 + KS2 Ages 3 to 11 Mixed sex,65%
119,KS2_25,PTREAD_AT,Percentage of pupils absent from or not able to access the test in reading,A5-KS2-Attainment,KS1 + KS2 Ages 3 to 11 Mixed sex,1%
120,KS2_25,READ_AVERAGE,Average scaled score in reading,A5-KS2-Scores,KS1 + KS2 Ages 3 to 11 Mixed sex,110
121,KS2_25,PTGPS_EXP,"Percentage of pupils reaching the expected standard in grammar,A5-KS2-Attainment,,KS1 + KS2 Ages 3 to 11 Mixed sex,89%
122,KS2_25,PTGPS_HIGH,"Percentage of pupils achieving a high score in grammar,A5-KS2-Attainment,,KS1 + KS2 Ages 3 to 11 Mixed sex,68%
123,KS2_25,PTGPS_AT,"Percentage of pupils absent from or not able to access the test in grammar,A5-KS2-Attainment,,KS1 + KS2 Ages 3 to 11 Mixed sex,1%
124,KS2_25,GPS_AVERAGE,"Average scaled score in grammar,A5-KS2-Scores,,KS1 + KS2 Ages 3 to 11 Mixed sex,112
125,KS2_25,PTMAT_EXP,Percentage of pupils reaching the expected standard in maths,A5-KS2-Attainment,KS1 + KS2 Ages 3 to 11 Mixed sex,91%
126,KS2_25,PTMAT_HIGH,Percentage of pupils achieving a high score in maths,A5-KS2-Attainment,KS1 + KS2 Ages 3 to 11 Mixed sex,49%
127,KS2_25,PTMAT_AT,Percentage of pupils absent from or not able to access the test in maths,A5-KS2-Attainment,KS1 + KS2 Ages 3 to 11 Mixed sex,1%
128,KS2_25,MAT_AVERAGE,Average scaled score in maths,A5-KS2-Scores,KS1 + KS2 Ages 3 to 11 Mixed sex,109
129,KS2_25,PTWRITTA_EXP,Percentage of pupils reaching the expected standard in writing,A5-KS2-Attainment,KS1 + KS2 Ages 3 to 11 Mixed sex,91%
130,KS2_25,PTWRITTA_HIGH,Percentage of pupils working at greater depth within the expected standard in writing,A5-KS2-Attainment,KS1 + KS2 Ages 3 to 11 Mixed sex,43%
131,KS2_25,PTWRITTA_WTS,Percentage of pupils working towards the expected standard in writing,A5-KS2-Attainment,KS1 + KS2 Ages 3 to 11 Mixed sex,7%
132,KS2_25,PTWRITTA_AD,Percentage of pupils absent or disapplied in writing TA,A5-KS2-Attainment,KS1 + KS2 Ages 3 to 11 Mixed sex,0%
133,KS2_25,PTSCITA_EXP,Percentage of pupils reaching the expected standard in science TA,A5-KS2-Attainment,KS1 + KS2 Ages 3 to 11 Mixed sex,91%
134,KS2_25,PTSCITA_AD,Percentage of pupils absent or disapplied in science TA,A5-KS2-Attainment,KS1 + KS2 Ages 3 to 11 Mixed sex,0%
135,KS2_25,PTRWM_EXP_B,"Percentage of boys reaching the expected standard in reading,A5-KS2-Attainment,,KS1 + KS2 Ages 3 to 11 Mixed sex,87%
136,KS2_25,PTRWM_EXP_G,"Percentage of girls reaching the expected standard in reading,A5-KS2-Attainment,,KS1 + KS2 Ages 3 to 11 Mixed sex,93%
137,KS2_25,PTRWM_EXP_L,"Percentage of pupils with low prior attainment reaching the expected standard in reading,A5-KS2-Attainment,,KS1 + KS2 Ages 3 to 11 Mixed sex,
138,KS2_25,PTRWM_EXP_M,"Percentage of pupils with medium prior attainment reaching the expected standard in reading,A5-KS2-Attainment,,KS1 + KS2 Ages 3 to 11 Mixed sex,
139,KS2_25,PTRWM_EXP_H,"Percentage of pupils with high prior attainment reaching the expected standard in reading,A5-KS2-Attainment,,KS1 + KS2 Ages 3 to 11 Mixed sex,
140,KS2_25,PTRWM_EXP_FSM6CLA1A,"Percentage of disadvantaged pupils reaching the expected standard in reading,A5-KS2-Attainment,,KS1 + KS2 Ages 3 to 11 Mixed sex,75%
141,KS2_25,PTRWM_EXP_NOTFSM6CLA1A,"Percentage of non-disadvantaged pupils reaching the expected standard in reading,A5-KS2-Attainment,,KS1 + KS2 Ages 3 to 11 Mixed sex,94%
142,KS2_25,DIFFN_RWM_EXP,"Difference between school percentage of disavantaged pupils and national percentage of other pupils reaching the expected standard in reading,A5-KS2-Attainment,,KS1 + KS2 Ages 3 to 11 Mixed sex,6
143,KS2_25,PTRWM_EXP_EAL,"Percentage of EAL pupils reaching the expected standard in reading,A5-KS2-Attainment,,KS1 + KS2 Ages 3 to 11 Mixed sex,89%
144,KS2_25,PTRWM_EXP_MOBN,"Percentage of non-mobile pupils reaching the expected standard in reading,A5-KS2-Attainment,,KS1 + KS2 Ages 3 to 11 Mixed sex,89%
145,KS2_25,PTRWM_HIGH_B,Percentage of boys achieving a high score in reading and maths and working at greater depth in writing,A5-KS2-Attainment,KS1 + KS2 Ages 3 to 11 Mixed sex,34%
146,KS2_25,PTRWM_HIGH_G,"Percentage of girls reaching the HIGHected standard in reading,A5-KS2-Attainment,,KS1 + KS2 Ages 3 to 11 Mixed sex,19%
147,KS2_25,PTRWM_HIGH_L,Percentage of pupils with low prior attainment achieving a high score in reading and maths and working at greater depth in writing [not populated in 2025],A5-KS2-Attainment,KS1 + KS2 Ages 3 to 11 Mixed sex,
148,KS2_25,PTRWM_HIGH_M,Percentage of pupils with medium prior attainment achieving a high score in reading and maths and working at greater depth in writing [not populated in 2025],A5-KS2-Attainment,KS1 + KS2 Ages 3 to 11 Mixed sex,
149,KS2_25,PTRWM_HIGH_H,Percentage of pupils with high prior attainment achieving a high score in reading and maths and working at greater depth in writing [not populated in 2025],A5-KS2-Attainment,KS1 + KS2 Ages 3 to 11 Mixed sex,
150,KS2_25,PTRWM_HIGH_FSM6CLA1A,Percentage of disadvantaged pupils achieving a high score in reading and maths and working at greater depth in writing,A5-KS2-Attainment,KS1 + KS2 Ages 3 to 11 Mixed sex,10%
151,KS2_25,PTRWM_HIGH_NOTFSM6CLA1A,Percentage of non-disadvantaged pupils achieving a high score in reading and maths and working at greater depth in writing,A5-KS2-Attainment,KS1 + KS2 Ages 3 to 11 Mixed sex,35%
152,KS2_25,DIFFN_RWM_HIGH,"Difference between school percentage of disavantaged pupils and national percentage of other pupils achieving a high score in reading,A5-KS2-Attainment,,KS1 + KS2 Ages 3 to 11 Mixed sex,-1
153,KS2_25,PTRWM_HIGH_EAL,Percentage of EAL pupils achieving a high score in reading and maths and working at greater depth in writing,A5-KS2-Attainment,KS1 + KS2 Ages 3 to 11 Mixed sex,38%
154,KS2_25,PTRWM_HIGH_MOBN,Percentage of non-mobile pupils achieving a high score in reading and maths and working at greater depth in writing,A5-KS2-Attainment,KS1 + KS2 Ages 3 to 11 Mixed sex,29%
155,KS2_25,READPROG_B,Reading progress measure for boys [not populated in 2025],A5-KS2-Progress,KS1 + KS2 Ages 3 to 11 Mixed sex,
156,KS2_25,READPROG_B_LOWER,Reading progress measure for boys - lower confidence limit [not populated in 2025],A5-KS2-Progress,KS1 + KS2 Ages 3 to 11 Mixed sex,
157,KS2_25,READPROG_B_UPPER,Reading progress measure for boys - upper confidence limit [not populated in 2025],A5-KS2-Progress,KS1 + KS2 Ages 3 to 11 Mixed sex,
158,KS2_25,READPROG_G,Reading progress measure for girls [not populated in 2025],A5-KS2-Progress,KS1 + KS2 Ages 3 to 11 Mixed sex,
159,KS2_25,READPROG_G_LOWER,Reading progress measure for girls - lower confidence limit [not populated in 2025],A5-KS2-Progress,KS1 + KS2 Ages 3 to 11 Mixed sex,
160,KS2_25,READPROG_G_UPPER,Reading progress measure for girls - upper confidence limit [not populated in 2025],A5-KS2-Progress,KS1 + KS2 Ages 3 to 11 Mixed sex,
161,KS2_25,READPROG_L,Reading progress measure for pupils with low prior attainment [not populated in 2025],A5-KS2-Progress,KS1 + KS2 Ages 3 to 11 Mixed sex,
162,KS2_25,READPROG_L_LOWER,Reading progress measure for pupils with low prior attainment - lower confidence limit [not populated in 2025],A5-KS2-Progress,KS1 + KS2 Ages 3 to 11 Mixed sex,
163,KS2_25,READPROG_L_UPPER,Reading progress measure for pupils with low prior attainment - upper confidence limit [not populated in 2025],A5-KS2-Progress,KS1 + KS2 Ages 3 to 11 Mixed sex,
164,KS2_25,READPROG_M,Reading progress measure for pupils with medium prior attainment [not populated in 2025],A5-KS2-Progress,KS1 + KS2 Ages 3 to 11 Mixed sex,
165,KS2_25,READPROG_M_LOWER,Reading progress measure for pupils with medium prior attainment - lower confidence limit [not populated in 2025],A5-KS2-Progress,KS1 + KS2 Ages 3 to 11 Mixed sex,
166,KS2_25,READPROG_M_UPPER,Reading progress measure for pupils with medium prior attainment - upper confidence limit [not populated in 2025],A5-KS2-Progress,KS1 + KS2 Ages 3 to 11 Mixed sex,
167,KS2_25,READPROG_H,Reading progress measure for pupils with high prior attainment [not populated in 2025],A5-KS2-Progress,KS1 + KS2 Ages 3 to 11 Mixed sex,
168,KS2_25,READPROG_H_LOWER,Reading progress measure for pupils with high prior attainment - lower confidence limit [not populated in 2025],A5-KS2-Progress,KS1 + KS2 Ages 3 to 11 Mixed sex,
169,KS2_25,READPROG_H_UPPER,Reading progress measure for pupils with high prior attainment - upper confidence limit [not populated in 2025],A5-KS2-Progress,KS1 + KS2 Ages 3 to 11 Mixed sex,
170,KS2_25,READPROG_FSM6CLA1A,Reading progress measure for disadvantaged pupils [not populated in 2025],A5-KS2-Progress,KS1 + KS2 Ages 3 to 11 Mixed sex,
171,KS2_25,READPROG_FSM6CLA1A_LOWER,Reading progress measure for disadvantaged pupils - lower confidence limit [not populated in 2025],A5-KS2-Progress,KS1 + KS2 Ages 3 to 11 Mixed sex,
172,KS2_25,READPROG_FSM6CLA1A_UPPER,Reading progress measure for disadvantaged pupils - upper confidence limit [not populated in 2025],A5-KS2-Progress,KS1 + KS2 Ages 3 to 11 Mixed sex,
173,KS2_25,READPROG_NOTFSM6CLA1A,Reading progress measure for non-disadvantaged pupils [not populated in 2025],A5-KS2-Progress,KS1 + KS2 Ages 3 to 11 Mixed sex,
174,KS2_25,READPROG_NOTFSM6CLA1A_LOWER,Reading progress measure for non-disadvantaged pupils - lower confidence limit [not populated in 2025],A5-KS2-Progress,KS1 + KS2 Ages 3 to 11 Mixed sex,
175,KS2_25,READPROG_NOTFSM6CLA1A_UPPER,Reading progress measure for non-disadvantaged pupils - upper confidence limit [not populated in 2025],A5-KS2-Progress,KS1 + KS2 Ages 3 to 11 Mixed sex,
176,KS2_25,DIFFN_READPROG,Difference between reading progress measure for disadvantaged pupils in school and other pupils nationally [not populated in 2025],A5-KS2-Attainment,KS1 + KS2 Ages 3 to 11 Mixed sex,
177,KS2_25,READPROG_EAL,Reading progress measure for EAL pupils [not populated in 2025],A5-KS2-Progress,KS1 + KS2 Ages 3 to 11 Mixed sex,
178,KS2_25,READPROG_EAL_LOWER,Reading progress measure for EAL pupils - lower confidence limit [not populated in 2025],A5-KS2-Progress,KS1 + KS2 Ages 3 to 11 Mixed sex,
179,KS2_25,READPROG_EAL_UPPER,Reading progress measure for EAL pupils - upper confidence limit [not populated in 2025],A5-KS2-Progress,KS1 + KS2 Ages 3 to 11 Mixed sex,
180,KS2_25,READPROG_MOBN,Reading progress measure for non-mobile pupils [not populated in 2025],A5-KS2-Progress,KS1 + KS2 Ages 3 to 11 Mixed sex,
181,KS2_25,READPROG_MOBN_LOWER,Reading progress measure for non-mobile pupils - lower confidence limit [not populated in 2025],A5-KS2-Progress,KS1 + KS2 Ages 3 to 11 Mixed sex,
182,KS2_25,READPROG_MOBN_UPPER,Reading progress measure for non-mobile pupils - upper confidence limit [not populated in 2025],A5-KS2-Progress,KS1 + KS2 Ages 3 to 11 Mixed sex,
183,KS2_25,WRITPROG_B,Writing progress measure for boys [not populated in 2025],A5-KS2-Progress,KS1 + KS2 Ages 3 to 11 Mixed sex,
184,KS2_25,WRITPROG_B_LOWER,Writing progress measure for boys - lower confidence limit [not populated in 2025],A5-KS2-Progress,KS1 + KS2 Ages 3 to 11 Mixed sex,
185,KS2_25,WRITPROG_B_UPPER,Writing progress measure for boys - upper confidence limit [not populated in 2025],A5-KS2-Progress,KS1 + KS2 Ages 3 to 11 Mixed sex,
186,KS2_25,WRITPROG_G,Writing progress measure for girls [not populated in 2025],A5-KS2-Progress,KS1 + KS2 Ages 3 to 11 Mixed sex,
187,KS2_25,WRITPROG_G_LOWER,Writing progress measure for girls - lower confidence limit [not populated in 2025],A5-KS2-Progress,KS1 + KS2 Ages 3 to 11 Mixed sex,
188,KS2_25,WRITPROG_G_UPPER,Writing progress measure for girls - upper confidence limit [not populated in 2025],A5-KS2-Progress,KS1 + KS2 Ages 3 to 11 Mixed sex,
189,KS2_25,WRITPROG_L,Writing progress measure for pupils with low prior attainment [not populated in 2025],A5-KS2-Progress,KS1 + KS2 Ages 3 to 11 Mixed sex,
190,KS2_25,WRITPROG_L_LOWER,Writing progress measure for pupils with low prior attainment - lower confidence limit [not populated in 2025],A5-KS2-Progress,KS1 + KS2 Ages 3 to 11 Mixed sex,
191,KS2_25,WRITPROG_L_UPPER,Writing progress measure for pupils with low prior attainment - upper confidence limit [not populated in 2025],A5-KS2-Progress,KS1 + KS2 Ages 3 to 11 Mixed sex,
192,KS2_25,WRITPROG_M,Writing progress measure for pupils with medium prior attainment [not populated in 2025],A5-KS2-Progress,KS1 + KS2 Ages 3 to 11 Mixed sex,
193,KS2_25,WRITPROG_M_LOWER,Writing progress measure for pupils with medium prior attainment - lower confidence limit [not populated in 2025],A5-KS2-Progress,KS1 + KS2 Ages 3 to 11 Mixed sex,
194,KS2_25,WRITPROG_M_UPPER,Writing progress measure for pupils with medium prior attainment - upper confidence limit [not populated in 2025],A5-KS2-Progress,KS1 + KS2 Ages 3 to 11 Mixed sex,
195,KS2_25,WRITPROG_H,Writing progress measure for pupils with high prior attainment [not populated in 2025],A5-KS2-Progress,KS1 + KS2 Ages 3 to 11 Mixed sex,
196,KS2_25,WRITPROG_H_LOWER,Writing progress measure for pupils with high prior attainment - lower confidence limit [not populated in 2025],A5-KS2-Progress,KS1 + KS2 Ages 3 to 11 Mixed sex,
197,KS2_25,WRITPROG_H_UPPER,Writing progress measure for pupils with high prior attainment - upper confidence limit [not populated in 2025],A5-KS2-Progress,KS1 + KS2 Ages 3 to 11 Mixed sex,
198,KS2_25,WRITPROG_FSM6CLA1A,Writing progress measure for disadvantaged pupils [not populated in 2025],A5-KS2-Progress,KS1 + KS2 Ages 3 to 11 Mixed sex,
199,KS2_25,WRITPROG_FSM6CLA1A_LOWER,Writing progress measure for disadvantaged pupils - lower confidence limit [not populated in 2025],A5-KS2-Progress,KS1 + KS2 Ages 3 to 11 Mixed sex,
200,KS2_25,WRITPROG_FSM6CLA1A_UPPER,Writing progress measure for disadvantaged pupils - upper confidence limit [not populated in 2025],A5-KS2-Progress,KS1 + KS2 Ages 3 to 11 Mixed sex,
201,KS2_25,WRITPROG_NOTFSM6CLA1A,Writing progress measure for non-disadvantaged pupils [not populated in 2025],A5-KS2-Progress,KS1 + KS2 Ages 3 to 11 Mixed sex,
202,KS2_25,WRITPROG_NOTFSM6CLA1A_LOWER,Writing progress measure for non-disadvantaged pupils - lower confidence limit [not populated in 2025],A5-KS2-Progress,KS1 + KS2 Ages 3 to 11 Mixed sex,
203,KS2_25,WRITPROG_NOTFSM6CLA1A_UPPER,Writing progress measure for non-disadvantaged pupils - upper confidence limit [not populated in 2025],A5-KS2-Progress,KS1 + KS2 Ages 3 to 11 Mixed sex,
204,KS2_25,DIFFN_WRITPROG,Difference between writing progress measure for disadvantaged pupils in school and other pupils nationally [not populated in 2025],A5-KS2-Attainment,KS1 + KS2 Ages 3 to 11 Mixed sex,
205,KS2_25,WRITPROG_EAL,Writing progress measure for EAL pupils [not populated in 2025],A5-KS2-Progress,KS1 + KS2 Ages 3 to 11 Mixed sex,
206,KS2_25,WRITPROG_EAL_LOWER,Writing progress measure for EAL pupils - lower confidence limit [not populated in 2025],A5-KS2-Progress,KS1 + KS2 Ages 3 to 11 Mixed sex,
207,KS2_25,WRITPROG_EAL_UPPER,Writing progress measure for EAL pupils - upper confidence limit [not populated in 2025],A5-KS2-Progress,KS1 + KS2 Ages 3 to 11 Mixed sex,
208,KS2_25,WRITPROG_MOBN,Writing progress measure for non-mobile pupils [not populated in 2025],A5-KS2-Progress,KS1 + KS2 Ages 3 to 11 Mixed sex,
209,KS2_25,WRITPROG_MOBN_LOWER,Writing progress measure for non-mobile pupils - lower confidence limit [not populated in 2025],A5-KS2-Progress,KS1 + KS2 Ages 3 to 11 Mixed sex,
210,KS2_25,WRITPROG_MOBN_UPPER,Writing progress measure for non-mobile pupils - upper confidence limit [not populated in 2025],A5-KS2-Progress,KS1 + KS2 Ages 3 to 11 Mixed sex,
211,KS2_25,MATPROG_B,Maths progress measure for boys [not populated in 2025],A5-KS2-Progress,KS1 + KS2 Ages 3 to 11 Mixed sex,
212,KS2_25,MATPROG_B_LOWER,Maths progress measure for boys - lower confidence limit [not populated in 2025],A5-KS2-Progress,KS1 + KS2 Ages 3 to 11 Mixed sex,
213,KS2_25,MATPROG_B_UPPER,Maths progress measure for boys - upper confidence limit [not populated in 2025],A5-KS2-Progress,KS1 + KS2 Ages 3 to 11 Mixed sex,
214,KS2_25,MATPROG_G,Maths progress measure for girls [not populated in 2025],A5-KS2-Progress,KS1 + KS2 Ages 3 to 11 Mixed sex,
215,KS2_25,MATPROG_G_LOWER,Maths progress measure for girls - lower confidence limit [not populated in 2025],A5-KS2-Progress,KS1 + KS2 Ages 3 to 11 Mixed sex,
216,KS2_25,MATPROG_G_UPPER,Maths progress measure for girls - upper confidence limit [not populated in 2025],A5-KS2-Progress,KS1 + KS2 Ages 3 to 11 Mixed sex,
217,KS2_25,MATPROG_L,Maths progress measure for pupils with low prior attainment [not populated in 2025],A5-KS2-Progress,KS1 + KS2 Ages 3 to 11 Mixed sex,
218,KS2_25,MATPROG_L_LOWER,Maths progress measure for pupils with low prior attainment - lower confidence limit [not populated in 2025],A5-KS2-Progress,KS1 + KS2 Ages 3 to 11 Mixed sex,
219,KS2_25,MATPROG_L_UPPER,Maths progress measure for pupils with low prior attainment - upper confidence limit [not populated in 2025],A5-KS2-Progress,KS1 + KS2 Ages 3 to 11 Mixed sex,
220,KS2_25,MATPROG_M,Maths progress measure for pupils with medium prior attainment [not populated in 2025],A5-KS2-Progress,KS1 + KS2 Ages 3 to 11 Mixed sex,
221,KS2_25,MATPROG_M_LOWER,Maths progress measure for pupils with medium prior attainment - lower confidence limit [not populated in 2025],A5-KS2-Progress,KS1 + KS2 Ages 3 to 11 Mixed sex,
222,KS2_25,MATPROG_M_UPPER,Maths progress measure for pupils with medium prior attainment - upper confidence limit [not populated in 2025],A5-KS2-Progress,KS1 + KS2 Ages 3 to 11 Mixed sex,
223,KS2_25,MATPROG_H,Maths progress measure for pupils with high prior attainment [not populated in 2025],A5-KS2-Progress,KS1 + KS2 Ages 3 to 11 Mixed sex,
224,KS2_25,MATPROG_H_LOWER,Maths progress measure for pupils with high prior attainment - lower confidence limit [not populated in 2025],A5-KS2-Progress,KS1 + KS2 Ages 3 to 11 Mixed sex,
225,KS2_25,MATPROG_H_UPPER,Maths progress measure for pupils with high prior attainment - upper confidence limit [not populated in 2025],A5-KS2-Progress,KS1 + KS2 Ages 3 to 11 Mixed sex,
226,KS2_25,MATPROG_FSM6CLA1A,Maths progress measure for disadvantaged pupils [not populated in 2025],A5-KS2-Progress,KS1 + KS2 Ages 3 to 11 Mixed sex,
227,KS2_25,MATPROG_FSM6CLA1A_LOWER,Maths progress measure for disadvantaged pupils - lower confidence limit [not populated in 2025],A5-KS2-Progress,KS1 + KS2 Ages 3 to 11 Mixed sex,
228,KS2_25,MATPROG_FSM6CLA1A_UPPER,Maths progress measure for disadvantaged pupils - upper confidence limit [not populated in 2025],A5-KS2-Progress,KS1 + KS2 Ages 3 to 11 Mixed sex,
229,KS2_25,MATPROG_NOTFSM6CLA1A,Maths progress measure for non-disadvantaged pupils [not populated in 2025],A5-KS2-Progress,KS1 + KS2 Ages 3 to 11 Mixed sex,
230,KS2_25,MATPROG_NOTFSM6CLA1A_LOWER,Maths progress measure for non-disadvantaged pupils - lower confidence limit [not populated in 2025],A5-KS2-Progress,KS1 + KS2 Ages 3 to 11 Mixed sex,
231,KS2_25,MATPROG_NOTFSM6CLA1A_UPPER,Maths progress measure for non-disadvantaged pupils - upper confidence limit [not populated in 2025],A5-KS2-Progress,KS1 + KS2 Ages 3 to 11 Mixed sex,
232,KS2_25,DIFFN_MATPROG,Difference between maths progress measure for disadvantaged pupils in school and other pupils nationally [not populated in 2025],A5-KS2-Attainment,KS1 + KS2 Ages 3 to 11 Mixed sex,
233,KS2_25,MATPROG_EAL,Maths progress measure for EAL pupils [not populated in 2025],A5-KS2-Progress,KS1 + KS2 Ages 3 to 11 Mixed sex,
234,KS2_25,MATPROG_EAL_LOWER,Maths progress measure for EAL pupils - lower confidence limit [not populated in 2025],A5-KS2-Progress,KS1 + KS2 Ages 3 to 11 Mixed sex,
235,KS2_25,MATPROG_EAL_UPPER,Maths progress measure for EAL pupils - upper confidence limit [not populated in 2025],A5-KS2-Progress,KS1 + KS2 Ages 3 to 11 Mixed sex,
236,KS2_25,MATPROG_MOBN,Maths progress measure for non-mobile pupils [not populated in 2025],A5-KS2-Progress,KS1 + KS2 Ages 3 to 11 Mixed sex,
237,KS2_25,MATPROG_MOBN_LOWER,Maths progress measure for non-mobile pupils - lower confidence limit [not populated in 2025],A5-KS2-Progress,KS1 + KS2 Ages 3 to 11 Mixed sex,
238,KS2_25,MATPROG_MOBN_UPPER,Maths progress measure for non-mobile pupils - upper confidence limit [not populated in 2025],A5-KS2-Progress,KS1 + KS2 Ages 3 to 11 Mixed sex,
239,KS2_25,READ_AVERAGE_B,Average scaled score in reading for boys,A5-KS2-Scores,KS1 + KS2 Ages 3 to 11 Mixed sex,110
240,KS2_25,READ_AVERAGE_G,Average scaled score in reading for girls,A5-KS2-Scores,KS1 + KS2 Ages 3 to 11 Mixed sex,110
241,KS2_25,READ_AVERAGE_L,Average scaled score in reading for pupils with low prior attainment [not populated in 2025],A5-KS2-Scores,KS1 + KS2 Ages 3 to 11 Mixed sex,
242,KS2_25,READ_AVERAGE_M,Average scaled score in reading for pupils with medium prior attainment [not populated in 2025],A5-KS2-Scores,KS1 + KS2 Ages 3 to 11 Mixed sex,
243,KS2_25,READ_AVERAGE_H,Average scaled score in reading for pupils with high prior attainment [not populated in 2025],A5-KS2-Scores,KS1 + KS2 Ages 3 to 11 Mixed sex,
244,KS2_25,READ_AVERAGE_FSM6CLA1A,Average scaled score in reading for disadvantaged pupils,A5-KS2-Scores,KS1 + KS2 Ages 3 to 11 Mixed sex,106
245,KS2_25,READ_AVERAGE_NOTFSM6CLA1A,Average scaled score in reading for non-disadvantaged pupils,A5-KS2-Scores,KS1 + KS2 Ages 3 to 11 Mixed sex,111
246,KS2_25,READ_AVERAGE_EAL,Average scaled score in reading for EAL pupils,A5-KS2-Scores,KS1 + KS2 Ages 3 to 11 Mixed sex,109
247,KS2_25,READ_AVERAGE_MOBN,Average scaled score in reading for MOBN pupils,A5-KS2-Scores,KS1 + KS2 Ages 3 to 11 Mixed sex,110
248,KS2_25,MAT_AVERAGE_B,Average scaled score in maths for boys,A5-KS2-Scores,KS1 + KS2 Ages 3 to 11 Mixed sex,109
249,KS2_25,MAT_AVERAGE_G,Average scaled score in maths for girls,A5-KS2-Scores,KS1 + KS2 Ages 3 to 11 Mixed sex,107
250,KS2_25,MAT_AVERAGE_L,Average scaled score in maths for pupils with low prior attainment [not populated in 2025],A5-KS2-Scores,KS1 + KS2 Ages 3 to 11 Mixed sex,
251,KS2_25,MAT_AVERAGE_M,Average scaled score in maths for pupils with medium prior attainment [not populated in 2025],A5-KS2-Scores,KS1 + KS2 Ages 3 to 11 Mixed sex,
252,KS2_25,MAT_AVERAGE_H,Average scaled score in maths for pupils with high prior attainment [not populated in 2025],A5-KS2-Scores,KS1 + KS2 Ages 3 to 11 Mixed sex,
253,KS2_25,MAT_AVERAGE_FSM6CLA1A,Average scaled score in maths for disadvantaged pupils,A5-KS2-Scores,KS1 + KS2 Ages 3 to 11 Mixed sex,104
254,KS2_25,MAT_AVERAGE_NOTFSM6CLA1A,Average scaled score in maths for non-disadvantaged pupils,A5-KS2-Scores,KS1 + KS2 Ages 3 to 11 Mixed sex,110
255,KS2_25,MAT_AVERAGE_EAL,Average scaled score in maths for EAL pupils,A5-KS2-Scores,KS1 + KS2 Ages 3 to 11 Mixed sex,110
256,KS2_25,MAT_AVERAGE_MOBN,Average scaled score in maths for MOBN pupils,A5-KS2-Scores,KS1 + KS2 Ages 3 to 11 Mixed sex,109
257,KS2_25,GPS_AVERAGE_B,Average scaled score in GPS for boys,A5-KS2-Scores,KS1 + KS2 Ages 3 to 11 Mixed sex,112
258,KS2_25,GPS_AVERAGE_G,Average scaled score in GPS for girls,A5-KS2-Scores,KS1 + KS2 Ages 3 to 11 Mixed sex,112
259,KS2_25,GPS_AVERAGE_L,Average scaled score in GPS for pupils with low prior attainment [not populated in 2025],A5-KS2-Scores,KS1 + KS2 Ages 3 to 11 Mixed sex,
260,KS2_25,GPS_AVERAGE_M,Average scaled score in GPS for pupils with medium prior attainment [not populated in 2025],A5-KS2-Scores,KS1 + KS2 Ages 3 to 11 Mixed sex,
261,KS2_25,GPS_AVERAGE_H,Average scaled score in GPS for pupils with high prior attainment [not populated in 2025],A5-KS2-Scores,KS1 + KS2 Ages 3 to 11 Mixed sex,
262,KS2_25,GPS_AVERAGE_FSM6CLA1A,Average scaled score in GPS for disadvantaged pupils,A5-KS2-Scores,KS1 + KS2 Ages 3 to 11 Mixed sex,107
263,KS2_25,GPS_AVERAGE_NOTFSM6CLA1A,Average scaled score in GPS for non-disadvantaged pupils,A5-KS2-Scores,KS1 + KS2 Ages 3 to 11 Mixed sex,114
264,KS2_25,GPS_AVERAGE_EAL,Average scaled score in GPS for EAL pupils,A5-KS2-Scores,KS1 + KS2 Ages 3 to 11 Mixed sex,113
265,KS2_25,GPS_AVERAGE_MOBN,Average scaled score in GPS for MOBN pupils,A5-KS2-Scores,KS1 + KS2 Ages 3 to 11 Mixed sex,112
266,KS2_25,PTREAD_EXP_L,Percentage of pupils with low prior attainment reaching the expected standard in reading [not populated in 2025],A5-KS2-Attainment,KS1 + KS2 Ages 3 to 11 Mixed sex,
267,KS2_25,PTREAD_EXP_M,Percentage of pupils with medium prior attainment reaching the expected standard in reading [not populated in 2025],A5-KS2-Attainment,KS1 + KS2 Ages 3 to 11 Mixed sex,
268,KS2_25,PTREAD_EXP_H,Percentage of pupils with high prior attainment reaching the expected standard in reading [not populated in 2025],A5-KS2-Attainment,KS1 + KS2 Ages 3 to 11 Mixed sex,
269,KS2_25,PTREAD_EXP_FSM6CLA1A,Percentage of disadvantaged pupils reaching the expected standard in reading,A5-KS2-Attainment,KS1 + KS2 Ages 3 to 11 Mixed sex,85%
270,KS2_25,PTREAD_EXP_NOTFSM6CLA1A,Percentage of non-disadvantaged pupils reaching the expected standard in reading,A5-KS2-Attainment,KS1 + KS2 Ages 3 to 11 Mixed sex,94%
271,KS2_25,PTGPS_EXP_L,"Percentage of pupils with low prior attainment reaching the expected standard in grammar,A5-KS2-Attainment,,KS1 + KS2 Ages 3 to 11 Mixed sex,
272,KS2_25,PTGPS_EXP_M,"Percentage of pupils with medium prior attainment reaching the expected standard in grammar,A5-KS2-Attainment,,KS1 + KS2 Ages 3 to 11 Mixed sex,
273,KS2_25,PTGPS_EXP_H,"Percentage of pupils with high prior attainment reaching the expected standard in grammar,A5-KS2-Attainment,,KS1 + KS2 Ages 3 to 11 Mixed sex,
274,KS2_25,PTGPS_EXP_FSM6CLA1A,"Percentage of disadvantaged pupils reaching the expected standard in grammar,A5-KS2-Attainment,,KS1 + KS2 Ages 3 to 11 Mixed sex,80%
275,KS2_25,PTGPS_EXP_NOTFSM6CLA1A,"Percentage of non-disadvantaged pupils reaching the expected standard in grammar,A5-KS2-Attainment,,KS1 + KS2 Ages 3 to 11 Mixed sex,93%
276,KS2_25,PTMAT_EXP_L,Percentage of pupils with low prior attainment reaching the expected standard in maths [not populated in 2025],A5-KS2-Attainment,KS1 + KS2 Ages 3 to 11 Mixed sex,
277,KS2_25,PTMAT_EXP_M,Percentage of pupils with medium prior attainment reaching the expected standard in maths [not populated in 2025],A5-KS2-Attainment,KS1 + KS2 Ages 3 to 11 Mixed sex,
278,KS2_25,PTMAT_EXP_H,Percentage of pupils with high prior attainment reaching the expected standard in maths [not populated in 2025],A5-KS2-Attainment,KS1 + KS2 Ages 3 to 11 Mixed sex,
279,KS2_25,PTMAT_EXP_FSM6CLA1A,Percentage of disadvantaged pupils reaching the expected standard in maths,A5-KS2-Attainment,KS1 + KS2 Ages 3 to 11 Mixed sex,80%
280,KS2_25,PTMAT_EXP_NOTFSM6CLA1A,Percentage of non-disadvantaged pupils reaching the expected standard in maths,A5-KS2-Attainment,KS1 + KS2 Ages 3 to 11 Mixed sex,94%
281,KS2_25,PTWRITTA_EXP_L,Percentage of pupils with low prior attainment reaching the expected standard in writing [not populated in 2025],A5-KS2-Attainment,KS1 + KS2 Ages 3 to 11 Mixed sex,
282,KS2_25,PTWRITTA_EXP_M,Percentage of pupils with medium prior attainment reaching the expected standard in writing [not populated in 2025],A5-KS2-Attainment,KS1 + KS2 Ages 3 to 11 Mixed sex,
283,KS2_25,PTWRITTA_EXP_H,Percentage of pupils with high prior attainment reaching the expected standard in writing [not populated in 2025],A5-KS2-Attainment,KS1 + KS2 Ages 3 to 11 Mixed sex,
284,KS2_25,PTWRITTA_EXP_FSM6CLA1A,Percentage of disadvantaged pupils reaching the expected standard in writing,A5-KS2-Attainment,KS1 + KS2 Ages 3 to 11 Mixed sex,75%
285,KS2_25,PTWRITTA_EXP_NOTFSM6CLA1A,Percentage of non-disadvantaged pupils reaching the expected standard in writing,A5-KS2-Attainment,KS1 + KS2 Ages 3 to 11 Mixed sex,96%
286,KS2_25,PTREAD_HIGH_L,Percentage of pupils with low prior attainment achieving a high score in reading [not populated in 2025],A5-KS2-Attainment,KS1 + KS2 Ages 3 to 11 Mixed sex,
287,KS2_25,PTREAD_HIGH_M,Percentage of pupils with medium prior attainment achieving a high score in reading [not populated in 2025],A5-KS2-Attainment,KS1 + KS2 Ages 3 to 11 Mixed sex,
288,KS2_25,PTREAD_HIGH_H,Percentage of pupils with high prior attainment achieving a high score in reading [not populated in 2025],A5-KS2-Attainment,KS1 + KS2 Ages 3 to 11 Mixed sex,
289,KS2_25,PTREAD_HIGH_FSM6CLA1A,Percentage of disadvantaged pupils achieving a high score in reading,A5-KS2-Attainment,KS1 + KS2 Ages 3 to 11 Mixed sex,45%
290,KS2_25,PTREAD_HIGH_NOTFSM6CLA1A,Percentage of non-disadvantaged pupils achieving a high score in reading,A5-KS2-Attainment,KS1 + KS2 Ages 3 to 11 Mixed sex,72%
291,KS2_25,PTGPS_HIGH_L,"Percentage of pupils with low prior attainment achieving a high score in grammar,A5-KS2-Attainment,,KS1 + KS2 Ages 3 to 11 Mixed sex,
292,KS2_25,PTGPS_HIGH_M,"Percentage of pupils with medium prior attainment achieving a high score in grammar,A5-KS2-Attainment,,KS1 + KS2 Ages 3 to 11 Mixed sex,
293,KS2_25,PTGPS_HIGH_H,"Percentage of pupils with high prior attainment achieving a high score in grammar,A5-KS2-Attainment,,KS1 + KS2 Ages 3 to 11 Mixed sex,
294,KS2_25,PTGPS_HIGH_FSM6CLA1A,"Percentage of disadvantaged pupils achieving a high score in grammar,A5-KS2-Attainment,,KS1 + KS2 Ages 3 to 11 Mixed sex,40%
295,KS2_25,PTGPS_HIGH_NOTFSM6CLA1A,"Percentage of non-disadvantaged pupils achieving a high score in grammar,A5-KS2-Attainment,,KS1 + KS2 Ages 3 to 11 Mixed sex,78%
296,KS2_25,PTMAT_HIGH_L,Percentage of pupils with low prior attainment achieving a high score in maths [not populated in 2025],A5-KS2-Attainment,KS1 + KS2 Ages 3 to 11 Mixed sex,
297,KS2_25,PTMAT_HIGH_M,Percentage of pupils with medium prior attainment achieving a high score in maths [not populated in 2025],A5-KS2-Attainment,KS1 + KS2 Ages 3 to 11 Mixed sex,
298,KS2_25,PTMAT_HIGH_H,Percentage of pupils with high prior attainment achieving a high score in maths [not populated in 2025],A5-KS2-Attainment,KS1 + KS2 Ages 3 to 11 Mixed sex,
299,KS2_25,PTMAT_HIGH_FSM6CLA1A,Percentage of disadvantaged pupils achieving a high score in maths,A5-KS2-Attainment,KS1 + KS2 Ages 3 to 11 Mixed sex,30%
300,KS2_25,PTMAT_HIGH_NOTFSM6CLA1A,Percentage of non-disadvantaged pupils achieving a high score in maths,A5-KS2-Attainment,KS1 + KS2 Ages 3 to 11 Mixed sex,56%
301,KS2_25,PTWRITTA_HIGH_L,Percentage of pupils with low prior attainment working at greater depth in writing [not populated in 2025],A5-KS2-Attainment,KS1 + KS2 Ages 3 to 11 Mixed sex,
302,KS2_25,PTWRITTA_HIGH_M,Percentage of pupils with medium prior attainment working at greater depth in writing [not populated in 2025],A5-KS2-Attainment,KS1 + KS2 Ages 3 to 11 Mixed sex,
303,KS2_25,PTWRITTA_HIGH_H,Percentage of pupils with high prior attainment working at greater depth in writing [not populated in 2025],A5-KS2-Attainment,KS1 + KS2 Ages 3 to 11 Mixed sex,
304,KS2_25,PTWRITTA_HIGH_FSM6CLA1A,Percentage of disadvantaged pupils working at greater depth in writing,A5-KS2-Attainment,KS1 + KS2 Ages 3 to 11 Mixed sex,25%
305,KS2_25,PTWRITTA_HIGH_NOTFSM6CLA1A,Percentage of non-disadvantaged pupils working at greater depth in writing,A5-KS2-Attainment,KS1 + KS2 Ages 3 to 11 Mixed sex,50%
306,KS2_25,TEALGRP1,Number of eligible pupils with English as first language,A5-KS2,KS1 + KS2 Ages 3 to 11 Mixed sex,27
307,KS2_25,PTEALGRP1,Percentage of eligible pupils with English as first language,A5-KS2-Cohort,KS1 + KS2 Ages 3 to 11 Mixed sex,36%
308,KS2_25,TEALGRP3,Number of eligible pupils with unclassified language,A5-KS2,KS1 + KS2 Ages 3 to 11 Mixed sex,0
309,KS2_25,PTEALGRP3,Percentage of eligible pupils with unclassified language,A5-KS2-Cohort,KS1 + KS2 Ages 3 to 11 Mixed sex,0%
310,KS2_25,TSENELE,Number of eligible pupils with EHC plan,A5-KS2,KS1 + KS2 Ages 3 to 11 Mixed sex,8
311,KS2_25,PSENELE,Percentage of eligible pupils with EHC plan,A5-KS2-Attainment,KS1 + KS2 Ages 3 to 11 Mixed sex,11%
312,KS2_25,TSENELK,Number of eligible pupils with SEN support,A5-KS2,KS1 + KS2 Ages 3 to 11 Mixed sex,10
313,KS2_25,PSENELK,Percentage of eligible pupils with SEN support,A5-KS2,KS1 + KS2 Ages 3 to 11 Mixed sex,14%
314,KS2_25,TSENELEK,Number of eligible pupils with SEN (EHC plan or SEN support),A5-KS2,KS1 + KS2 Ages 3 to 11 Mixed sex,18
315,KS2_25,PSENELEK,Percentage of eligible pupils with SEN  (EHC plan or SEN support),A5-KS2-Attainment,KS1 + KS2 Ages 3 to 11 Mixed sex,24%
316,KS2_25,TELIG_24,Number of eligible pupils 2024,A5-KS2-Cohort,KS1 + KS2 Ages 3 to 11 Mixed sex,76
317,KS2_25,PTFSM6CLA1A_24,Percentage of key stage 2 disadvantaged pupils one year prior,A5-KS2-Cohort,KS1 + KS2 Ages 3 to 11 Mixed sex,26%
318,KS2_25,PTNOTFSM6CLA1A_24,Percentage of key stage 2 pupils who are not disadvantaged one year prior,A5-KS2-Cohort,KS1 + KS2 Ages 3 to 11 Mixed sex,74%
319,KS2_25,PTRWM_EXP_24,"Percentage of pupils reaching the expected standard in reading,A5-KS2-Attainment,,KS1 + KS2 Ages 3 to 11 Mixed sex,87%
320,KS2_25,PTRWM_HIGH_24,Percentage of pupils achieving a high score in reading and maths and working at greater depth in writing  one year prior,A5-KS2-Attainment,KS1 + KS2 Ages 3 to 11 Mixed sex,34%
321,KS2_25,PTRWM_EXP_FSM6CLA1A_24,"Percentage of disadvantaged pupils reaching the expected standard in reading,A5-KS2-Attainment,,KS1 + KS2 Ages 3 to 11 Mixed sex,75%
322,KS2_25,PTRWM_HIGH_FSM6CLA1A_24,Percentage of disadvantaged pupils achieving a high score in reading and maths and working at greater depth in writing one year prior,A5-KS2-Attainment,KS1 + KS2 Ages 3 to 11 Mixed sex,15%
323,KS2_25,PTRWM_EXP_NOTFSM6CLA1A_24,"Percentage of non-disadvantaged pupils reaching the expected standard in reading,A5-KS2-Attainment,,KS1 + KS2 Ages 3 to 11 Mixed sex,91%
324,KS2_25,PTRWM_HIGH_NOTFSM6CLA1A_24,Percentage of non-disadvantaged pupils achieving a high score in reading and maths and working at greater depth in writing one year prior,A5-KS2-Attainment,KS1 + KS2 Ages 3 to 11 Mixed sex,41%
325,KS2_25,READPROG_24,Reading progress measure - one year prior [not populated in 2025],A5-KS2-Progress,KS1 + KS2 Ages 3 to 11 Mixed sex,
326,KS2_25,READPROG_LOWER_24,Reading progress measure - lower confidence limit - one year prior [not populated in 2025],A5-KS2-Progress,KS1 + KS2 Ages 3 to 11 Mixed sex,
327,KS2_25,READPROG_UPPER_24,Reading progress measure - upper confidence limit - one year prior [not populated in 2025],A5-KS2-Progress,KS1 + KS2 Ages 3 to 11 Mixed sex,
328,KS2_25,WRITPROG_24,Writing progress measure - one year prior [not populated in 2025],A5-KS2-Progress,KS1 + KS2 Ages 3 to 11 Mixed sex,
329,KS2_25,WRITPROG_LOWER_24,Writing progress measure - lower confidence limit - one year prior [not populated in 2025],A5-KS2-Progress,KS1 + KS2 Ages 3 to 11 Mixed sex,
330,KS2_25,WRITPROG_UPPER_24,Writing progress measure - upper confidence limit - one year prior [not populated in 2025],A5-KS2-Progress,KS1 + KS2 Ages 3 to 11 Mixed sex,
331,KS2_25,MATPROG_24,Maths progress measure - one year prior [not populated in 2025],A5-KS2-Progress,KS1 + KS2 Ages 3 to 11 Mixed sex,
332,KS2_25,MATPROG_LOWER_24,Maths progress measure - lower confidence limit - one year prior [not populated in 2025],A5-KS2-Progress,KS1 + KS2 Ages 3 to 11 Mixed sex,
333,KS2_25,MATPROG_UPPER_24,Maths progress measure - upper confidence limit - one year prior [not populated in 2025],A5-KS2-Progress,KS1 + KS2 Ages 3 to 11 Mixed sex,
334,KS2_25,READ_AVERAGE_24,Average scaled score in reading - one year prior,A5-KS2-Scores,KS1 + KS2 Ages 3 to 11 Mixed sex,111
335,KS2_25,MAT_AVERAGE_24,Average scaled score in maths - one year prior,A5-KS2-Scores,KS1 + KS2 Ages 3 to 11 Mixed sex,110
336,KS2_25,TELIG_23,Number of eligible pupils 2023,A5-KS2-Cohort,KS1 + KS2 Ages 3 to 11 Mixed sex,77
337,KS2_25,PTFSM6CLA1A_23,Percentage of key stage 2 disadvantaged pupils - two years prior,A5-KS2-Cohort,KS1 + KS2 Ages 3 to 11 Mixed sex,23%
338,KS2_25,PTNOTFSM6CLA1A_23,Percentage of key stage 2 pupils who are not disadvantaged - two years prior,A5-KS2-Cohort,KS1 + KS2 Ages 3 to 11 Mixed sex,77%
339,KS2_25,PTRWM_EXP_23,"Percentage of pupils reaching the expected standard in reading,A5-KS2-Attainment,,KS1 + KS2 Ages 3 to 11 Mixed sex,73%
340,KS2_25,PTRWM_HIGH_23,Percentage of pupils achieving a high score in reading and maths and working at greater depth in writing - two years prior,A5-KS2-Attainment,KS1 + KS2 Ages 3 to 11 Mixed sex,19%
341,KS2_25,PTRWM_EXP_FSM6CLA1A_23,"Percentage of disadvantaged pupils reaching the expected standard in reading,A5-KS2-Attainment,,KS1 + KS2 Ages 3 to 11 Mixed sex,39%
342,KS2_25,PTRWM_HIGH_FSM6CLA1A_23,Percentage of disadvantaged pupils achieving a high score in reading and maths and working at greater depth in writing - two years prior,A5-KS2-Attainment,KS1 + KS2 Ages 3 to 11 Mixed sex,11%
343,KS2_25,PTRWM_EXP_NOTFSM6CLA1A_23,"Percentage of non-disadvantaged pupils reaching the expected standard in reading,A5-KS2-Attainment,,KS1 + KS2 Ages 3 to 11 Mixed sex,83%
344,KS2_25,PTRWM_HIGH_NOTFSM6CLA1A_23,Percentage of non-disadvantaged pupils achieving a high score in reading and maths and working at greater depth in writing - two years prior,A5-KS2-Attainment,KS1 + KS2 Ages 3 to 11 Mixed sex,22%
345,KS2_25,READPROG_23,Reading progress measure - two years prior,A5-KS2-Progress,KS1 + KS2 Ages 3 to 11 Mixed sex,1
346,KS2_25,READPROG_LOWER_23,Reading progress measure - lower confidence limit - two years prior,A5-KS2-Progress,KS1 + KS2 Ages 3 to 11 Mixed sex,-0.4
347,KS2_25,READPROG_UPPER_23,Reading progress measure - upper confidence limit - two years prior,A5-KS2-Progress,KS1 + KS2 Ages 3 to 11 Mixed sex,2.4
348,KS2_25,WRITPROG_23,Writing progress measure - two years prior,A5-KS2-Progress,KS1 + KS2 Ages 3 to 11 Mixed sex,3.3
349,KS2_25,WRITPROG_LOWER_23,Writing progress measure - lower confidence limit - two years prior,A5-KS2-Progress,KS1 + KS2 Ages 3 to 11 Mixed sex,1.9
350,KS2_25,WRITPROG_UPPER_23,Writing progress measure - upper confidence limit -  two years prior,A5-KS2-Progress,KS1 + KS2 Ages 3 to 11 Mixed sex,4.7
351,KS2_25,MATPROG_23,Maths progress measure - two years prior,A5-KS2-Progress,KS1 + KS2 Ages 3 to 11 Mixed sex,3.8
352,KS2_25,MATPROG_LOWER_23,Maths progress measure - lower confidence limit - two years prior,A5-KS2-Progress,KS1 + KS2 Ages 3 to 11 Mixed sex,2.4
353,KS2_25,MATPROG_UPPER_23,Maths progress measure - upper confidence limit  - two years prior,A5-KS2-Progress,KS1 + KS2 Ages 3 to 11 Mixed sex,5.1
354,KS2_25,READ_AVERAGE_23,Average scaled score in reading - two years prior,A5-KS2-Scores,KS1 + KS2 Ages 3 to 11 Mixed sex,107
355,KS2_25,MAT_AVERAGE_23,Average scaled score in maths - two years prior,A5-KS2-Scores,KS1 + KS2 Ages 3 to 11 Mixed sex,108
356,KS2_25,TELIG_3YR,Total number of pupils at the end of Key Stage 2 over the past three years,A5-KS2-Cohort,KS1 + KS2 Ages 3 to 11 Mixed sex,227
357,KS2_25,PTRWM_EXP_3YR,"Percentage of pupils reaching the expected standard in reading,A5-KS2-Attainment,,KS1 + KS2 Ages 3 to 11 Mixed sex,83%
358,KS2_25,PTRWM_HIGH_3YR,Percentage of pupils achieving a high score in reading and maths and working at greater depth in writing  - 3 year total,A5-KS2-Attainment,KS1 + KS2 Ages 3 to 11 Mixed sex,27%
359,KS2_25,READ_AVERAGE_3YR,Average scaled score in reading - 3 year average,A5-KS2-Scores,KS1 + KS2 Ages 3 to 11 Mixed sex,109
360,KS2_25,MAT_AVERAGE_3YR,Average scaled score in maths - 3 year average,A5-KS2-Scores,KS1 + KS2 Ages 3 to 11 Mixed sex,109
361,KS2_25,READPROG_UNADJUSTED,Unadjusted reading progress measure [not populated in 2025],A5-KS2-Progress,KS1 + KS2 Ages 3 to 11 Mixed sex,
362,KS2_25,WRITPROG_UNADJUSTED,Unadjusted writing progress measure [not populated in 2025],A5-KS2-Progress,KS1 + KS2 Ages 3 to 11 Mixed sex,
363,KS2_25,MATPROG_UNADJUSTED,Unadjusted maths progress measure [not populated in 2025],A5-KS2-Progress,KS1 + KS2 Ages 3 to 11 Mixed sex,
364,KS2_25,READPROG_DESCR,Reading progress measure 'description' [not populated in 2025],A5-KS2-Progress,KS1 + KS2 Ages 3 to 11 Mixed sex,
365,KS2_25,WRITPROG_DESCR,Writing progress measure 'description' [not populated in 2025],A5-KS2-Progress,KS1 + KS2 Ages 3 to 11 Mixed sex,
366,KS2_25,MATPROG_DESCR,Maths progress measure 'description' [not populated in 2025],A5-KS2-Progress,KS1 + KS2 Ages 3 to 11 Mixed sex,
367,KS2_25,EDITION,,A5-KS2,KS1 + KS2 Ages 3 to 11 Mixed sex,Final
368,KS2_25,READPROG_DESCR_23,,A5-KS2-Progress,KS1 + KS2 Ages 3 to 11 Mixed sex,3
369,KS2_25,WRITPROG_DESCR_23,,A5-KS2-Progress,KS1 + KS2 Ages 3 to 11 Mixed sex,1
370,KS2_25,MATPROG_DESCR_23,,A5-KS2-Progress,KS1 + KS2 Ages 3 to 11 Mixed sex,1
No,Namespace,Variable,Description,,Category,Value
1,L,URN,School unique reference number,,KS4 Ages 11 to 16 Mixed sex,145217
2,L,LANAME,Local authority name,,KS4 Ages 11 to 16 Mixed sex,Surrey
3,L,LA,Local authority number,,KS4 Ages 11 to 16 Mixed sex,936
4,L,ESTAB,Establishment number,,KS4 Ages 11 to 16 Mixed sex,4157
5,L,LAESTAB,DfE number,,KS4 Ages 11 to 16 Mixed sex,9364157
6,L,SCHNAME,School name,A1,KS4 Ages 11 to 16 Mixed sex,Reigate School
7,L,STREET,School address (1),A1,KS4 Ages 11 to 16 Mixed sex,Pendleton Road
8,L,LOCALITY,School address (2),A1,KS4 Ages 11 to 16 Mixed sex,
9,L,ADDRESS3,School address (3),,KS4 Ages 11 to 16 Mixed sex,
10,L,TOWN,School town,A1,KS4 Ages 11 to 16 Mixed sex,Reigate
11,L,POSTCODE,School postcode,A1,KS4 Ages 11 to 16 Mixed sex,RH2 7NT
12,L,SCHSTATUS,School open / closed status,A1,KS4 Ages 11 to 16 Mixed sex,Open
13,L,OPENDATE,Open date of school (if opened on or after 12 September 2024),A1,KS4 Ages 11 to 16 Mixed sex,
14,L,CLOSEDATE,Date the school closed,A1,KS4 Ages 11 to 16 Mixed sex,
15,L,MINORGROUP,Type of school / college eg maintained school,A1,KS4 Ages 11 to 16 Mixed sex,Academy
16,L,SCHOOLTYPE,School Type eg Voluntary Aided school,A1,KS4 Ages 11 to 16 Mixed sex,Academy converter
17,L,ISPRIMARY,"Does the school provide primary education? ( 0 = No,A1,,KS4 Ages 11 to 16 Mixed sex,0
18,L,ISSECONDARY,"Does the school provide secondary education? ( 0 = No,A1,,KS4 Ages 11 to 16 Mixed sex,1
19,L,ISPOST16,"Does the school provide post 16 education? (  0 = No,A1,,KS4 Ages 11 to 16 Mixed sex,0
20,L,AGELOW,Lowest age of entry,A1,KS4 Ages 11 to 16 Mixed sex,11
21,L,AGEHIGH,Highest age of entry,A1,KS4 Ages 11 to 16 Mixed sex,16
22,L,GENDER,Indicates whether it's a mixed or single sex school,A1,KS4 Ages 11 to 16 Mixed sex,Mixed
23,L,RELCHAR,Religious character,A1,KS4 Ages 11 to 16 Mixed sex,Does not apply
24,L,ADMPOL,Admissions Policy,A1,KS4 Ages 11 to 16 Mixed sex,Non-selective
25,CENSUS_25,URN,School Unique Reference Number,,KS4 Ages 11 to 16 Mixed sex,145217
26,CENSUS_25,LA,LA number,,KS4 Ages 11 to 16 Mixed sex,936
27,CENSUS_25,ESTAB,ESTAB number,,KS4 Ages 11 to 16 Mixed sex,4157
28,CENSUS_25,SCHOOLTYPE,Type of school,,KS4 Ages 11 to 16 Mixed sex,State-funded secondary
29,CENSUS_25,NOR,Total number of pupils on roll,A4-Census,KS4 Ages 11 to 16 Mixed sex,1261
30,CENSUS_25,NORG,Number of girls on roll,A4-Census,KS4 Ages 11 to 16 Mixed sex,592
31,CENSUS_25,NORB,Number of boys on roll,A4-Census,KS4 Ages 11 to 16 Mixed sex,669
32,CENSUS_25,PNORG,Percentage of girls on roll,A4-Census,KS4 Ages 11 to 16 Mixed sex,46.95%
33,CENSUS_25,PNORB,Percentage of boys on roll,A4-Census,KS4 Ages 11 to 16 Mixed sex,53.05%
34,CENSUS_25,TSENELSE,Number of eligible pupils with an EHC plan,A4-Census,KS4 Ages 11 to 16 Mixed sex,56
35,CENSUS_25,PSENELSE,Percentage of eligible pupils with an EHC plan,A4-Census,KS4 Ages 11 to 16 Mixed sex,4.44%
36,CENSUS_25,TSENELK,Number of eligible pupils with SEN support,A4-Census,KS4 Ages 11 to 16 Mixed sex,232
37,CENSUS_25,PSENELK,Percentage of eligible pupils with SEN support,A4-Census,KS4 Ages 11 to 16 Mixed sex,18.40%
38,CENSUS_25,NUMEAL,No.  pupils where English not first language,A4-Census,KS4 Ages 11 to 16 Mixed sex,64
39,CENSUS_25,NUMENGFL,No. pupils with English first language,A4-Census,KS4 Ages 11 to 16 Mixed sex,1197
40,CENSUS_25,NUMUNCFL,No. pupils where first language is unclassified,A4-Census,KS4 Ages 11 to 16 Mixed sex,0
41,CENSUS_25,PNUMEAL,%  pupils where English not first language,A4-Census,KS4 Ages 11 to 16 Mixed sex,5.10%
42,CENSUS_25,PNUMENGFL,% pupils with English first language,A4-Census,KS4 Ages 11 to 16 Mixed sex,94.90%
43,CENSUS_25,PNUMUNCLF,,A4-Census,KS4 Ages 11 to 16 Mixed sex,0
44,CENSUS_25,NUMFSM,No. pupils eligible for free school meals,A4-Census,KS4 Ages 11 to 16 Mixed sex,257
45,CENSUS_25,NUMFSMEVER,Number of pupils eligible for FSM at any time during the past 6 years,A4-Census,KS4 Ages 11 to 16 Mixed sex,258
46,CENSUS_25,NORFSMEVER,Total pupils for FSMEver,A4-Census,KS4 Ages 11 to 16 Mixed sex,1261
47,CENSUS_25,PNUMFSMEVER,Percentage of pupils eligible for FSM at any time during the past 6 years,A4-Census,KS4 Ages 11 to 16 Mixed sex,20.46%
48,CENSUS_25,EDITION,,,KS4 Ages 11 to 16 Mixed sex,Final
49,ABS_24,LA,Local Authority Number,,KS4 Ages 11 to 16 Mixed sex,936
50,ABS_24,ESTAB,DfE number of establishment within LA,,KS4 Ages 11 to 16 Mixed sex,4157
51,ABS_24,URN,School unique Reference Number,,KS4 Ages 11 to 16 Mixed sex,145217
52,ABS_24,PERCTOT,Percentage of overall absence,A6,KS4 Ages 11 to 16 Mixed sex,7.3
53,ABS_24,PPERSABS10,Percentage of enrolments who are persistent absentees,A6,KS4 Ages 11 to 16 Mixed sex,18
54,ABS_24,EDITION,,,KS4 Ages 11 to 16 Mixed sex,Final
55,KS4_PUPDEST_25,RECTYPE,Record type,A5-KS4-Destinations,KS4 Ages 11 to 16 Mixed sex,1
56,KS4_PUPDEST_25,LEA,Local authority number,A5-KS4-Destinations,KS4 Ages 11 to 16 Mixed sex,936
57,KS4_PUPDEST_25,ESTAB,Establishment number,A5-KS4-Destinations,KS4 Ages 11 to 16 Mixed sex,4157
58,KS4_PUPDEST_25,URN,School Unique Reference Number,A5-KS4-Destinations,KS4 Ages 11 to 16 Mixed sex,145217
59,KS4_PUPDEST_25,ICLOSE,Closed school flag,A5-KS4-Destinations,KS4 Ages 11 to 16 Mixed sex,0
60,KS4_PUPDEST_25,SCHNAME,School name,A5-KS4-Destinations,KS4 Ages 11 to 16 Mixed sex,Reigate School
61,KS4_PUPDEST_25,NFTYPE,School type,A5-KS4-Destinations,KS4 Ages 11 to 16 Mixed sex,ACC
62,KS4_PUPDEST_25,COHORT,Number of pupils completing key stage 4 in 2022/23,A5-KS4-Destinations,KS4 Ages 11 to 16 Mixed sex,248
63,KS4_PUPDEST_25,OVERALL_DEST,Pupils staying in education or employment for at least two terms after key stage 4 (number of pupils),A5-KS4-Destinations,KS4 Ages 11 to 16 Mixed sex,230
64,KS4_PUPDEST_25,APPREN,Apprenticeships (number of pupils),A5-KS4-Destinations,KS4 Ages 11 to 16 Mixed sex,5
65,KS4_PUPDEST_25,EMPLOYMENT,Pupils staying in employment for at least two terms after key stage 4 (number of pupils),A5-KS4-Destinations,KS4 Ages 11 to 16 Mixed sex,5
66,KS4_PUPDEST_25,EDUCATION,Pupils staying in education for at least two terms after key stage 4 (number of pupils),A5-KS4-Destinations,KS4 Ages 11 to 16 Mixed sex,220
67,KS4_PUPDEST_25,FE,Further education (number of pupils),A5-KS4-Destinations,KS4 Ages 11 to 16 Mixed sex,40
68,KS4_PUPDEST_25,SCH_6TH,School sixth form (number of pupils),A5-KS4-Destinations,KS4 Ages 11 to 16 Mixed sex,5
69,KS4_PUPDEST_25,SIXTH_COL,Sixth form college (number of pupils),A5-KS4-Destinations,KS4 Ages 11 to 16 Mixed sex,172
70,KS4_PUPDEST_25,OTHER_EDU,Other education destination (number of pupils),A5-KS4-Destinations,KS4 Ages 11 to 16 Mixed sex,3
71,KS4_PUPDEST_25,NOT_SUSTAINED,Pupils not staying in education or employment for at least two terms after key stage 4 (number of pupils),A5-KS4-Destinations,KS4 Ages 11 to 16 Mixed sex,14
72,KS4_PUPDEST_25,UNKNOWN,Activity not captured (number of pupils),A5-KS4-Destinations,KS4 Ages 11 to 16 Mixed sex,4
73,KS4_PUPDEST_25,OVERALL_DESTPER,Pupils staying in education or employment for at least two terms after key stage 4 (percentage),A5-KS4-Destinations,KS4 Ages 11 to 16 Mixed sex,93%
74,KS4_PUPDEST_25,APPRENPER,Apprenticeships (percentage),A5-KS4-Destinations,KS4 Ages 11 to 16 Mixed sex,2%
75,KS4_PUPDEST_25,EMPLOYMENTPER,Pupils staying in employment for at least two terms after key stage 4 (percentage),A5-KS4-Destinations,KS4 Ages 11 to 16 Mixed sex,2%
76,KS4_PUPDEST_25,EDUCATIONPER,Pupils staying in education for at least two terms after key stage 4 (percentage),A5-KS4-Destinations,KS4 Ages 11 to 16 Mixed sex,89%
77,KS4_PUPDEST_25,FEPER,Further education (percentage),A5-KS4-Destinations,KS4 Ages 11 to 16 Mixed sex,16%
78,KS4_PUPDEST_25,SCH_6THPER,School sixth form (percentage),A5-KS4-Destinations,KS4 Ages 11 to 16 Mixed sex,2%
79,KS4_PUPDEST_25,SIXTH_COLPER,Sixth form college (percentage),A5-KS4-Destinations,KS4 Ages 11 to 16 Mixed sex,69%
80,KS4_PUPDEST_25,OTHER_EDUPER,Other education destination (percentage),A5-KS4-Destinations,KS4 Ages 11 to 16 Mixed sex,1%
81,KS4_PUPDEST_25,NOT_SUSTAINEDPER,Pupils not staying in education or employment for at least two terms after key stage 4 (percentage),A5-KS4-Destinations,KS4 Ages 11 to 16 Mixed sex,6%
82,KS4_PUPDEST_25,UNKNOWNPER,Activity not captured (percentage),A5-KS4-Destinations,KS4 Ages 11 to 16 Mixed sex,2%
83,KS4_PUPDEST_25,COHORT_DIS,Number of disadvantaged pupils completing key stage 4 in 2022/23,A5-KS4-Destinations,KS4 Ages 11 to 16 Mixed sex,51
84,KS4_PUPDEST_25,OVERALL_DEST_DIS,Disadvantaged pupils staying in education or employment for at least two terms after key stage 4 (number of pupils),A5-KS4-Destinations,KS4 Ages 11 to 16 Mixed sex,40
85,KS4_PUPDEST_25,APPREN_DIS,Apprenticeships (number of pupils),A5-KS4-Destinations,KS4 Ages 11 to 16 Mixed sex,3
86,KS4_PUPDEST_25,EMPLOYMENT_DIS,Pupils staying in employment for at least two terms after key stage 4 (number of pupils),A5-KS4-Destinations,KS4 Ages 11 to 16 Mixed sex,0
87,KS4_PUPDEST_25,EDUCATION_DIS,Pupils staying in education for at least two terms after key stage 4 (number of pupils),A5-KS4-Destinations,KS4 Ages 11 to 16 Mixed sex,37
88,KS4_PUPDEST_25,FE_DIS,Further education (number of pupils),A5-KS4-Destinations,KS4 Ages 11 to 16 Mixed sex,11
89,KS4_PUPDEST_25,SCH_6TH_DIS,School sixth form (number of pupils),A5-KS4-Destinations,KS4 Ages 11 to 16 Mixed sex,SUPP
90,KS4_PUPDEST_25,SIXTH_COL_DIS,Sixth form college (number of pupils),A5-KS4-Destinations,KS4 Ages 11 to 16 Mixed sex,22
91,KS4_PUPDEST_25,OTHER_EDU_DIS,Other education destination (number of pupils),A5-KS4-Destinations,KS4 Ages 11 to 16 Mixed sex,SUPP
92,KS4_PUPDEST_25,NOT_SUSTAINED_DIS,Pupils not staying in education or employment for at least two terms after key stage 4 (number of pupils),A5-KS4-Destinations,KS4 Ages 11 to 16 Mixed sex,SUPP
93,KS4_PUPDEST_25,UNKNOWN_DIS,Activity not captured (number of pupils),A5-KS4-Destinations,KS4 Ages 11 to 16 Mixed sex,SUPP
94,KS4_PUPDEST_25,OVERALL_DESTPER_DIS,Pupils staying in education or employment for at least two terms after key stage 4 (percentage),A5-KS4-Destinations,KS4 Ages 11 to 16 Mixed sex,78%
95,KS4_PUPDEST_25,APPRENPER_DIS,Apprenticeships (percentage),A5-KS4-Destinations,KS4 Ages 11 to 16 Mixed sex,6%
96,KS4_PUPDEST_25,EMPLOYMENTPER_DIS,Pupils staying in employment for at least two terms after key stage 4 (percentage),A5-KS4-Destinations,KS4 Ages 11 to 16 Mixed sex,0%
97,KS4_PUPDEST_25,EDUCATIONPER_DIS,Pupils staying in education for at least two terms after key stage 4 (percentage),A5-KS4-Destinations,KS4 Ages 11 to 16 Mixed sex,73%
98,KS4_PUPDEST_25,FEPER_DIS,Further education (percentage),A5-KS4-Destinations,KS4 Ages 11 to 16 Mixed sex,22%
99,KS4_PUPDEST_25,SCH_6THPER_DIS,School sixth form (percentage),A5-KS4-Destinations,KS4 Ages 11 to 16 Mixed sex,SUPP
100,KS4_PUPDEST_25,SIXTH_COLPER_DIS,Sixth form college (percentage),A5-KS4-Destinations,KS4 Ages 11 to 16 Mixed sex,43%
101,KS4_PUPDEST_25,OTHER_EDUPER_DIS,Other education destination (percentage),A5-KS4-Destinations,KS4 Ages 11 to 16 Mixed sex,SUPP
102,KS4_PUPDEST_25,NOT_SUSTAINEDPER_DIS,Pupils not staying in education or employment for at least two terms after key stage 4 (percentage),A5-KS4-Destinations,KS4 Ages 11 to 16 Mixed sex,SUPP
103,KS4_PUPDEST_25,UNKNOWNPER_DIS,Activity not captured (percentage),A5-KS4-Destinations,KS4 Ages 11 to 16 Mixed sex,SUPP
104,KS4_PUPDEST_25,COHORT_NONDIS,Number of pupils not identified as disadvantaged (not found to be eligible for pupil premium in year 11) completing key stage 4 in 2022/23,A5-KS4-Destinations,KS4 Ages 11 to 16 Mixed sex,197
105,KS4_PUPDEST_25,OVERALL_DEST_NONDIS,Pupils not identified as disadvantaged (not found to be eligible for pupil premium in year 11) staying in education or employment for at least two terms after key stage 4 (number of pupils),A5-KS4-Destinations,KS4 Ages 11 to 16 Mixed sex,190
106,KS4_PUPDEST_25,APPREN_NONDIS,Apprenticeships (number of pupils),A5-KS4-Destinations,KS4 Ages 11 to 16 Mixed sex,2
107,KS4_PUPDEST_25,EMPLOYMENT_NONDIS,Pupils staying in employment for at least two terms after key stage 4 (number of pupils),A5-KS4-Destinations,KS4 Ages 11 to 16 Mixed sex,5
108,KS4_PUPDEST_25,EDUCATION_NONDIS,Pupils staying in education for at least two terms after key stage 4 (number of pupils),A5-KS4-Destinations,KS4 Ages 11 to 16 Mixed sex,183
109,KS4_PUPDEST_25,FE_NONDIS,Further education (number of pupils),A5-KS4-Destinations,KS4 Ages 11 to 16 Mixed sex,29
110,KS4_PUPDEST_25,SCH_6TH_NONDIS,School sixth form (number of pupils),A5-KS4-Destinations,KS4 Ages 11 to 16 Mixed sex,SUPP
111,KS4_PUPDEST_25,SIXTH_COL_NONDIS,Sixth form college (number of pupils),A5-KS4-Destinations,KS4 Ages 11 to 16 Mixed sex,150
112,KS4_PUPDEST_25,OTHER_EDU_NONDIS,Other education destination (number of pupils),A5-KS4-Destinations,KS4 Ages 11 to 16 Mixed sex,SUPP
113,KS4_PUPDEST_25,NOT_SUSTAINED_NONDIS,Pupils not staying in education or employment for at least two terms after key stage 4 (number of pupils),A5-KS4-Destinations,KS4 Ages 11 to 16 Mixed sex,SUPP
114,KS4_PUPDEST_25,UNKNOWN_NONDIS,Activity not captured (number of pupils),A5-KS4-Destinations,KS4 Ages 11 to 16 Mixed sex,SUPP
115,KS4_PUPDEST_25,OVERALL_DESTPER_NONDIS,Pupils staying in education or employment for at least two terms after key stage 4 (percentage),A5-KS4-Destinations,KS4 Ages 11 to 16 Mixed sex,96%
116,KS4_PUPDEST_25,APPRENPER_NONDIS,Apprenticeships (percentage),A5-KS4-Destinations,KS4 Ages 11 to 16 Mixed sex,1%
117,KS4_PUPDEST_25,EMPLOYMENTPER_NONDIS,Pupils staying in employment for at least two terms after key stage 4 (percentage),A5-KS4-Destinations,KS4 Ages 11 to 16 Mixed sex,3%
118,KS4_PUPDEST_25,EDUCATIONPER_NONDIS,Pupils staying in education for at least two terms after key stage 4 (percentage),A5-KS4-Destinations,KS4 Ages 11 to 16 Mixed sex,93%
119,KS4_PUPDEST_25,FEPER_NONDIS,Further education (percentage),A5-KS4-Destinations,KS4 Ages 11 to 16 Mixed sex,15%
120,KS4_PUPDEST_25,SCH_6THPER_NONDIS,School sixth form (percentage),A5-KS4-Destinations,KS4 Ages 11 to 16 Mixed sex,SUPP
121,KS4_PUPDEST_25,SIXTH_COLPER_NONDIS,Sixth form college (percentage),A5-KS4-Destinations,KS4 Ages 11 to 16 Mixed sex,76%
122,KS4_PUPDEST_25,OTHER_EDUPER_NONDIS,Other education destination (percentage),A5-KS4-Destinations,KS4 Ages 11 to 16 Mixed sex,SUPP
123,KS4_PUPDEST_25,NOT_SUSTAINEDPER_NONDIS,Pupils not staying in education or employment for at least two terms after key stage 4 (percentage),A5-KS4-Destinations,KS4 Ages 11 to 16 Mixed sex,SUPP
124,KS4_PUPDEST_25,UNKNOWNPER_NONDIS,Activity not captured (percentage),A5-KS4-Destinations,KS4 Ages 11 to 16 Mixed sex,SUPP
125,KS4_PUPDEST_25,COHORT_22,Number of pupils completing key stage 4 in 2021/22,A5-KS4-Destinations,KS4 Ages 11 to 16 Mixed sex,248
126,KS4_PUPDEST_25,OVERALL_DESTPER_22,Pupils staying in education or employment for at least two terms after key stage 4 (percentage) (2021/22 leavers),A5-KS4-Destinations,KS4 Ages 11 to 16 Mixed sex,94%
127,KS4_PUPDEST_25,COHORT_DIS_22,Number of disadvantaged pupils completing key stage 4 in 2021/22,A5-KS4-Destinations,KS4 Ages 11 to 16 Mixed sex,47
128,KS4_PUPDEST_25,OVERALL_DESTPER_DIS_22,Disadvantaged pupils staying in education or employment for at least two terms after key stage 4 (percentage) (2021/22 leavers),A5-KS4-Destinations,KS4 Ages 11 to 16 Mixed sex,85%
129,KS4_PUPDEST_25,COHORT_NONDIS_22,Number of pupils not identified as disadvantaged completing key stage 4 in 2021/22,A5-KS4-Destinations,KS4 Ages 11 to 16 Mixed sex,201
130,KS4_PUPDEST_25,OVERALL_DESTPER_NONDIS_22,Pupils not identified as disadvantaged staying in education or employment for at least two terms after key stage 4 (percentage) (2021/22 leavers),A5-KS4-Destinations,KS4 Ages 11 to 16 Mixed sex,97%
131,KS4_PUPDEST_25,COHORT_21,Number of pupils completing key stage 4 in 2020/21,A5-KS4-Destinations,KS4 Ages 11 to 16 Mixed sex,253
132,KS4_PUPDEST_25,OVERALL_DESTPER_21,Pupils staying in education or employment for at least two terms after key stage 4 (percentage) ( 2020/21 leavers),A5-KS4-Destinations,KS4 Ages 11 to 16 Mixed sex,96%
133,KS4_PUPDEST_25,COHORT_DIS_21,Number of disadvantaged pupils completing key stage 4 in 2020/21,A5-KS4-Destinations,KS4 Ages 11 to 16 Mixed sex,38
134,KS4_PUPDEST_25,OVERALL_DESTPER_DIS_21,Disadvantaged pupils staying in education or employment for at least two terms after key stage 4 (percentage) ( 2020/21 leavers),A5-KS4-Destinations,KS4 Ages 11 to 16 Mixed sex,87%
135,KS4_PUPDEST_25,COHORT_NONDIS_21,Number of pupils not identified as disadvantaged completing key stage 4 in 2020/21,A5-KS4-Destinations,KS4 Ages 11 to 16 Mixed sex,215
136,KS4_PUPDEST_25,OVERALL_DESTPER_NONDIS_21,Pupils not identified as disadvantaged staying in education or employment for at least two terms after key stage 4 (percentage) ( 2020/21 leavers),A5-KS4-Destinations,KS4 Ages 11 to 16 Mixed sex,98%
137,KS4_PUPDEST_25,EDITION,,A5-KS4-Destinations,KS4 Ages 11 to 16 Mixed sex,Revised
138,KS4_25,YEAR,,A5-KS4,KS4 Ages 11 to 16 Mixed sex,2025
139,KS4_25,RECTYPE,Record type (1=mainstream school; 2=special school; 4=local authority; 5=National (all schools); 7=National (maintained schools)),A5-KS4,KS4 Ages 11 to 16 Mixed sex,1
140,KS4_25,LEA,Local authority code (see separate list of local authorities and their codes),A5-KS4,KS4 Ages 11 to 16 Mixed sex,936
141,KS4_25,ESTAB,Establishment number,A5-KS4,KS4 Ages 11 to 16 Mixed sex,4157
142,KS4_25,URN,School Unique Reference Number,A5-KS4,KS4 Ages 11 to 16 Mixed sex,145217
143,KS4_25,SCHNAME,School name,A5-KS4,KS4 Ages 11 to 16 Mixed sex,Reigate School
144,KS4_25,SCHNAME_AC,School now known as (used if the school has converted to an academy on or after 12 Sept 2024),A5-KS4,KS4 Ages 11 to 16 Mixed sex,
145,KS4_25,ADDRESS1,School address (1),A5-KS4,KS4 Ages 11 to 16 Mixed sex,Pendleton Road
146,KS4_25,ADDRESS2,School address (2),A5-KS4,KS4 Ages 11 to 16 Mixed sex,
147,KS4_25,ADDRESS3,School address (3),A5-KS4,KS4 Ages 11 to 16 Mixed sex,
148,KS4_25,TOWN,School town,A5-KS4,KS4 Ages 11 to 16 Mixed sex,Reigate
149,KS4_25,PCODE,School postcode,A5-KS4,KS4 Ages 11 to 16 Mixed sex,RH2 7NT
150,KS4_25,TELNUM,School telephone number,A5-KS4,KS4 Ages 11 to 16 Mixed sex,01737243166
151,KS4_25,PCON_CODE,Parliamentary constituency code,A5-KS4,KS4 Ages 11 to 16 Mixed sex,E14001442
152,KS4_25,PCON_NAME,Parliamentary constituency name,A5-KS4,KS4 Ages 11 to 16 Mixed sex,Reigate
153,KS4_25,CONTFLAG,Contingency flag - school results 'significantly affected'. This field is zero for all schools.,A5-KS4,KS4 Ages 11 to 16 Mixed sex,0
154,KS4_25,ICLOSE,"Closed school flag (0=open; 1=closed; 2=open,A5-KS4,,KS4 Ages 11 to 16 Mixed sex,0
155,KS4_25,NFTYPE,School type (see separate list of abbreviations used in the tables),A5-KS4,KS4 Ages 11 to 16 Mixed sex,ACC
156,KS4_25,RELDENOM,School religious character,A5-KS4,KS4 Ages 11 to 16 Mixed sex,Does not apply
157,KS4_25,ADMPOL,School admissions policy (self-declared by schools on Get Information About Schools),A5-KS4,KS4 Ages 11 to 16 Mixed sex,NSE
158,KS4_25,ADMPOL_PT,School admissions policy - new definition from 2019,A5-KS4,KS4 Ages 11 to 16 Mixed sex,OTHER NON SEL
159,KS4_25,EGENDER,School gender of entry,A5-KS4,KS4 Ages 11 to 16 Mixed sex,MIXED
160,KS4_25,FEEDER,Indicates whether school is a feeder school for sixth form centre/consortia (0=No; 1=Yes),A5-KS4,KS4 Ages 11 to 16 Mixed sex,0
161,KS4_25,AGERANGE,Age range,A5-KS4,KS4 Ages 11 to 16 Mixed sex,11 to 16
162,KS4_25,TOTPUPS,Number of pupils on roll (all ages),A5-KS4,KS4 Ages 11 to 16 Mixed sex,1261
163,KS4_25,NUMBOYS,Total boys on roll (including part-time pupils),A5-KS4,KS4 Ages 11 to 16 Mixed sex,669
164,KS4_25,NUMGIRLS,Total girls on roll (including part-time pupils),A5-KS4,KS4 Ages 11 to 16 Mixed sex,592
165,KS4_25,TPUP,Number of pupils at the end of key stage 4,A5-KS4-Cohort,KS4 Ages 11 to 16 Mixed sex,254
166,KS4_25,BPUP,Number of boys at the end of key stage 4,A5-KS4-Cohort,KS4 Ages 11 to 16 Mixed sex,143
167,KS4_25,PBPUP,% of pupils at the end of key stage 4 who are boys,A5-KS4-Cohort,KS4 Ages 11 to 16 Mixed sex,56.3%
168,KS4_25,GPUP,Number of girls at the end of key stage 4,A5-KS4-Cohort,KS4 Ages 11 to 16 Mixed sex,111
169,KS4_25,PGPUP,% of pupils at the end key stage 4 who are girls,A5-KS4-Cohort,KS4 Ages 11 to 16 Mixed sex,43.7%
170,KS4_25,KS2ASS,KS4 cohort average KS2 Scaled Score (average of English reading and maths),A5-KS4,KS4 Ages 11 to 16 Mixed sex,NA
171,KS4_25,TPRIORLO,Number of pupils at the end of key stage 4 with low prior attainment at the end of key stage 2,A5-KS4,KS4 Ages 11 to 16 Mixed sex,NA
172,KS4_25,PTPRIORLO,% of pupils at the end of key stage 4 with low prior attainment at the end of key stage 2,A5-KS4,KS4 Ages 11 to 16 Mixed sex,NA
173,KS4_25,TPRIORAV,Number of pupils at the end of key stage 4 with middle prior attainment at the end of key stage 2,A5-KS4,KS4 Ages 11 to 16 Mixed sex,NA
174,KS4_25,PTPRIORAV,% of pupils at the end of key stage 4 with middle prior attainment at the end of key stage 2,A5-KS4,KS4 Ages 11 to 16 Mixed sex,NA
175,KS4_25,TPRIORHI,Number of pupils at the end of key stage 4 with high prior attainment at the end of key stage 2,A5-KS4,KS4 Ages 11 to 16 Mixed sex,NA
176,KS4_25,PTPRIORHI,% of pupils at the end of key stage 4 with high prior attainment at the end of key stage 2,A5-KS4,KS4 Ages 11 to 16 Mixed sex,NA
177,KS4_25,TFSM6CLA1A,Number of disadvantaged pupils at the end of key stage 4,A5-KS4-Cohort,KS4 Ages 11 to 16 Mixed sex,50
178,KS4_25,PTFSM6CLA1A,% of pupils at the end of key stage 4 who are disadvantaged,A5-KS4-Cohort,KS4 Ages 11 to 16 Mixed sex,19.7%
179,KS4_25,TNOTFSM6CLA1A,Number of non-disadvantaged pupils at the end of key stage 4,A5-KS4-Cohort,KS4 Ages 11 to 16 Mixed sex,204
180,KS4_25,PTNOTFSM6CLA1A,% of pupils at the end of key stage 4 who are not disadvantaged,A5-KS4-Cohort,KS4 Ages 11 to 16 Mixed sex,80.3%
181,KS4_25,TEALGRP2,Number of pupils at the end of key stage 4 with English as additional language (EAL),A5-KS4-Cohort,KS4 Ages 11 to 16 Mixed sex,13
182,KS4_25,PTEALGRP2,% of pupils at the end of key stage 4 with English as additional language (EAL),A5-KS4-Cohort,KS4 Ages 11 to 16 Mixed sex,5.1%
183,KS4_25,TEALGRP1,Number of pupils at the end of key stage 4 with English as their first language,A5-KS4-Cohort,KS4 Ages 11 to 16 Mixed sex,240
184,KS4_25,PTEALGRP1,% of pupils at the end of key stage 4 with English as their first language,A5-KS4-Cohort,KS4 Ages 11 to 16 Mixed sex,94.5%
185,KS4_25,TEALGRP3,Number of pupils at the end of key stage 4 whose first language is unclassified,A5-KS4-Cohort,KS4 Ages 11 to 16 Mixed sex,1
186,KS4_25,PTEALGRP3,% of pupils at the end of key stage 4 whose first language is unclassified,A5-KS4-Cohort,KS4 Ages 11 to 16 Mixed sex,0.4%
187,KS4_25,TNMOB,Number of pupils at the end of key stage 4 who are non-mobile,A5-KS4-Cohort,KS4 Ages 11 to 16 Mixed sex,252
188,KS4_25,PTNMOB,% of pupils at the end of key stage 4 who are non-mobile,A5-KS4-Cohort,KS4 Ages 11 to 16 Mixed sex,99.2%
189,KS4_25,SENE4,"Number of pupils at the end of key stage 4 with special educational needs (SEN) with an Education,A5-KS4,,KS4 Ages 11 to 16 Mixed sex,12
190,KS4_25,PSENE4,"% of pupils at the end of key stage 4 with special educational needs (SEN) with an Education,A5-KS4,,KS4 Ages 11 to 16 Mixed sex,4.7%
191,KS4_25,SEN_ALL4,"Number of pupils at the end of key stage 4 with special educational needs (SEN) including those with or without an Education,A5-KS4,,KS4 Ages 11 to 16 Mixed sex,54
192,KS4_25,PSEN_ALL4,"% of pupils at the end of key stage 4 with special educational needs (SEN) including those with or without an Education,A5-KS4,,KS4 Ages 11 to 16 Mixed sex,21.3%
193,KS4_25,SENK4,"Number of pupils at the end of key stage 4 with special educational needs (SEN) without an Education,A5-KS4,,KS4 Ages 11 to 16 Mixed sex,42
194,KS4_25,PSENK4,"% of pupils at the end of key stage 4 with special educational needs (SEN) without an Education,A5-KS4,,KS4 Ages 11 to 16 Mixed sex,16.5%
195,KS4_25,TOTATT8,Total sum of Attainment 8 scores,A5-KS4,KS4 Ages 11 to 16 Mixed sex,13312.75
196,KS4_25,ATT8SCR,Average Attainment 8 score per pupil,A5-KS4-Attainment8,KS4 Ages 11 to 16 Mixed sex,52.4
197,KS4_25,TOTATT8ENG,Total sum of Attainment 8 scores for English element,A5-KS4,KS4 Ages 11 to 16 Mixed sex,2788
198,KS4_25,ATT8SCRENG,Average Attainment 8 score per pupil for English element,A5-KS4-Attainment8,KS4 Ages 11 to 16 Mixed sex,11
199,KS4_25,TOTATT8MAT,Total sum of Attainment 8 scores for mathematics element,A5-KS4,KS4 Ages 11 to 16 Mixed sex,2702
200,KS4_25,ATT8SCRMAT,Average Attainment 8 score per pupil for mathematics element,A5-KS4-Attainment8,KS4 Ages 11 to 16 Mixed sex,10.6
201,KS4_25,TOTATT8EBAC,Total sum of Attainment 8 scores for EBacc element,A5-KS4,KS4 Ages 11 to 16 Mixed sex,3785
202,KS4_25,ATT8SCREBAC,Average Attainment 8 score per pupil for EBacc element,A5-KS4-Attainment8,KS4 Ages 11 to 16 Mixed sex,14.9
203,KS4_25,TOTATT8OPEN,Total sum of Attainment 8 scores for open element,A5-KS4,KS4 Ages 11 to 16 Mixed sex,4037.75
204,KS4_25,ATT8SCROPEN,Average Attainment 8 score per pupil for open element,A5-KS4-Attainment8,KS4 Ages 11 to 16 Mixed sex,15.9
205,KS4_25,TOTATT8OPENG,Total sum of Attainment 8 scores for open element - GCSE only,A5-KS4,KS4 Ages 11 to 16 Mixed sex,3417.5
206,KS4_25,ATT8SCROPENG,Average Attainment 8 score per pupil for open element - GCSE only,A5-KS4-Attainment8,KS4 Ages 11 to 16 Mixed sex,13.5
207,KS4_25,TOTATT8OPENNG,Total sum of Attainment 8 scores for open element - non-GCSE only,A5-KS4,KS4 Ages 11 to 16 Mixed sex,620.25
208,KS4_25,ATT8SCROPENNG,Average Attainment 8 score per pupil for open element - non-GCSE only,A5-KS4-Attainment8,KS4 Ages 11 to 16 Mixed sex,2.4
209,KS4_25,AVGEBACFILL,Average number of EBacc slots filled in Attainment 8 per pupil,A5-KS4-EBacc,KS4 Ages 11 to 16 Mixed sex,2.8
210,KS4_25,AVGOPENFILL,Average number of Open slots filled in Attainment 8 per pupil,A5-KS4-EBacc,KS4 Ages 11 to 16 Mixed sex,2.9
211,KS4_25,P8PUP,Number of pupils included in Progress 8 measure,A5-KS4-Progress8,KS4 Ages 11 to 16 Mixed sex,NA
212,KS4_25,TP8ADJ,Number of pupils who have had P8 score adjusted in average,A5-KS4,KS4 Ages 11 to 16 Mixed sex,NA
213,KS4_25,P8MEACOV,% of pupils at the end of key stage 4 included in Progress 8 measure,A5-KS4-Progress8,KS4 Ages 11 to 16 Mixed sex,NA
214,KS4_25,P8MEA,Progress 8 measure after adjustment for extreme scores,A5-KS4-Progress8,KS4 Ages 11 to 16 Mixed sex,NA
215,KS4_25,P8CILOW,Progress 8 lower 95% confidence interval for adjusted average,A5-KS4-Progress8,KS4 Ages 11 to 16 Mixed sex,NA
216,KS4_25,P8CIUPP,Progress 8 upper 95% confidence interval for adjusted average,A5-KS4-Progress8,KS4 Ages 11 to 16 Mixed sex,NA
217,KS4_25,P8MEA_ORIG,Progress 8 measure based on unadjusted pupil scores,A5-KS4-Progress8,KS4 Ages 11 to 16 Mixed sex,NA
218,KS4_25,P8CILOW_ORIG,Progress 8 lower 95% confidence interval for unadjusted average,A5-KS4-Progress8,KS4 Ages 11 to 16 Mixed sex,NA
219,KS4_25,P8CIUPP_ORIG,Progress 8 upper 95% confidence interval for unadjusted average,A5-KS4-Progress8,KS4 Ages 11 to 16 Mixed sex,NA
220,KS4_25,P8MEAENG,Progress 8 measure for English element,A5-KS4-Progress8,KS4 Ages 11 to 16 Mixed sex,NA
221,KS4_25,P8MEAENG_CILOW,Lower 95% confidence interval for Progress 8 English element,A5-KS4-Progress8,KS4 Ages 11 to 16 Mixed sex,NA
222,KS4_25,P8MEAENG_CIUPP,Upper 95% confidence interval for Progress 8 English element,A5-KS4-Progress8,KS4 Ages 11 to 16 Mixed sex,NA
223,KS4_25,P8MEAMAT,Progress 8 measure for mathematics element,A5-KS4-Progress8,KS4 Ages 11 to 16 Mixed sex,NA
224,KS4_25,P8MEAMAT_CILOW,Lower 95% confidence interval for Progress 8 maths element,A5-KS4-Progress8,KS4 Ages 11 to 16 Mixed sex,NA
225,KS4_25,P8MEAMAT_CIUPP,Upper 95% confidence interval for Progress 8 maths element,A5-KS4-Progress8,KS4 Ages 11 to 16 Mixed sex,NA
226,KS4_25,P8MEAEBAC,Progress 8 measure for EBacc element,A5-KS4-Progress8,KS4 Ages 11 to 16 Mixed sex,NA
227,KS4_25,P8MEAEBAC_CILOW,Lower 95% confidence interval for Progress 8 EBacc element,A5-KS4-Progress8,KS4 Ages 11 to 16 Mixed sex,NA
228,KS4_25,P8MEAEBAC_CIUPP,Upper 95% confidence interval for Progress 8 EBacc element,A5-KS4-Progress8,KS4 Ages 11 to 16 Mixed sex,NA
229,KS4_25,P8MEAOPEN,Progress 8 measure for open element,A5-KS4-Progress8,KS4 Ages 11 to 16 Mixed sex,NA
230,KS4_25,P8MEAOPEN_CILOW,Lower 95% confidence interval for Progress 8 open element,A5-KS4-Progress8,KS4 Ages 11 to 16 Mixed sex,NA
231,KS4_25,P8MEAOPEN_CIUPP,Upper 95% confidence interval for Progress 8 open element,A5-KS4-Progress8,KS4 Ages 11 to 16 Mixed sex,NA
232,KS4_25,PTL2BASICS_94,% of pupils achieving standard 9-4 passes in both English and mathematics GCSEs,A5-KS4-Grades,KS4 Ages 11 to 16 Mixed sex,76.4%
233,KS4_25,PTL2BASICS_95,% of pupils achieving strong 9-5 passes in both English and mathematics GCSEs,A5-KS4-Grades,KS4 Ages 11 to 16 Mixed sex,61.0%
234,KS4_25,TOTEBACCAPS,Total EBacc APS score per pupil,A5-KS4,KS4 Ages 11 to 16 Mixed sex,1215.8
235,KS4_25,EBACCAPS,Average EBacc APS score per pupil,A5-KS4-EBacc,KS4 Ages 11 to 16 Mixed sex,4.79
236,KS4_25,EBACCAPS_FSM6CLA1A,Average EBacc APS score per disadvantaged pupil,A5-KS4-EBacc,KS4 Ages 11 to 16 Mixed sex,3.22
237,KS4_25,EBACCAPS_NFSM6CLA1A,Average EBacc APS score per non-disadvantaged pupil,A5-KS4-EBacc,KS4 Ages 11 to 16 Mixed sex,5.17
238,KS4_25,EBACCAPS_LO,Average EBacc APS score per pupil with low prior attainment,A5-KS4-EBacc,KS4 Ages 11 to 16 Mixed sex,NA
239,KS4_25,EBACCAPS_MID,Average EBacc APS score per pupil with middle prior attainment,A5-KS4-EBacc,KS4 Ages 11 to 16 Mixed sex,NA
240,KS4_25,EBACCAPS_HI,Average EBacc APS score per pupil with high prior attainment,A5-KS4-EBacc,KS4 Ages 11 to 16 Mixed sex,NA
241,KS4_25,EBACCAPS_EAL,Average EBacc APS score per pupil for whom English is an additional language,A5-KS4-EBacc,KS4 Ages 11 to 16 Mixed sex,5.36
242,KS4_25,EBACCAPS_GIRLS,Average EBacc APS score per girl,A5-KS4-EBacc,KS4 Ages 11 to 16 Mixed sex,4.83
243,KS4_25,EBACCAPS_BOYS,Average EBacc APS score per boy,A5-KS4-EBacc,KS4 Ages 11 to 16 Mixed sex,4.75
244,KS4_25,EBACCAPS_NMOB,Average EBacc APS score per non-mobile pupil,A5-KS4-EBacc,KS4 Ages 11 to 16 Mixed sex,4.81
245,KS4_25,TEBACC_E_PTQ_EE,Number of key stage 4 pupils with entries in all English Baccalaureate subject areas,A5-KS4-EBacc,KS4 Ages 11 to 16 Mixed sex,200
246,KS4_25,PTEBACC_E_PTQ_EE,% of key stage 4 pupils with entries in all English Baccalaureate subject areas,A5-KS4-EBacc,KS4 Ages 11 to 16 Mixed sex,78.7%
247,KS4_25,PTEBACC_94,% of pupils achieving the English Baccalaureate with 9-4 passes,A5-KS4-EBacc,KS4 Ages 11 to 16 Mixed sex,40.9%
248,KS4_25,PTEBACC_95,% of pupils achieving the English Baccalaureate with 9-5 passes,A5-KS4-EBacc,KS4 Ages 11 to 16 Mixed sex,30.7%
249,KS4_25,TEBACENG_E_PTQ_EE,Number of pupils entering the English Baccalaureate English subject area,A5-KS4,KS4 Ages 11 to 16 Mixed sex,245
250,KS4_25,PTEBACENG_E_PTQ_EE,% of pupils entering the English Baccalaureate English subject area,A5-KS4-EBacc,KS4 Ages 11 to 16 Mixed sex,96.5%
251,KS4_25,TEBACMAT_E_PTQ_EE,Number of pupils entering the English Baccalaureate Maths subject area,A5-KS4,KS4 Ages 11 to 16 Mixed sex,250
252,KS4_25,PTEBACMAT_E_PTQ_EE,% of pupils entering the English Baccalaureate Maths subject area,A5-KS4-EBacc,KS4 Ages 11 to 16 Mixed sex,98.4%
253,KS4_25,TEBAC2SCI_E_PTQ_EE,Number of pupils entering the English Baccalaureate Science subject area,A5-KS4,KS4 Ages 11 to 16 Mixed sex,242
254,KS4_25,PTEBAC2SCI_E_PTQ_EE,%  of pupils entering the English Baccalaureate Science subject area,A5-KS4-EBacc,KS4 Ages 11 to 16 Mixed sex,95.3%
255,KS4_25,TEBACHUM_E_PTQ_EE,Number of pupils entering the English Baccalaureate Humanities subject area,A5-KS4,KS4 Ages 11 to 16 Mixed sex,241
256,KS4_25,PTEBACHUM_E_PTQ_EE,%  of pupils entering the English Baccalaureate Humanities subject area,A5-KS4-EBacc,KS4 Ages 11 to 16 Mixed sex,94.9%
257,KS4_25,TEBACLAN_E_PTQ_EE,Number of pupils entering the English Baccalaureate Language subject area,A5-KS4,KS4 Ages 11 to 16 Mixed sex,200
258,KS4_25,PTEBACLAN_E_PTQ_EE,%  of pupils entering the English Baccalaureate Language subject area,A5-KS4-EBacc,KS4 Ages 11 to 16 Mixed sex,78.7%
259,KS4_25,PTEBACENG_94,% of pupils achieving the EBacc English subject area with a standard 9-4 pass,A5-KS4-EBacc,KS4 Ages 11 to 16 Mixed sex,81.5%
260,KS4_25,PTEBACENG_95,% of pupils achieving the EBacc English subject area with a strong 9-5 pass,A5-KS4-EBacc,KS4 Ages 11 to 16 Mixed sex,71.3%
261,KS4_25,PTEBACMAT_94,% of pupils achieving the EBacc Maths subject area with a standard 9-4 pass,A5-KS4-EBacc,KS4 Ages 11 to 16 Mixed sex,80.7%
262,KS4_25,PTEBACMAT_95,% of pupils achieving the EBacc Maths subject area with a strong 9-5 pass,A5-KS4-EBacc,KS4 Ages 11 to 16 Mixed sex,68.1%
263,KS4_25,PTEBAC2SCI_94,% of entered pupils achieving the EBacc Science subject area with a 9-4 pass,A5-KS4-EBacc,KS4 Ages 11 to 16 Mixed sex,74.4%
264,KS4_25,PTEBAC2SCI_95,% of entered pupils achieving the EBacc Science subject area with a 9-5 pass,A5-KS4-EBacc,KS4 Ages 11 to 16 Mixed sex,61.2%
265,KS4_25,PTEBACHUM_94,% of entered pupils achieving the EBacc Humanities subject area with a 9-4 pass,A5-KS4-EBacc,KS4 Ages 11 to 16 Mixed sex,68.0%
266,KS4_25,PTEBACHUM_95,% of entered pupils achieving the EBacc Humanities subject area with a 9-5 pass,A5-KS4-EBacc,KS4 Ages 11 to 16 Mixed sex,57.7%
267,KS4_25,PTEBACLAN_94,% of entered pupils achieving the EBacc Language subject area with a 9-4 pass,A5-KS4-EBacc,KS4 Ages 11 to 16 Mixed sex,54.0%
268,KS4_25,PTEBACLAN_95,% of entered pupils achieving the EBacc Language subject area with a 9-5 pass,A5-KS4-EBacc,KS4 Ages 11 to 16 Mixed sex,41.5%
269,KS4_25,SCIVAPUP_PTQ_EE,Number of pupils included in English Baccalaureate Science Value Added measure,A5-KS4,KS4 Ages 11 to 16 Mixed sex,NA
270,KS4_25,SCIVACOV_PTQ_EE,Coverage of the English Baccalaureate Science Value Added indicators of those who entered for science,A5-KS4,KS4 Ages 11 to 16 Mixed sex,NA
271,KS4_25,HUMVAPUP_PTQ_EE,Number of pupils included in English Baccalaureate Humanities Value Added measure,A5-KS4,KS4 Ages 11 to 16 Mixed sex,NA
272,KS4_25,HUMVACOV_PTQ_EE,Coverage of the English Baccalaureate Humanities Value Added indicators of those who entered for humanities,A5-KS4,KS4 Ages 11 to 16 Mixed sex,NA
273,KS4_25,LANVAPUP_PTQ_EE,Number of pupils included in English Baccalaureate Language Value Added measure,A5-KS4,KS4 Ages 11 to 16 Mixed sex,NA
274,KS4_25,LANVACOV_PTQ_EE,Coverage of the English Baccalaureate Language Value Added indicators of those who entered for languages,A5-KS4,KS4 Ages 11 to 16 Mixed sex,NA
275,KS4_25,SCIVAMEA_PTQ_EE,English Baccalaureate Science Value Added measure,A5-KS4,KS4 Ages 11 to 16 Mixed sex,NA
276,KS4_25,SCIVALOW_PTQ_EE,English Baccalaureate Science Value Added lower 95% confidence limit,A5-KS4,KS4 Ages 11 to 16 Mixed sex,NA
277,KS4_25,SCIVAUPP_PTQ_EE,English Baccalaureate Science Value Added upper 95% confidence limit,A5-KS4,KS4 Ages 11 to 16 Mixed sex,NA
278,KS4_25,HUMVAMEA_PTQ_EE,English Baccalaureate Humanities Value Added measure,A5-KS4,KS4 Ages 11 to 16 Mixed sex,NA
279,KS4_25,HUMVALOW_PTQ_EE,English Baccalaureate Humanities Value Added lower 95% confidence limit,A5-KS4,KS4 Ages 11 to 16 Mixed sex,NA
280,KS4_25,HUMVAUPP_PTQ_EE,English Baccalaureate Humanities Value Added upper 95% confidence limit,A5-KS4,KS4 Ages 11 to 16 Mixed sex,NA
281,KS4_25,LANVAMEA_PTQ_EE,English Baccalaureate Languages Value Added measure,A5-KS4,KS4 Ages 11 to 16 Mixed sex,NA
282,KS4_25,LANVALOW_PTQ_EE,English Baccalaureate Languages Value Added lower 95% confidence limit,A5-KS4,KS4 Ages 11 to 16 Mixed sex,NA
283,KS4_25,LANVAUPP_PTQ_EE,English Baccalaureate Languages Value Added upper 95% confidence limit,A5-KS4,KS4 Ages 11 to 16 Mixed sex,NA
284,KS4_25,TEBACENG_94,Number of pupils achieving EBacc English subject area with a standard 9-4 pass,A5-KS4,KS4 Ages 11 to 16 Mixed sex,207
285,KS4_25,TEBACENG_95,Number of pupils achieving EBacc English subject area with a strong 9-5 pass,A5-KS4,KS4 Ages 11 to 16 Mixed sex,181
286,KS4_25,TEBACMAT_94,Number of pupils achieving EBacc Maths subject area with a standard 9-4 pass,A5-KS4,KS4 Ages 11 to 16 Mixed sex,205
287,KS4_25,TEBACMAT_95,Number of pupils achieving EBacc Maths subject area with a strong 9-5 pass,A5-KS4,KS4 Ages 11 to 16 Mixed sex,173
288,KS4_25,TEBAC2SCI_94,Number of pupils achieving EBacc Science subject area with a 9-4 pass,A5-KS4,KS4 Ages 11 to 16 Mixed sex,180
289,KS4_25,TEBAC2SCI_95,Number of pupils achieving EBacc Science subject area with a 9-5 pass,A5-KS4,KS4 Ages 11 to 16 Mixed sex,148
290,KS4_25,TEBACHUM_94,Number of pupils achieving EBacc Humanities subject area with a 9-4 pass,A5-KS4,KS4 Ages 11 to 16 Mixed sex,164
291,KS4_25,TEBACHUM_95,Number of pupils achieving EBacc Humanities subject area with a 9-5 pass,A5-KS4,KS4 Ages 11 to 16 Mixed sex,139
292,KS4_25,TEBACLAN_94,Number of pupils achieving EBacc Language subject area with a 9-4 pass,A5-KS4,KS4 Ages 11 to 16 Mixed sex,108
293,KS4_25,TEBACLAN_95,Number of pupils achieving EBacc Language subject area with a 9-5 pass,A5-KS4,KS4 Ages 11 to 16 Mixed sex,83
294,KS4_25,TEBACC91,Number of pupils achieving the English Baccalaureate at grades 9-1,A5-KS4-EBacc,KS4 Ages 11 to 16 Mixed sex,199
295,KS4_25,PTEBACC91,% of pupils achieving the English Baccalaureate at grades 9-1,A5-KS4-EBacc,KS4 Ages 11 to 16 Mixed sex,78.3%
296,KS4_25,TEBACENG91,Number of pupils achieving EBacc English subject area at grade 9-1,A5-KS4,KS4 Ages 11 to 16 Mixed sex,245
297,KS4_25,PTEBACENG91,% of pupils achieving the EBacc English subject area at grade 9-1,A5-KS4-EBacc,KS4 Ages 11 to 16 Mixed sex,96.5%
298,KS4_25,TEBACMAT91,Number of pupils achieving EBacc Maths subject area at grade 9-1,A5-KS4,KS4 Ages 11 to 16 Mixed sex,248
299,KS4_25,PTEBACMAT91,% of pupils achieving the EBacc Maths subject area at grade 9-1,A5-KS4-EBacc,KS4 Ages 11 to 16 Mixed sex,97.6%
300,KS4_25,TEBAC2SCI91,Number of pupils achieving EBacc Science subject area with grades 9-1,A5-KS4,KS4 Ages 11 to 16 Mixed sex,241
301,KS4_25,PTEBAC2SCI91,% entered pupils achieving the EBacc Science subject area with grades 9-1,A5-KS4-EBacc,KS4 Ages 11 to 16 Mixed sex,99.6%
302,KS4_25,TEBACHUM91,Number of pupils achieving EBacc Humanities subject area with grades 9-1,A5-KS4,KS4 Ages 11 to 16 Mixed sex,237
303,KS4_25,PTEBACHUM91,% entered pupils achieving the EBacc Humanities subject area with grades 9-1,A5-KS4-EBacc,KS4 Ages 11 to 16 Mixed sex,98.3%
304,KS4_25,TEBACLAN91,Number of pupils achieving EBacc Language subject area with grades 9-1,A5-KS4,KS4 Ages 11 to 16 Mixed sex,200
305,KS4_25,PTEBACLAN91,% of entered pupils achieving the EBacc Language subject area with grades 9-1,A5-KS4-EBacc,KS4 Ages 11 to 16 Mixed sex,100.0%
306,KS4_25,ATT8SCR_FSM6CLA1A,Average Attainment 8 score per disadvantaged pupil,A5-KS4-Attainment8,KS4 Ages 11 to 16 Mixed sex,36.8
307,KS4_25,P8PUP_FSM6CLA1A,Number of disadvantaged pupils in Progress 8 measure,A5-KS4-Progress8,KS4 Ages 11 to 16 Mixed sex,NA
308,KS4_25,TP8ADJ_FSM6CLA1A,Number of disadvantaged pupils in Progress 8 measure with adjusted scores,A5-KS4,KS4 Ages 11 to 16 Mixed sex,NA
309,KS4_25,P8MEA_FSM6CLA1A,Adjusted Progress 8 measure - disadvantaged pupils,A5-KS4-Progress8,KS4 Ages 11 to 16 Mixed sex,NA
310,KS4_25,P8CILOW_FSM6CLA1A,Adjusted Progress 8 lower 95% confidence interval - disadvantaged pupils,A5-KS4-Progress8,KS4 Ages 11 to 16 Mixed sex,NA
311,KS4_25,P8CIUPP_FSM6CLA1A,Adjusted Progress 8 upper 95% confidence interval - disadvantaged pupils,A5-KS4-Progress8,KS4 Ages 11 to 16 Mixed sex,NA
312,KS4_25,P8MEA_FSM6CLA1A_ORIG,Unadjusted Progress 8 measure - disadvantaged pupils,A5-KS4-Progress8,KS4 Ages 11 to 16 Mixed sex,NA
313,KS4_25,P8CILOW_FSM6CLA1A_ORIG,Unadjusted Progress 8 lower 95% confidence interval - disadvantaged pupils,A5-KS4-Progress8,KS4 Ages 11 to 16 Mixed sex,NA
314,KS4_25,P8CIUPP_FSM6CLA1A_ORIG,Unadjusted Progress 8 upper 95% confidence interval - disadvantaged pupils,A5-KS4-Progress8,KS4 Ages 11 to 16 Mixed sex,NA
315,KS4_25,ATT8SCR_NFSM6CLA1A,Average Attainment 8 score per non-disadvantaged pupil,A5-KS4-Attainment8,KS4 Ages 11 to 16 Mixed sex,56.2
316,KS4_25,P8PUP_NFSM6CLA1A,Number of non-disadvantaged pupils in Progress 8 measure,A5-KS4-Progress8,KS4 Ages 11 to 16 Mixed sex,NA
317,KS4_25,TP8ADJ_NFSM6CLA1A,Number of non-disadvantaged pupils in progress measure with adjusted scores,A5-KS4,KS4 Ages 11 to 16 Mixed sex,NA
318,KS4_25,P8MEA_NFSM6CLA1A,Adjusted Progress 8 measure - non-disadvantaged pupils,A5-KS4-Progress8,KS4 Ages 11 to 16 Mixed sex,NA
319,KS4_25,P8CILOW_NFSM6CLA1A,Progress 8 lower 95% confidence interval - non-disadvantaged pupils,A5-KS4-Progress8,KS4 Ages 11 to 16 Mixed sex,NA
320,KS4_25,P8CIUPP_NFSM6CLA1A,Progress 8 upper 95% confidence interval - non-disadvantaged pupils,A5-KS4-Progress8,KS4 Ages 11 to 16 Mixed sex,NA
321,KS4_25,P8MEA_NFSM6CLA1A_ORIG,Unadjusted Progress 8 measure - non-disadvantaged pupils,A5-KS4-Progress8,KS4 Ages 11 to 16 Mixed sex,NA
322,KS4_25,P8CILOW_NFSM6CLA1A_ORIG,Unadjusted Progress 8 lower 95% confidence interval - non-disadvantaged pupils,A5-KS4-Progress8,KS4 Ages 11 to 16 Mixed sex,NA
323,KS4_25,P8CIUPP_NFSM6CLA1A_ORIG,Unadjusted Progress 8 upper 95% confidence interval - non-disadvantaged pupils,A5-KS4-Progress8,KS4 Ages 11 to 16 Mixed sex,NA
324,KS4_25,ATT8SCRENG_FSM6CLA1A,Average Attainment 8 score per disadvantaged pupil for English element,A5-KS4-Attainment8,KS4 Ages 11 to 16 Mixed sex,7.9
325,KS4_25,P8MEAENG_FSM6CLA1A,Progress 8 measure for English element - disadvantaged pupils,A5-KS4-Progress8,KS4 Ages 11 to 16 Mixed sex,NA
326,KS4_25,P8MEAENG_CILOW_FSM6CLA1A,Lower 95% confidence interval for Progress 8 English element for disadvantaged pupils,A5-KS4-Progress8,KS4 Ages 11 to 16 Mixed sex,NA
327,KS4_25,P8MEAENG_CIUPP_FSM6CLA1A,Upper 95% confidence interval for Progress 8 English element for disadvantaged pupils,A5-KS4-Progress8,KS4 Ages 11 to 16 Mixed sex,NA
328,KS4_25,ATT8SCRMAT_FSM6CLA1A,Average Attainment 8 score per disadvantaged pupil for mathematics element,A5-KS4-Attainment8,KS4 Ages 11 to 16 Mixed sex,7.8
329,KS4_25,P8MEAMAT_FSM6CLA1A,Progress 8 measure for maths element - disadvantaged pupils,A5-KS4-Progress8,KS4 Ages 11 to 16 Mixed sex,NA
330,KS4_25,P8MEAMAT_CILOW_FSM6CLA1A,Lower 95% confidence interval for Progress 8 maths element for disadvantaged pupils,A5-KS4-Progress8,KS4 Ages 11 to 16 Mixed sex,NA
331,KS4_25,P8MEAMAT_CIUPP_FSM6CLA1A,Upper 95% confidence interval for Progress 8 maths element for disadvantaged pupils,A5-KS4-Progress8,KS4 Ages 11 to 16 Mixed sex,NA
332,KS4_25,ATT8SCREBAC_FSM6CLA1A,Average Attainment 8 score per disadvantaged pupil for EBacc element,A5-KS4-Attainment8,KS4 Ages 11 to 16 Mixed sex,10
333,KS4_25,P8MEAEBAC_FSM6CLA1A,Progress 8 measure for EBacc element - disadvantaged pupils,A5-KS4-Progress8,KS4 Ages 11 to 16 Mixed sex,NA
334,KS4_25,P8MEAEBAC_CILOW_FSM6CLA1A,Lower 95% confidence interval for Progress 8 EBacc element for disadvantaged pupils,A5-KS4-Progress8,KS4 Ages 11 to 16 Mixed sex,NA
335,KS4_25,P8MEAEBAC_CIUPP_FSM6CLA1A,Upper 95% confidence interval for Progress 8 EBacc element for disadvantaged pupils,A5-KS4-Progress8,KS4 Ages 11 to 16 Mixed sex,NA
336,KS4_25,ATT8SCROPEN_FSM6CLA1A,Average Attainment 8 score per disadvantaged pupil for open element,A5-KS4-Attainment8,KS4 Ages 11 to 16 Mixed sex,11.1
337,KS4_25,P8MEAOPEN_FSM6CLA1A,Progress 8 measure for open element - disadvantaged pupils,A5-KS4-Progress8,KS4 Ages 11 to 16 Mixed sex,NA
338,KS4_25,P8MEAOPEN_CILOW_FSM6CLA1A,Lower 95% confidence interval for Progress 8 open element for disadvantaged pupils,A5-KS4-Progress8,KS4 Ages 11 to 16 Mixed sex,NA
339,KS4_25,P8MEAOPEN_CIUPP_FSM6CLA1A,Upper 95% confidence interval for Progress 8 open element for disadvantaged pupils,A5-KS4-Progress8,KS4 Ages 11 to 16 Mixed sex,NA
340,KS4_25,ATT8SCRENG_NFSM6CLA1A,Average Attainment 8 score per non-disadvantaged pupil for English element,A5-KS4-Attainment8,KS4 Ages 11 to 16 Mixed sex,11.7
341,KS4_25,P8MEAENG_NFSM6CLA1A,Progress 8 measure for English element - non-disadvantaged pupils,A5-KS4-Progress8,KS4 Ages 11 to 16 Mixed sex,NA
342,KS4_25,P8MEAENG_CILOW_NFSM6CLA1A,Lower 95% confidence interval for Progress 8 English element for non-disadvantaged pupils,A5-KS4-Progress8,KS4 Ages 11 to 16 Mixed sex,NA
343,KS4_25,P8MEAENG_CIUPP_NFSM6CLA1A,Upper 95% confidence interval for Progress 8 English element for non-disadvantaged pupils,A5-KS4-Progress8,KS4 Ages 11 to 16 Mixed sex,NA
344,KS4_25,ATT8SCRMAT_NFSM6CLA1A,Average Attainment 8 score per non-disadvantaged pupil for mathematics element,A5-KS4-Attainment8,KS4 Ages 11 to 16 Mixed sex,11.3
345,KS4_25,P8MEAMAT_NFSM6CLA1A,Progress 8 measure for maths element - non-disadvantaged pupils,A5-KS4-Progress8,KS4 Ages 11 to 16 Mixed sex,NA
346,KS4_25,P8MEAMAT_CILOW_NFSM6CLA1A,Lower 95% confidence interval for Progress 8 maths element for non-disadvantaged pupils,A5-KS4-Progress8,KS4 Ages 11 to 16 Mixed sex,NA
347,KS4_25,P8MEAMAT_CIUPP_NFSM6CLA1A,Upper 95% confidence interval for Progress 8 maths element for non-disadvantaged pupils,A5-KS4-Progress8,KS4 Ages 11 to 16 Mixed sex,NA
348,KS4_25,ATT8SCREBAC_NFSM6CLA1A,Average Attainment 8 score per non-disadvantaged pupil for EBacc element,A5-KS4-Attainment8,KS4 Ages 11 to 16 Mixed sex,16.1
349,KS4_25,P8MEAEBAC_NFSM6CLA1A,Progress 8 measure for EBacc element - non-disadvantaged pupils,A5-KS4-Progress8,KS4 Ages 11 to 16 Mixed sex,NA
350,KS4_25,P8MEAEBAC_CILOW_NFSM6CLA1A,Lower 95% confidence interval for Progress 8 EBacc element for non-disadvantaged pupils,A5-KS4-Progress8,KS4 Ages 11 to 16 Mixed sex,NA
351,KS4_25,P8MEAEBAC_CIUPP_NFSM6CLA1A,Upper 95% confidence interval for Progress 8 EBacc element for non-disadvantaged pupils,A5-KS4-Progress8,KS4 Ages 11 to 16 Mixed sex,NA
352,KS4_25,ATT8SCROPEN_NFSM6CLA1A,Average Attainment 8 score per non-disadvantaged pupil for open element,A5-KS4-Attainment8,KS4 Ages 11 to 16 Mixed sex,17.1
353,KS4_25,P8MEAOPEN_NFSM6CLA1A,Progress 8 measure for open element - non-disadvantaged pupils,A5-KS4-Progress8,KS4 Ages 11 to 16 Mixed sex,NA
354,KS4_25,P8MEAOPEN_CILOW_NFSM6CLA1A,Lower 95% confidence interval for Progress 8 open element for non-disadvantaged pupils,A5-KS4-Progress8,KS4 Ages 11 to 16 Mixed sex,NA
355,KS4_25,P8MEAOPEN_CIUPP_NFSM6CLA1A,Upper 95% confidence interval for Progress 8 open element for non-disadvantaged pupils,A5-KS4-Progress8,KS4 Ages 11 to 16 Mixed sex,NA
356,KS4_25,ATT8SCROPENG_FSM6CLA1A,Average Attainment 8 score per disadvantaged pupil for open element - GCSE only,A5-KS4-Attainment8,KS4 Ages 11 to 16 Mixed sex,8.6
357,KS4_25,ATT8SCROPENNG_FSM6CLA1A,Average Attainment 8 score per disadvantaged pupil for open element - non-GCSE only,A5-KS4-Attainment8,KS4 Ages 11 to 16 Mixed sex,2.5
358,KS4_25,ATT8SCROPENG_NFSM6CLA1A,Average Attainment 8 score per non-disadvantaged pupil for open element - GCSE only,A5-KS4-Attainment8,KS4 Ages 11 to 16 Mixed sex,14.6
359,KS4_25,ATT8SCROPENNG_NFSM6CLA1A,Average Attainment 8 score per non-disadvantaged pupil for open element - non-GCSE only,A5-KS4-Attainment8,KS4 Ages 11 to 16 Mixed sex,2.4
360,KS4_25,DIFFN_ATT8,Difference between Attainment 8 for disadvantaged pupils in school/LA and non-disadvantaged pupils nationally,A5-KS4,KS4 Ages 11 to 16 Mixed sex,-13.6
361,KS4_25,DIFFN_P8MEA,Difference between Progress 8 measure for disadvantaged pupils in school/LA and non-disadvantaged pupils nationally,A5-KS4,KS4 Ages 11 to 16 Mixed sex,NA
362,KS4_25,ATT8SCR_LO,Average Attainment 8 score per pupil with low prior attainment,A5-KS4-Attainment8,KS4 Ages 11 to 16 Mixed sex,NA
363,KS4_25,P8PUP_LO,Number of pupils with low prior attainment included in Progress 8 measure,A5-KS4-Progress8,KS4 Ages 11 to 16 Mixed sex,NA
364,KS4_25,TP8ADJ_LO,Number of pupils with low prior attainment in progress measure with adjusted scores,A5-KS4,KS4 Ages 11 to 16 Mixed sex,NA
365,KS4_25,P8MEA_LO,Adjusted Progress 8 measure - pupils with low prior attainment,A5-KS4-Progress8,KS4 Ages 11 to 16 Mixed sex,NA
366,KS4_25,P8CILOW_LO,Adjusted Progress 8 lower 95% confidence interval - pupils with low prior attainment,A5-KS4-Progress8,KS4 Ages 11 to 16 Mixed sex,NA
367,KS4_25,P8CIUPP_LO,Adjusted Progress 8 upper 95% confidence interval - pupils with low prior attainment,A5-KS4-Progress8,KS4 Ages 11 to 16 Mixed sex,NA
368,KS4_25,P8MEA_LO_ORIG,Unadjusted Progress 8 measure - pupils with low prior attainment,A5-KS4-Progress8,KS4 Ages 11 to 16 Mixed sex,NA
369,KS4_25,P8CILOW_LO_ORIG,Unadjusted Progress 8 lower 95% confidence interval - pupils with low prior attainment,A5-KS4-Progress8,KS4 Ages 11 to 16 Mixed sex,NA
370,KS4_25,P8CIUPP_LO_ORIG,Unadjusted Progress 8 upper 95% confidence interval - pupils with low prior attainment,A5-KS4-Progress8,KS4 Ages 11 to 16 Mixed sex,NA
371,KS4_25,ATT8SCR_MID,Average Attainment 8 score per pupil with middle prior attainment,A5-KS4-Attainment8,KS4 Ages 11 to 16 Mixed sex,NA
372,KS4_25,P8PUP_MID,Number of pupils with middle prior attainment included in Progress 8 measure,A5-KS4-Progress8,KS4 Ages 11 to 16 Mixed sex,NA
373,KS4_25,TP8ADJ_MID,Number of pupils with middle prior attainment in progress measure with adjusted scores,A5-KS4,KS4 Ages 11 to 16 Mixed sex,NA
374,KS4_25,P8MEA_MID,Adjusted Progress 8 measure - pupils with middle prior attainment,A5-KS4-Progress8,KS4 Ages 11 to 16 Mixed sex,NA
375,KS4_25,P8CILOW_MID,Progress 8 lower 95% confidence interval - pupils with middle prior attainment,A5-KS4-Progress8,KS4 Ages 11 to 16 Mixed sex,NA
376,KS4_25,P8CIUPP_MID,Progress 8 upper 95% confidence interval - pupils with middle prior attainment,A5-KS4-Progress8,KS4 Ages 11 to 16 Mixed sex,NA
377,KS4_25,P8MEA_MID_ORIG,Unadjusted Progress 8 measure - pupils with middle prior attainment,A5-KS4-Progress8,KS4 Ages 11 to 16 Mixed sex,NA
378,KS4_25,P8CILOW_MID_ORIG,Unadjusted Progress 8 lower 95% confidence interval - pupils with middle prior attainment,A5-KS4-Progress8,KS4 Ages 11 to 16 Mixed sex,NA
379,KS4_25,P8CIUPP_MID_ORIG,Unadjusted Progress 8 upper 95% confidence interval - pupils with middle prior attainment,A5-KS4-Progress8,KS4 Ages 11 to 16 Mixed sex,NA
380,KS4_25,ATT8SCR_HI,Average Attainment 8 score per pupil with high prior attainment,A5-KS4-Attainment8,KS4 Ages 11 to 16 Mixed sex,NA
381,KS4_25,P8PUP_HI,Number of pupils with high prior attainment included in Progress 8 measure,A5-KS4-Progress8,KS4 Ages 11 to 16 Mixed sex,NA
382,KS4_25,TP8ADJ_HI,Number of pupils with high prior attainment in progress measure with adjusted scores,A5-KS4,KS4 Ages 11 to 16 Mixed sex,NA
383,KS4_25,P8MEA_HI,Adjusted Progress 8 measure - pupils with high prior attainment,A5-KS4-Progress8,KS4 Ages 11 to 16 Mixed sex,NA
384,KS4_25,P8CILOW_HI,Progress 8 lower 95% confidence interval - pupils with high prior attainment,A5-KS4-Progress8,KS4 Ages 11 to 16 Mixed sex,NA
385,KS4_25,P8CIUPP_HI,Progress 8 upper 95% confidence interval - pupils with high prior attainment,A5-KS4-Progress8,KS4 Ages 11 to 16 Mixed sex,NA
386,KS4_25,P8MEA_HI_ORIG,Unadjusted Progress 8 measure - pupils with high prior attainment,A5-KS4-Progress8,KS4 Ages 11 to 16 Mixed sex,NA
387,KS4_25,P8CILOW_HI_ORIG,Unadjusted Progress 8 lower 95% confidence interval - pupils with high prior attainment,A5-KS4-Progress8,KS4 Ages 11 to 16 Mixed sex,NA
388,KS4_25,P8CIUPP_HI_ORIG,Unadjusted Progress 8 upper 95% confidence interval - pupils with high prior attainment,A5-KS4-Progress8,KS4 Ages 11 to 16 Mixed sex,NA
389,KS4_25,ATT8SCR_EAL,Average Attainment 8 score per pupil for whom English is an additional language,A5-KS4-Attainment8,KS4 Ages 11 to 16 Mixed sex,56.9
390,KS4_25,ATT8SCRENG_EAL,Average Attainment 8 score per pupil for whom English is an additional language for English element,A5-KS4-Attainment8,KS4 Ages 11 to 16 Mixed sex,10.6
391,KS4_25,ATT8SCRMAT_EAL,Average Attainment 8 score per pupil for whom English is an additional language for mathematics element,A5-KS4-Attainment8,KS4 Ages 11 to 16 Mixed sex,12
392,KS4_25,ATT8SCREBAC_EAL,Average Attainment 8 score per pupil for whom English is an additional language for EBacc element,A5-KS4-Attainment8,KS4 Ages 11 to 16 Mixed sex,17.5
393,KS4_25,ATT8SCROPEN_EAL,Average Attainment 8 score per pupil for whom English is an additional language for open element,A5-KS4-Attainment8,KS4 Ages 11 to 16 Mixed sex,16.8
394,KS4_25,ATT8SCROPENG_EAL,Average Attainment 8 score per pupil for whom English is an additional language - GCSE only,A5-KS4-Attainment8,KS4 Ages 11 to 16 Mixed sex,14.5
395,KS4_25,ATT8SCROPENNG_EAL,Average Attainment 8 score per pupil for whom English is an additional language - non-GCSE only,A5-KS4-Attainment8,KS4 Ages 11 to 16 Mixed sex,2.3
396,KS4_25,P8PUP_EAL,Number of pupils for whom English is an additional language included in Progress 8 measure,A5-KS4-Progress8,KS4 Ages 11 to 16 Mixed sex,NA
397,KS4_25,TP8ADJ_EAL,Number of pupils for whom English is an additional language in progress measure with adjusted scores,A5-KS4,KS4 Ages 11 to 16 Mixed sex,NA
398,KS4_25,P8MEA_EAL,Adjusted Progress 8 measure - pupils for whom English is an additional language,A5-KS4-Progress8,KS4 Ages 11 to 16 Mixed sex,NA
399,KS4_25,P8CILOW_EAL,Adjusted Progress 8 lower 95% confidence interval - pupils for whom English is an additional language,A5-KS4-Progress8,KS4 Ages 11 to 16 Mixed sex,NA
400,KS4_25,P8CIUPP_EAL,Adjusted Progress 8 upper 95% confidence interval - pupils for whom English is an additional language,A5-KS4-Progress8,KS4 Ages 11 to 16 Mixed sex,NA
401,KS4_25,P8MEA_EAL_ORIG,Unadjusted Progress 8 measure - pupils for whom English is an additional language,A5-KS4-Progress8,KS4 Ages 11 to 16 Mixed sex,NA
402,KS4_25,P8CILOW_EAL_ORIG,Unadjusted Progress 8 lower 95% confidence interval - pupils for whom English is an additional language,A5-KS4-Progress8,KS4 Ages 11 to 16 Mixed sex,NA
403,KS4_25,P8CIUPP_EAL_ORIG,Unadjusted Progress 8 upper 95% confidence interval - pupils for whom English is an additional language,A5-KS4-Progress8,KS4 Ages 11 to 16 Mixed sex,NA
404,KS4_25,ATT8SCR_GIRLS,Average Attainment 8 score per girl,A5-KS4-Attainment8,KS4 Ages 11 to 16 Mixed sex,53.4
405,KS4_25,ATT8SCRENG_GIRLS,Average Attainment 8 score per girl for English element,A5-KS4-Attainment8,KS4 Ages 11 to 16 Mixed sex,11.8
406,KS4_25,ATT8SCRMAT_GIRLS,Average Attainment 8 score per girl for mathematics element,A5-KS4-Attainment8,KS4 Ages 11 to 16 Mixed sex,9.9
407,KS4_25,ATT8SCREBAC_GIRLS,Average Attainment 8 score per girl for EBacc element,A5-KS4-Attainment8,KS4 Ages 11 to 16 Mixed sex,14.8
408,KS4_25,ATT8SCROPEN_GIRLS,Average Attainment 8 score per girl for open element,A5-KS4-Attainment8,KS4 Ages 11 to 16 Mixed sex,16.9
409,KS4_25,ATT8SCROPENG_GIRLS,Average Attainment 8 score per girl - GCSE only,A5-KS4-Attainment8,KS4 Ages 11 to 16 Mixed sex,15.1
410,KS4_25,ATT8SCROPENNG_GIRLS,Average Attainment 8 score per girl - non-GCSE only,A5-KS4-Attainment8,KS4 Ages 11 to 16 Mixed sex,1.8
411,KS4_25,P8PUP_GIRLS,Number of girls included in Progress 8 measure,A5-KS4-Progress8,KS4 Ages 11 to 16 Mixed sex,NA
412,KS4_25,TP8ADJ_GIRLS,Number of girls in progress measure with adjusted scores,A5-KS4,KS4 Ages 11 to 16 Mixed sex,NA
413,KS4_25,P8MEA_GIRLS,Adjusted Progress 8 measure - girls,A5-KS4-Progress8,KS4 Ages 11 to 16 Mixed sex,NA
414,KS4_25,P8CILOW_GIRLS,Adjusted Progress 8 lower 95% confidence interval - girls,A5-KS4-Progress8,KS4 Ages 11 to 16 Mixed sex,NA
415,KS4_25,P8CIUPP_GIRLS,Adjusted Progress 8 upper 95% confidence interval - girls,A5-KS4-Progress8,KS4 Ages 11 to 16 Mixed sex,NA
416,KS4_25,P8MEA_GIRLS_ORIG,Unadjusted Progress 8 measure - girls,A5-KS4-Progress8,KS4 Ages 11 to 16 Mixed sex,NA
417,KS4_25,P8CILOW_GIRLS_ORIG,Unadjusted Progress 8 lower 95% confidence interval - girls,A5-KS4-Progress8,KS4 Ages 11 to 16 Mixed sex,NA
418,KS4_25,P8CIUPP_GIRLS_ORIG,Unadjusted Progress 8 upper 95% confidence interval - girls,A5-KS4-Progress8,KS4 Ages 11 to 16 Mixed sex,NA
419,KS4_25,ATT8SCR_BOYS,Average Attainment 8 score per boy,A5-KS4-Attainment8,KS4 Ages 11 to 16 Mixed sex,51.6
420,KS4_25,ATT8SCRENG_BOYS,Average Attainment 8 score per boy for English element,A5-KS4-Attainment8,KS4 Ages 11 to 16 Mixed sex,10.4
421,KS4_25,ATT8SCRMAT_BOYS,Average Attainment 8 score per boy for mathematics element,A5-KS4-Attainment8,KS4 Ages 11 to 16 Mixed sex,11.2
422,KS4_25,ATT8SCREBAC_BOYS,Average Attainment 8 score per boy for EBacc element,A5-KS4-Attainment8,KS4 Ages 11 to 16 Mixed sex,15
423,KS4_25,ATT8SCROPEN_BOYS,Average Attainment 8 score per boy for open element,A5-KS4-Attainment8,KS4 Ages 11 to 16 Mixed sex,15.1
424,KS4_25,ATT8SCROPENG_BOYS,Average Attainment 8 score per boy - GCSE only,A5-KS4-Attainment8,KS4 Ages 11 to 16 Mixed sex,12.2
425,KS4_25,ATT8SCROPENNG_BOYS,Average Attainment 8 score per boy - non-GCSE only,A5-KS4-Attainment8,KS4 Ages 11 to 16 Mixed sex,2.9
426,KS4_25,P8PUP_BOYS,Number of boys included in Progress 8 measure,A5-KS4-Progress8,KS4 Ages 11 to 16 Mixed sex,NA
427,KS4_25,TP8ADJ_BOYS,Number of boys in progress measure with adjusted scores,A5-KS4,KS4 Ages 11 to 16 Mixed sex,NA
428,KS4_25,P8MEA_BOYS,Adjusted Progress 8 measure - boys,A5-KS4-Progress8,KS4 Ages 11 to 16 Mixed sex,NA
429,KS4_25,P8CILOW_BOYS,Adjusted Progress 8 lower 95% confidence interval - boys,A5-KS4-Progress8,KS4 Ages 11 to 16 Mixed sex,NA
430,KS4_25,P8CIUPP_BOYS,Adjusted Progress 8 upper 95% confidence interval - boys,A5-KS4-Progress8,KS4 Ages 11 to 16 Mixed sex,NA
431,KS4_25,P8MEA_BOYS_ORIG,Unadjusted Progress 8 measure - boys,A5-KS4-Progress8,KS4 Ages 11 to 16 Mixed sex,NA
432,KS4_25,P8CILOW_BOYS_ORIG,Unadjusted Progress 8 lower 95% confidence interval - boys,A5-KS4-Progress8,KS4 Ages 11 to 16 Mixed sex,NA
433,KS4_25,P8CIUPP_BOYS_ORIG,Unadjusted Progress 8 upper 95% confidence interval - boys,A5-KS4-Progress8,KS4 Ages 11 to 16 Mixed sex,NA
434,KS4_25,ATT8SCR_NMOB,Average Attainment 8 score per non-mobile pupil,A5-KS4-Attainment8,KS4 Ages 11 to 16 Mixed sex,52.7
435,KS4_25,ATT8SCRENG_NMOB,Average Attainment 8 score per non-mobile pupil for English element,A5-KS4-Attainment8,KS4 Ages 11 to 16 Mixed sex,11
436,KS4_25,ATT8SCRMAT_NMOB,Average Attainment 8 score per non-mobile pupil for mathematics element,A5-KS4-Attainment8,KS4 Ages 11 to 16 Mixed sex,10.7
437,KS4_25,ATT8SCREBAC_NMOB,Average Attainment 8 score per non-mobile pupil for EBacc element,A5-KS4-Attainment8,KS4 Ages 11 to 16 Mixed sex,15
438,KS4_25,ATT8SCROPEN_NMOB,Average Attainment 8 score per non-mobile pupil for open element,A5-KS4-Attainment8,KS4 Ages 11 to 16 Mixed sex,16
439,KS4_25,ATT8SCROPENG_NMOB,Average Attainment 8 score per non-mobile pupil - GCSE only,A5-KS4-Attainment8,KS4 Ages 11 to 16 Mixed sex,13.5
440,KS4_25,ATT8SCROPENNG_NMOB,Average Attainment 8 score per non-mobile pupil - non-GCSE only,A5-KS4-Attainment8,KS4 Ages 11 to 16 Mixed sex,2.5
441,KS4_25,P8PUP_NMOB,Number of non-mobile pupils included in Progress 8 measure,A5-KS4-Progress8,KS4 Ages 11 to 16 Mixed sex,NA
442,KS4_25,TP8ADJ_NMOB,Number of non-mobile pupils in progress measure with adjusted scores,A5-KS4,KS4 Ages 11 to 16 Mixed sex,NA
443,KS4_25,P8MEA_NMOB,Adjusted Progress 8 measure - non-mobile pupils,A5-KS4-Progress8,KS4 Ages 11 to 16 Mixed sex,NA
444,KS4_25,P8CILOW_NMOB,Adjusted Progress 8 lower 95% confidence interval - non-mobile pupils,A5-KS4-Progress8,KS4 Ages 11 to 16 Mixed sex,NA
445,KS4_25,P8CIUPP_NMOB,Adjusted Progress 8 upper 95% confidence interval - non-mobile pupils,A5-KS4-Progress8,KS4 Ages 11 to 16 Mixed sex,NA
446,KS4_25,P8MEA_NMOB_ORIG,Unadjusted Progress 8 measure - non-mobile pupils,A5-KS4-Progress8,KS4 Ages 11 to 16 Mixed sex,NA
447,KS4_25,P8CILOW_NMOB_ORIG,Unadjusted Progress 8 lower 95% confidence interval - non-mobile pupils,A5-KS4-Progress8,KS4 Ages 11 to 16 Mixed sex,NA
448,KS4_25,P8CIUPP_NMOB_ORIG,Unadjusted Progress 8 upper 95% confidence interval - non-mobile pupils,A5-KS4-Progress8,KS4 Ages 11 to 16 Mixed sex,NA
449,KS4_25,TEBACC_ELO_PTQ_EE,Number of pupils in low prior attainment band with entries in all EBacc subject areas,A5-KS4-EBacc,KS4 Ages 11 to 16 Mixed sex,NA
450,KS4_25,PTEBACC_ELO_PTQ_EE,EBacc entered % by low prior attainment,A5-KS4-EBacc,KS4 Ages 11 to 16 Mixed sex,NA
451,KS4_25,PTEBACCLO_94,EBacc achieved % by low prior attainment - with standard 9-4 passes in English and maths,A5-KS4-EBacc,KS4 Ages 11 to 16 Mixed sex,NA
452,KS4_25,PTEBACCLO_95,EBacc achieved % by low prior attainment - with 9-5 passes,A5-KS4-EBacc,KS4 Ages 11 to 16 Mixed sex,NA
453,KS4_25,TEBACC_EAV_PTQ_EE,Number of pupils in middle prior attainment band with entries in all EBacc subject areas,A5-KS4-EBacc,KS4 Ages 11 to 16 Mixed sex,NA
454,KS4_25,PTEBACC_EAV_PTQ_EE,EBacc entered % by middle prior attainment,A5-KS4-EBacc,KS4 Ages 11 to 16 Mixed sex,NA
455,KS4_25,PTEBACCAV_94,EBacc achieved % by middle prior attainment - with 9-4 passes,A5-KS4-EBacc,KS4 Ages 11 to 16 Mixed sex,NA
456,KS4_25,PTEBACCAV_95,EBacc achieved % by middle prior attainment - with 9-5 passes,A5-KS4-EBacc,KS4 Ages 11 to 16 Mixed sex,NA
457,KS4_25,TEBACC_EHI_PTQ_EE,Number of pupils in high prior attainment band with entries in all EBacc subject areas,A5-KS4-EBacc,KS4 Ages 11 to 16 Mixed sex,NA
458,KS4_25,PTEBACC_EHI_PTQ_EE,EBacc entered % by high prior attainment,A5-KS4-EBacc,KS4 Ages 11 to 16 Mixed sex,NA
459,KS4_25,PTEBACCHI_94,EBacc achieved % by high prior attainment - with 9-4 passes,A5-KS4-EBacc,KS4 Ages 11 to 16 Mixed sex,NA
460,KS4_25,PTEBACCHI_95,EBacc achieved % by high prior attainment - with 9-5 passes,A5-KS4-EBacc,KS4 Ages 11 to 16 Mixed sex,NA
461,KS4_25,PTEBACC_EFSM6CLA1A_PTQ_EE,% of disadvantaged pupils entering all English Baccalaureate subject areas,A5-KS4-EBacc,KS4 Ages 11 to 16 Mixed sex,48.0%
462,KS4_25,PTEBACC_ENFSM6CLA1A_PTQ_EE,% of non-disadvantaged pupils entering all English Baccalaureate subject areas,A5-KS4-EBacc,KS4 Ages 11 to 16 Mixed sex,86.3%
463,KS4_25,PTEBACC_94_FSM6CLA1A,% of disadvantaged pupils achieving the English Baccalaureate - with 9-4 passes,A5-KS4-EBacc,KS4 Ages 11 to 16 Mixed sex,14.0%
464,KS4_25,PTEBACC_95_FSM6CLA1A,% of disadvantaged pupils achieving the English Baccalaureate - with 9-5 passes,A5-KS4-EBacc,KS4 Ages 11 to 16 Mixed sex,10.0%
465,KS4_25,PTEBACC_94_NFSM6CLA1A,% of non-disadvantaged pupils achieving the English Baccalaureate - with 9-4 passes,A5-KS4-EBacc,KS4 Ages 11 to 16 Mixed sex,47.5%
466,KS4_25,PTEBACC_95_NFSM6CLA1A,% of non-disadvantaged pupils achieving the English Baccalaureate - with 9-5 passes,A5-KS4-EBacc,KS4 Ages 11 to 16 Mixed sex,35.8%
467,KS4_25,SCIVAMEA_LO_PTQ_EE,English Baccalaureate Science Value Added measure for pupils with low prior attainment,A5-KS4,KS4 Ages 11 to 16 Mixed sex,NA
468,KS4_25,SCIVAMEA_MID_PTQ_EE,English Baccalaureate Science Value Added measure for pupils with middle prior attainment,A5-KS4,KS4 Ages 11 to 16 Mixed sex,NA
469,KS4_25,SCIVAMEA_HI_PTQ_EE,English Baccalaureate Science Value Added measure for pupils with high prior attainment,A5-KS4,KS4 Ages 11 to 16 Mixed sex,NA
470,KS4_25,SCIVAMEA_FSM6CLA1A_PTQ_EE,English Baccalaureate Science Value Added measure for disadvantaged pupils,A5-KS4,KS4 Ages 11 to 16 Mixed sex,NA
471,KS4_25,SCIVAMEA_NFSM6CLA1A_PTQ_EE,English Baccalaureate Science Value Added measure for non-disadvantaged pupils,A5-KS4,KS4 Ages 11 to 16 Mixed sex,NA
472,KS4_25,HUMVAMEA_LO_PTQ_EE,English Baccalaureate Humanities Value Added measure for pupils with low prior attainment,A5-KS4,KS4 Ages 11 to 16 Mixed sex,NA
473,KS4_25,HUMVAMEA_MID_PTQ_EE,English Baccalaureate Humanities Value Added measure for pupils with middle prior attainment,A5-KS4,KS4 Ages 11 to 16 Mixed sex,NA
474,KS4_25,HUMVAMEA_HI_PTQ_EE,English Baccalaureate Humanities Value Added measure for pupils with high prior attainment,A5-KS4,KS4 Ages 11 to 16 Mixed sex,NA
475,KS4_25,HUMVAMEA_FSM6CLA1A_PTQ_EE,English Baccalaureate Humanities Value Added measure for disadvantaged pupils,A5-KS4,KS4 Ages 11 to 16 Mixed sex,NA
476,KS4_25,HUMVAMEA_NFSM6CLA1A_PTQ_EE,English Baccalaureate Humanities Value Added measure for non-disadvantaged pupils,A5-KS4,KS4 Ages 11 to 16 Mixed sex,NA
477,KS4_25,LANVAMEA_LO_PTQ_EE,English Baccalaureate Languages Value Added measure for pupils with low prior attainment,A5-KS4,KS4 Ages 11 to 16 Mixed sex,NA
478,KS4_25,LANVAMEA_MID_PTQ_EE,English Baccalaureate Languages Value Added measure for pupils with middle prior attainment,A5-KS4,KS4 Ages 11 to 16 Mixed sex,NA
479,KS4_25,LANVAMEA_HI_PTQ_EE,English Baccalaureate Languages Value Added measure for pupils with high prior attainment,A5-KS4,KS4 Ages 11 to 16 Mixed sex,NA
480,KS4_25,LANVAMEA_FSM6CLA1A_PTQ_EE,English Baccalaureate Languages Value Added measure for disadvantaged pupils,A5-KS4,KS4 Ages 11 to 16 Mixed sex,NA
481,KS4_25,LANVAMEA_NFSM6CLA1A_PTQ_EE,English Baccalaureate Languages Value Added measure for non-disadvantaged pupils,A5-KS4,KS4 Ages 11 to 16 Mixed sex,NA
482,KS4_25,SCIVAUPP_FSM6CLA1A_PTQ_EE,Upper 95% confidence limit for English Baccalaureate Science Value Added measure for disadvantaged pupils,A5-KS4,KS4 Ages 11 to 16 Mixed sex,NA
483,KS4_25,SCIVALOW_FSM6CLA1A_PTQ_EE,Lower 95% confidence limit for English Baccalaureate Science Value Added measure for disadvantaged pupils,A5-KS4,KS4 Ages 11 to 16 Mixed sex,NA
484,KS4_25,SCIVAUPP_NFSM6CLA1A_PTQ_EE,Upper 95% confidence limit for English Baccalaureate Science Value Added measure for non-disadvantaged pupils,A5-KS4,KS4 Ages 11 to 16 Mixed sex,NA
485,KS4_25,SCIVALOW_NFSM6CLA1A_PTQ_EE,Lower 95% confidence limit for English Baccalaureate Science Value Added measure for non-disadvantaged pupils,A5-KS4,KS4 Ages 11 to 16 Mixed sex,NA
486,KS4_25,SCIVAUPP_LO_PTQ_EE,Upper 95% confidence limit for English Baccalaureate Science Value Added measure for pupils with low prior attainment,A5-KS4,KS4 Ages 11 to 16 Mixed sex,NA
487,KS4_25,SCIVALOW_LO_PTQ_EE,Lower 95% confidence limit for English Baccalaureate Science Value Added measure for pupils with low prior attainment,A5-KS4,KS4 Ages 11 to 16 Mixed sex,NA
488,KS4_25,SCIVAUPP_MID_PTQ_EE,Upper 95% confidence limit for English Baccalaureate Science Value Added measure for pupils with middle prior attainment,A5-KS4,KS4 Ages 11 to 16 Mixed sex,NA
489,KS4_25,SCIVALOW_MID_PTQ_EE,Lower 95% confidence limit for English Baccalaureate Science Value Added measure for pupils with middle prior attainment,A5-KS4,KS4 Ages 11 to 16 Mixed sex,NA
490,KS4_25,SCIVAUPP_HI_PTQ_EE,Upper 95% confidence limit for English Baccalaureate Science Value Added measure for pupils with high prior attainment,A5-KS4,KS4 Ages 11 to 16 Mixed sex,NA
491,KS4_25,SCIVALOW_HI_PTQ_EE,Lower 95% confidence limit for English Baccalaureate Science Value Added measure for pupils with high prior attainment,A5-KS4,KS4 Ages 11 to 16 Mixed sex,NA
492,KS4_25,HUMVAUPP_FSM6CLA1A_PTQ_EE,Upper 95% confidence limit for English Baccalaureate Humanities Value Added measure for disadvantaged pupils,A5-KS4,KS4 Ages 11 to 16 Mixed sex,NA
493,KS4_25,HUMVALOW_FSM6CLA1A_PTQ_EE,Lower 95% confidence limit for English Baccalaureate Humanities Value Added measure for disadvantaged pupils,A5-KS4,KS4 Ages 11 to 16 Mixed sex,NA
494,KS4_25,HUMVAUPP_NFSM6CLA1A_PTQ_EE,Upper 95% confidence limit for English Baccalaureate Humanities Value Added measure for non-disadvantaged pupils,A5-KS4,KS4 Ages 11 to 16 Mixed sex,NA
495,KS4_25,HUMVALOW_NFSM6CLA1A_PTQ_EE,Lower 95% confidence limit for English Baccalaureate Humanities Value Added measure for non-disadvantaged pupils,A5-KS4,KS4 Ages 11 to 16 Mixed sex,NA
496,KS4_25,HUMVAUPP_LO_PTQ_EE,Upper 95% confidence limit for English Baccalaureate Humanities Value Added measure for pupils with low prior attainment,A5-KS4,KS4 Ages 11 to 16 Mixed sex,NA
497,KS4_25,HUMVALOW_LO_PTQ_EE,Lower 95% confidence limit for English Baccalaureate Humanities Value Added measure for pupils with low prior attainment,A5-KS4,KS4 Ages 11 to 16 Mixed sex,NA
498,KS4_25,HUMVAUPP_MID_PTQ_EE,Upper 95% confidence limit for English Baccalaureate Humanities Value Added measure for pupils with middle prior attainment,A5-KS4,KS4 Ages 11 to 16 Mixed sex,NA
499,KS4_25,HUMVALOW_MID_PTQ_EE,Lower 95% confidence limit for English Baccalaureate Humanities Value Added measure for pupils with middle prior attainment,A5-KS4,KS4 Ages 11 to 16 Mixed sex,NA
500,KS4_25,HUMVAUPP_HI_PTQ_EE,Upper 95% confidence limit for English Baccalaureate Humanities Value Added measure for pupils with high prior attainment,A5-KS4,KS4 Ages 11 to 16 Mixed sex,NA
501,KS4_25,HUMVALOW_HI_PTQ_EE,Lower 95% confidence limit for English Baccalaureate Humanities Value Added measure for pupils with high prior attainment,A5-KS4,KS4 Ages 11 to 16 Mixed sex,NA
502,KS4_25,LANVAUPP_FSM6CLA1A_PTQ_EE,Upper 95% confidence limit for English Baccalaureate Languages Value Added measure for disadvantaged pupils,A5-KS4,KS4 Ages 11 to 16 Mixed sex,NA
503,KS4_25,LANVALOW_FSM6CLA1A_PTQ_EE,Lower 95% confidence limit for English Baccalaureate Languages Value Added measure for disadvantaged pupils,A5-KS4,KS4 Ages 11 to 16 Mixed sex,NA
504,KS4_25,LANVAUPP_NFSM6CLA1A_PTQ_EE,Upper 95% confidence limit for English Baccalaureate Languages Value Added measure for non-disadvantaged pupils,A5-KS4,KS4 Ages 11 to 16 Mixed sex,NA
505,KS4_25,LANVALOW_NFSM6CLA1A_PTQ_EE,Lower 95% confidence limit for English Baccalaureate Languages Value Added measure for non-disadvantaged pupils,A5-KS4,KS4 Ages 11 to 16 Mixed sex,NA
506,KS4_25,LANVAUPP_LO_PTQ_EE,Upper 95% confidence limit for English Baccalaureate Languages Value Added measure for pupils with low prior attainment,A5-KS4,KS4 Ages 11 to 16 Mixed sex,NA
507,KS4_25,LANVALOW_LO_PTQ_EE,Lower 95% confidence limit for English Baccalaureate Languages Value Added measure for pupils with low prior attainment,A5-KS4,KS4 Ages 11 to 16 Mixed sex,NA
508,KS4_25,LANVAUPP_MID_PTQ_EE,Upper 95% confidence limit for English Baccalaureate Languages Value Added measure for pupils with middle prior attainment,A5-KS4,KS4 Ages 11 to 16 Mixed sex,NA
509,KS4_25,LANVALOW_MID_PTQ_EE,Lower 95% confidence limit for English Baccalaureate Languages Value Added measure for pupils with middle prior attainment,A5-KS4,KS4 Ages 11 to 16 Mixed sex,NA
510,KS4_25,LANVAUPP_HI_PTQ_EE,Upper 95% confidence limit for English Baccalaureate Languages Value Added measure for pupils with high prior attainment,A5-KS4,KS4 Ages 11 to 16 Mixed sex,NA
511,KS4_25,LANVALOW_HI_PTQ_EE,Lower 95% confidence limit for English Baccalaureate Languages Value Added measure for pupils with high prior attainment,A5-KS4,KS4 Ages 11 to 16 Mixed sex,NA
512,KS4_25,PBEBACC_E_PTQ_EE,% of boys with entries in all English Baccalaureate subject areas,A5-KS4-EBacc,KS4 Ages 11 to 16 Mixed sex,77.6%
513,KS4_25,PBEBACC_94,% of KS4 boys achieving the Ebacc - with 9-4 passes,A5-KS4-EBacc,KS4 Ages 11 to 16 Mixed sex,35.7%
514,KS4_25,PBEBACC_95,% of KS4 boys achieving the Ebacc - with 9-5 passes,A5-KS4-EBacc,KS4 Ages 11 to 16 Mixed sex,28.0%
515,KS4_25,PGEBACC_E_PTQ_EE,% of girls with entries in all English Baccalaureate subject areas,A5-KS4-EBacc,KS4 Ages 11 to 16 Mixed sex,80.2%
516,KS4_25,PGEBACC_94,% of KS4 girls achieving the Ebacc - with 9-4 passes,A5-KS4-EBacc,KS4 Ages 11 to 16 Mixed sex,47.7%
517,KS4_25,PGEBACC_95,% of KS4 girls achieving the Ebacc - with 9-5 passes,A5-KS4-EBacc,KS4 Ages 11 to 16 Mixed sex,34.2%
518,KS4_25,PTEBACC_ENMOB_PTQ_EE,% of non-mobile pupils with entries in all English Baccalaureate subject areas,A5-KS4-EBacc,KS4 Ages 11 to 16 Mixed sex,79.4%
519,KS4_25,PTEBACCNMOB_94,% of non-mobile pupils achieving the English Baccalaureate with 9-4 passes,A5-KS4-EBacc,KS4 Ages 11 to 16 Mixed sex,41.3%
520,KS4_25,PTEBACCNMOB_95,% of non-mobile pupils achieving the English Baccalaureate with 9-5 passes,A5-KS4-EBacc,KS4 Ages 11 to 16 Mixed sex,31.0%
521,KS4_25,PTEBACC_EEAL_PTQ_EE,% of pupils for whom English is an additional language with entries in all English Baccalaureate subject areas,A5-KS4-EBacc,KS4 Ages 11 to 16 Mixed sex,92.3%
522,KS4_25,PTEBACCEAL_94,% of pupils for whom English as an additional language achieving the English Baccalaureate with 9-4 passes,A5-KS4-EBacc,KS4 Ages 11 to 16 Mixed sex,53.8%
523,KS4_25,PTEBACCEAL_95,% of pupils for whom English as an additional language achieving the English Baccalaureate with 9-5 passes,A5-KS4-EBacc,KS4 Ages 11 to 16 Mixed sex,46.2%
524,KS4_25,PT5EM_94,% of pupils achieving Level 2 threshold including standard passes 9-4 in both English and Maths GCSEs,A5-KS4-Grades,KS4 Ages 11 to 16 Mixed sex,73.2%
525,KS4_25,PTANYQ_PTQ_EE,% of pupils achieving any qualifications,A5-KS4,KS4 Ages 11 to 16 Mixed sex,98.4%
526,KS4_25,PTFSM6CLA1ABASICS_94,% of disadvantaged pupils achieving standard 9-4 passes in GCSE English and maths,A5-KS4-Grades,KS4 Ages 11 to 16 Mixed sex,50.0%
527,KS4_25,PTNOTFSM6CLA1ABASICS_94,% of non-disadvantaged pupils achieving standard 9-4 passes in GCSE English and maths,A5-KS4-Grades,KS4 Ages 11 to 16 Mixed sex,82.8%
528,KS4_25,TBASICSLO_94,Number of pupils in low prior attainment band who achieved standard 9-4 passes in English and maths,A5-KS4,KS4 Ages 11 to 16 Mixed sex,NA
529,KS4_25,PTBASICSLO_94,% of pupils in low prior attainment band who achieved standard 9-4 passes in English and maths,A5-KS4,KS4 Ages 11 to 16 Mixed sex,NA
530,KS4_25,TBASICSAV_94,Number of pupils in middle prior attainment band who achieved standard 9-4 passes in English and maths,A5-KS4,KS4 Ages 11 to 16 Mixed sex,NA
531,KS4_25,PTBASICSAV_94,% pupils in middle prior attainment band who achieved standard 9-4 passes in English and maths,A5-KS4,KS4 Ages 11 to 16 Mixed sex,NA
532,KS4_25,TBASICSHI_94,Number of pupils in high prior attainment band who achieved standard 9-4 passes in English and maths,A5-KS4,KS4 Ages 11 to 16 Mixed sex,NA
533,KS4_25,PTBASICSHI_94,% pupils in high prior attainment band who achieved standard 9-4 passes in English and maths,A5-KS4,KS4 Ages 11 to 16 Mixed sex,NA
534,KS4_25,PBL2BASICS_94,% of boys achieving standard 9-4 passes in both English and mathematics GCSEs,A5-KS4-Grades,KS4 Ages 11 to 16 Mixed sex,76.2%
535,KS4_25,PGL2BASICS_94,% of girls achieving standard 9-4 passes in both English and mathematics GCSEs,A5-KS4-Grades,KS4 Ages 11 to 16 Mixed sex,76.6%
536,KS4_25,PTL2BASICSEAL_94,% of pupils achieving standard 9-4 passes in both English and mathematics GCSEs and for whom English is an additional language,A5-KS4-Grades,KS4 Ages 11 to 16 Mixed sex,76.9%
537,KS4_25,PTL2BASICSNMOB_94,% of non-mobile pupils achieving standard 9-4 passes in both English and mathematics GCSEs,A5-KS4-Grades,KS4 Ages 11 to 16 Mixed sex,77.0%
538,KS4_25,PTFSM6CLA1ABASICS_95,% of disadvantaged pupils achieving strong 9-5 passes in GCSE English and maths,A5-KS4-Grades,KS4 Ages 11 to 16 Mixed sex,40.0%
539,KS4_25,PTNOTFSM6CLA1ABASICS_95,% of non-disadvantaged pupils achieving strong 9-5 passes in GCSE English and maths,A5-KS4-Grades,KS4 Ages 11 to 16 Mixed sex,66.2%
540,KS4_25,TBASICSLO_95,Number of pupils in low prior attainment band who achieved strong 9-5 passes in English and maths,A5-KS4,KS4 Ages 11 to 16 Mixed sex,NA
541,KS4_25,PTBASICSLO_95,% of pupils in low prior attainment band who achieved strong 9-5 passes in English and maths,A5-KS4,KS4 Ages 11 to 16 Mixed sex,NA
542,KS4_25,TBASICSAV_95,Number of pupils in middle prior attainment band who achieved strong 9-5 passes in English and maths,A5-KS4,KS4 Ages 11 to 16 Mixed sex,NA
543,KS4_25,PTBASICSAV_95,% pupils in middle prior attainment band who achieved strong 9-5 passes in English and maths,A5-KS4,KS4 Ages 11 to 16 Mixed sex,NA
544,KS4_25,TBASICSHI_95,Number of pupils in high prior attainment band who achieved strong 9-5 passes in English and maths,A5-KS4,KS4 Ages 11 to 16 Mixed sex,NA
545,KS4_25,PTBASICSHI_95,% pupils in high prior attainment band who achieved strong 9-5 passes in English and maths,A5-KS4,KS4 Ages 11 to 16 Mixed sex,NA
546,KS4_25,PBL2BASICS_95,% of boys achieving strong 9-5 passes in both English and mathematics GCSEs,A5-KS4-Grades,KS4 Ages 11 to 16 Mixed sex,59.4%
547,KS4_25,PGL2BASICS_95,% of girls achieving strong 9-5 passes in both English and mathematics GCSEs,A5-KS4-Grades,KS4 Ages 11 to 16 Mixed sex,63.1%
548,KS4_25,PTL2BASICSEAL_95,% of pupils achieving strong 9-5 passes in both English and mathematics GCSEs and for whom English is an additional language,A5-KS4-Grades,KS4 Ages 11 to 16 Mixed sex,69.2%
549,KS4_25,PTL2BASICSNMOB_95,% of non-mobile pupils achieving strong 9-5 passes in both English and mathematics GCSEs,A5-KS4-Grades,KS4 Ages 11 to 16 Mixed sex,61.5%
550,KS4_25,PTMULTILAN_E,% of pupils entering more than one foreign language,A5-KS4-EBacc,KS4 Ages 11 to 16 Mixed sex,1.2%
551,KS4_25,PTTRIPLESCI_E,"% of pupils entering biology,A5-KS4-EBacc,,KS4 Ages 11 to 16 Mixed sex,22.4%
552,KS4_25,TAVENT_E_3NG_PTQ_EE,Average number of KS4 entries per pupil,A5-KS4,KS4 Ages 11 to 16 Mixed sex,9.1
553,KS4_25,TAVENT_E_3NG_LO_PTQ_EE,Average number of KS4 entries per pupil with low prior attainment,A5-KS4,KS4 Ages 11 to 16 Mixed sex,NA
554,KS4_25,TAVENT_E_3NG_MID_PTQ_EE,Average number of KS4 entries per pupil with middle prior attainment,A5-KS4,KS4 Ages 11 to 16 Mixed sex,NA
555,KS4_25,TAVENT_E_3NG_HI_PTQ_EE,Average number of KS4 entries per pupil with high prior attainment,A5-KS4,KS4 Ages 11 to 16 Mixed sex,NA
556,KS4_25,TAVENT_E_3NG_FSM6CLA1A_PTQ_EE,Average number of KS4 entries per disadvantaged pupil,A5-KS4,KS4 Ages 11 to 16 Mixed sex,7.8
557,KS4_25,TAVENT_E_3NG_NFSM6CLA1A_PTQ_EE,Average number of KS4 entries per non-disadvantaged pupil,A5-KS4,KS4 Ages 11 to 16 Mixed sex,9.4
558,KS4_25,TAVENT_G_PTQ_EE,Average number of GCSE entries per pupil,A5-KS4,KS4 Ages 11 to 16 Mixed sex,8.4
559,KS4_25,TAVENT_GLO_PTQ_EE,Average number of GCSE entries per pupil with low prior attainment,A5-KS4,KS4 Ages 11 to 16 Mixed sex,NA
560,KS4_25,TAVENT_GAV_PTQ_EE,Average number of GCSE entries per pupil with middle prior attainment,A5-KS4,KS4 Ages 11 to 16 Mixed sex,NA
561,KS4_25,TAVENT_GHI_PTQ_EE,Average number of GCSE entries per pupil with high prior attainment,A5-KS4,KS4 Ages 11 to 16 Mixed sex,NA
562,KS4_25,TAVENT_GFSM6CLA1A_PTQ_EE,Average number of GCSE entries per disadvantaged pupil,A5-KS4,KS4 Ages 11 to 16 Mixed sex,6.8
563,KS4_25,TAVENT_GNFSM6CLA1A_PTQ_EE,Average number of GCSE entries per non-disadvantaged pupil,A5-KS4,KS4 Ages 11 to 16 Mixed sex,8.7
564,KS4_25,TTOTENT_E_TOTAL_PTQ_EE,Total volume of entries without discounting,A5-KS4,KS4 Ages 11 to 16 Mixed sex,2323
565,KS4_25,TTOTENT_E_COVID_IMPACTED_PTQ_EE,Total volume of covid-impacted entries without discounting,A5-KS4,KS4 Ages 11 to 16 Mixed sex,0
566,KS4_25,PTOTENT_E_COVID_IMPACTED_PTQ_EE,% of covid-impacted entries out of total number of entries,A5-KS4-EBacc,KS4 Ages 11 to 16 Mixed sex,0%
567,KS4_25,P8_BANDING,Progress 8 banding shown on school performance tables website,A5-KS4-Progress8,KS4 Ages 11 to 16 Mixed sex,
569,KS4_25,EBACCAPS_PREV,Average EBacc APS score per pupil in 2024,A5-KS4-EBacc,KS4 Ages 11 to 16 Mixed sex,4.89
570,KS4_25,EBACCAPS_PREV2,Average EBacc APS score per pupil in 2023,A5-KS4-EBacc,KS4 Ages 11 to 16 Mixed sex,4.59
571,KS4_25,EBACCAPS_FSM6CLA1A_PREV,Average EBacc APS score per disadvantaged pupil in 2024,A5-KS4-EBacc,KS4 Ages 11 to 16 Mixed sex,3.31
572,KS4_25,EBACCAPS_FSM6CLA1A_PREV2,Average EBacc APS score per disadvantaged pupil in 2023,A5-KS4-EBacc,KS4 Ages 11 to 16 Mixed sex,2.98
573,KS4_25,EBACCAPS_NFSM6CLA1A_PREV,Average EBacc APS score per non-disadvantaged pupil in 2024,A5-KS4-EBacc,KS4 Ages 11 to 16 Mixed sex,5.2
574,KS4_25,EBACCAPS_NFSM6CLA1A_PREV2,Average EBacc APS score per non-disadvantaged pupil in 2023,A5-KS4-EBacc,KS4 Ages 11 to 16 Mixed sex,5.01
575,KS4_25,ATT8SCR_PREV,Average Attainment 8 score per pupil - 2024,A5-KS4-Attainment8,KS4 Ages 11 to 16 Mixed sex,52.9
576,KS4_25,ATT8SCR_PREV2,Average Attainment 8 score per pupil  - 2023,A5-KS4-Attainment8,KS4 Ages 11 to 16 Mixed sex,50
577,KS4_25,P8PUP_PREV,Number of pupils in progress measure - 2024,A5-KS4-Progress8,KS4 Ages 11 to 16 Mixed sex,239
578,KS4_25,P8PUP_PREV2,Number of pupils in progress measure - 2023,A5-KS4-Progress8,KS4 Ages 11 to 16 Mixed sex,243
579,KS4_25,P8MEA_PREV,Progress 8 measure - 2024,A5-KS4-Progress8,KS4 Ages 11 to 16 Mixed sex,0.38
580,KS4_25,P8MEA_PREV2,Progress 8 measure - 2023,A5-KS4-Progress8,KS4 Ages 11 to 16 Mixed sex,0.27
581,KS4_25,P8CILOW_PREV,Progress 8 lower 95% confidence interval - 2024,A5-KS4-Progress8,KS4 Ages 11 to 16 Mixed sex,0.2
582,KS4_25,P8CILOW_PREV2,Progress 8 lower 95% confidence interval - 2023,A5-KS4-Progress8,KS4 Ages 11 to 16 Mixed sex,0.09
583,KS4_25,P8CIUPP_PREV,Progress 8 upper 95% confidence interval - 2024,A5-KS4-Progress8,KS4 Ages 11 to 16 Mixed sex,0.56
584,KS4_25,P8CIUPP_PREV2,Progress 8 upper 95% confidence interval - 2023,A5-KS4-Progress8,KS4 Ages 11 to 16 Mixed sex,0.45
585,KS4_25,ATT8SCR_FSM6CLA1A_PREV,Average Attainment 8 score per disadvantaged pupil - 2024,A5-KS4-Attainment8,KS4 Ages 11 to 16 Mixed sex,36.8
586,KS4_25,ATT8SCR_FSM6CLA1A_PREV2,Average Attainment 8 score per disadvantaged pupil - 2023,A5-KS4-Attainment8,KS4 Ages 11 to 16 Mixed sex,34
587,KS4_25,ATT8SCR_NFSM6CLA1A_PREV,Average Attainment 8 score per non-disadvantaged pupil  - 2024,A5-KS4-Attainment8,KS4 Ages 11 to 16 Mixed sex,56.1
588,KS4_25,ATT8SCR_NFSM6CLA1A_PREV2,Average Attainment 8 score per non-disadvantaged pupil - 2023,A5-KS4-Attainment8,KS4 Ages 11 to 16 Mixed sex,54.1
589,KS4_25,PTEBACC_E_PTQ_EE_PREV,% of  pupils entering all English Baccalaureate subject areas in 2024,A5-KS4-EBacc,KS4 Ages 11 to 16 Mixed sex,80.2%
590,KS4_25,PTEBACC_E_PTQ_EE_PREV2,% of pupils entering all English Baccalaureate subject areas in 2023,A5-KS4-EBacc,KS4 Ages 11 to 16 Mixed sex,80.6%
591,KS4_25,PTEBACC_94_PREV,% of KS4 pupils achieving the Ebacc - with standard 9-4 passes in English and maths in 2024,A5-KS4-EBacc,KS4 Ages 11 to 16 Mixed sex,49.4%
592,KS4_25,PTEBACC_94_PREV2,% of KS4 pupils achieving the Ebacc - with standard 9-4 passes in English and maths in 2023,A5-KS4-EBacc,KS4 Ages 11 to 16 Mixed sex,37.5%
593,KS4_25,PTEBACC_95_PREV,% of KS4 pupils achieving the Ebacc - with strong 9-5 passes in English and maths in 2024,A5-KS4-EBacc,KS4 Ages 11 to 16 Mixed sex,36.4%
594,KS4_25,PTEBACC_95_PREV2,% of KS4 pupils achieving the Ebacc - with strong 9-5 passes in English and maths in 2023,A5-KS4-EBacc,KS4 Ages 11 to 16 Mixed sex,23.0%
595,KS4_25,PTEBACC_EFSM6CLA1A_PTQ_EE_PREV,% of disadvantaged pupils entering all English Baccalaureate subject areas in 2024,A5-KS4-EBacc,KS4 Ages 11 to 16 Mixed sex,58.5%
596,KS4_25,PTEBACC_EFSM6CLA1A_PTQ_EE_PREV2,% of disadvantaged pupils entering all English Baccalaureate subject areas in 2023,A5-KS4-EBacc,KS4 Ages 11 to 16 Mixed sex,54.9%
597,KS4_25,PTEBACC_94_FSM6CLA1A_PREV,% of disadvantaged pupils achieving the English Baccalaureate including 9-4 passes in English and maths in 2024,A5-KS4-EBacc,KS4 Ages 11 to 16 Mixed sex,17.1%
598,KS4_25,PTEBACC_94_FSM6CLA1A_PREV2,% of disadvantaged pupils achieving the English Baccalaureate at grades 9-4 in 2023,A5-KS4-EBacc,KS4 Ages 11 to 16 Mixed sex,11.8%
599,KS4_25,PTEBACC_95_FSM6CLA1A_PREV,% of disadvantaged pupils achieving the English Baccalaureate including 9-5 passes in English and maths in 2024,A5-KS4-EBacc,KS4 Ages 11 to 16 Mixed sex,12.2%
600,KS4_25,PTEBACC_95_FSM6CLA1A_PREV2,% of disadvantaged pupils achieving the English Baccalaureate at grades 9-5 in 2023,A5-KS4-EBacc,KS4 Ages 11 to 16 Mixed sex,2.0%
601,KS4_25,PTEBACC_ENFSM6CLA1A_PTQ_EE_PREV,% of non-disadvantaged pupils entering all English Baccalaureate subject areas in 2024,A5-KS4-EBacc,KS4 Ages 11 to 16 Mixed sex,84.5%
602,KS4_25,PTEBACC_ENFSM6CLA1A_PTQ_EE_PREV2,% of non-disadvantaged pupils entering all English Baccalaureate subject areas in 2023,A5-KS4-EBacc,KS4 Ages 11 to 16 Mixed sex,87.3%
603,KS4_25,PTEBACC_94_NFSM6CLA1A_PREV,% of non-disadvantaged pupils achieving the English Baccalaureate including 9-4 passes in English and maths in 2024,A5-KS4-EBacc,KS4 Ages 11 to 16 Mixed sex,55.8%
604,KS4_25,PTEBACC_94_NFSM6CLA1A_PREV2,% of non-disadvantaged pupils achieving the English Baccalaureate at grade 9-4 in 2023,A5-KS4-EBacc,KS4 Ages 11 to 16 Mixed sex,44.2%
605,KS4_25,PTEBACC_95_NFSM6CLA1A_PREV,% of non-disadvantaged pupils achieving the English Baccalaureate including 9-5 passes in English and maths in 2024,A5-KS4-EBacc,KS4 Ages 11 to 16 Mixed sex,41.3%
606,KS4_25,PTEBACC_95_NFSM6CLA1A_PREV2,% of non-disadvantaged pupils achieving the English Baccalaureate at grade 9-5 in 2023,A5-KS4-EBacc,KS4 Ages 11 to 16 Mixed sex,28.4%
607,KS4_25,PT5EM_94_PREV,% of pupils achieving Level 2 threshold including standard passes 9-4 in both English and Maths GCSEs in 2024,A5-KS4-Grades,KS4 Ages 11 to 16 Mixed sex,70.0%
608,KS4_25,PT5EM_94_PREV2,% of pupils achieving Level 2 threshold including standard passes 9-4 in both English and Maths GCSEs in 2023,A5-KS4-Grades,KS4 Ages 11 to 16 Mixed sex,71.0%
609,KS4_25,PTL2BASICS_94_PREV,% of pupils achieving 9-4 passes in GCSE English and maths in 2024,A5-KS4-Grades,KS4 Ages 11 to 16 Mixed sex,76.1%
610,KS4_25,PTL2BASICS_94_PREV2,% of pupils achieving 9-4 passes in GCSE English and maths in 2023,A5-KS4-Grades,KS4 Ages 11 to 16 Mixed sex,74.2%
611,KS4_25,PTL2BASICS_95_PREV,% of pupils achieving 9-5 passes in GCSE English and maths in 2024,A5-KS4-Grades,KS4 Ages 11 to 16 Mixed sex,60.7%
612,KS4_25,PTL2BASICS_95_PREV2,% of pupils achieving 9-5 passes in GCSE English and maths in 2023,A5-KS4-Grades,KS4 Ages 11 to 16 Mixed sex,55.2%
613,KS4_25,PTFSM6CLA1ABASICS_94_PREV,% of disadvantaged pupils achieving 9-4 passes in GCSE English and maths in 2024,A5-KS4-Grades,KS4 Ages 11 to 16 Mixed sex,48.8%
614,KS4_25,PTFSM6CLA1ABASICS_94_PREV2,% of disadvantaged pupils achieving 9-4 in GCSE English and maths in 2023,A5-KS4-Grades,KS4 Ages 11 to 16 Mixed sex,51.0%
615,KS4_25,PTFSM6CLA1ABASICS_95_PREV,% of disadvantaged pupils achieving 9-5 passes in GCSE English and maths in 2024,A5-KS4-Grades,KS4 Ages 11 to 16 Mixed sex,26.8%
616,KS4_25,PTFSM6CLA1ABASICS_95_PREV2,% of disadvantaged pupils achieving 9-5 passes in GCSE English and maths in 2023,A5-KS4-Grades,KS4 Ages 11 to 16 Mixed sex,21.6%
617,KS4_25,PTNOTFSM6CLA1ABASICS_94_PREV,% of non-disadvantaged pupils achieving 9-4 passes in GCSE English and maths in 2024,A5-KS4-Grades,KS4 Ages 11 to 16 Mixed sex,81.6%
618,KS4_25,PTNOTFSM6CLA1ABASICS_94_PREV2,% of non-disadvantaged pupils achieving 9-4 passes in GCSE English and maths in 2023,A5-KS4-Grades,KS4 Ages 11 to 16 Mixed sex,80.2%
619,KS4_25,PTNOTFSM6CLA1ABASICS_95_PREV,% of non-disadvantaged pupils achieving 9-5 passes in GCSE English and maths in 2024,A5-KS4-Grades,KS4 Ages 11 to 16 Mixed sex,67.5%
620,KS4_25,PTNOTFSM6CLA1ABASICS_95_PREV2,% of non-disadvantaged pupils achieving 9-5 passes in GCSE English and maths in 2023,A5-KS4-Grades,KS4 Ages 11 to 16 Mixed sex,64.0%
621,KS4_25,TFSM6CLA1A_PREV,Number of disadvantaged pupils in 2024,A5-KS4-Cohort,KS4 Ages 11 to 16 Mixed sex,41
622,KS4_25,TFSM6CLA1A_PREV2,Number of disadvantaged pupils at the end of key stage 4 in 2023,A5-KS4-Cohort,KS4 Ages 11 to 16 Mixed sex,51
623,KS4_25,PTFSM6CLA1A_PREV,% of pupils who were disadvantaged in 2024,A5-KS4,KS4 Ages 11 to 16 Mixed sex,16.6%
624,KS4_25,PTFSM6CLA1A_PREV2,% of pupils at the end of key stage 4 who were disadvantaged in 2023,A5-KS4,KS4 Ages 11 to 16 Mixed sex,20.6%
625,KS4_25,TNOTFSM6CLA1A_PREV,Number of non-disadvantaged pupils in 2024,A5-KS4-Cohort,KS4 Ages 11 to 16 Mixed sex,206
626,KS4_25,TNOTFSM6CLA1A_PREV2,Number of non-disadvantaged pupils at the end of key stage 4 in 2023,A5-KS4-Cohort,KS4 Ages 11 to 16 Mixed sex,197
627,KS4_25,PTNOTFSM6CLA1A_PREV,% of pupils who were not disadvantaged in 2024,A5-KS4,KS4 Ages 11 to 16 Mixed sex,83.4%
628,KS4_25,PTNOTFSM6CLA1A_PREV2,% of pupils at the end of key stage 4 who were not disadvantaged in 2023,A5-KS4,KS4 Ages 11 to 16 Mixed sex,79.4%
629,KS4_25,TAVENT_E_3NG_FSM6CLA1A_PTQ_EE_PREV,Average number of KS4 entries per disadvantaged pupil in 2024,A5-KS4,KS4 Ages 11 to 16 Mixed sex,8.3
630,KS4_25,TAVENT_E_3NG_FSM6CLA1A_PTQ_EE_PREV2,Average number of KS4 entries per disadvantaged pupil in 2023,A5-KS4,KS4 Ages 11 to 16 Mixed sex,8.1
631,KS4_25,TAVENT_E_3NG_NFSM6CLA1A_PTQ_EE_PREV,Average number of KS4 entries per non-disadvantaged pupil in 2024,A5-KS4,KS4 Ages 11 to 16 Mixed sex,9.6
632,KS4_25,TAVENT_E_3NG_NFSM6CLA1A_PTQ_EE_PREV2,Average number of KS4 entries per non-disadvantaged pupil in 2023,A5-KS4,KS4 Ages 11 to 16 Mixed sex,9.5
633,KS4_25,TAVENT_GFSM6CLA1A_PTQ_EE_PREV,Average number of GCSE entries per disadvantaged pupil in 2024,A5-KS4,KS4 Ages 11 to 16 Mixed sex,7.6
634,KS4_25,TAVENT_GFSM6CLA1A_PTQ_EE_PREV2,Average number of GCSE entries per disadvantaged pupil in 2023,A5-KS4,KS4 Ages 11 to 16 Mixed sex,7.4
635,KS4_25,TAVENT_GNFSM6CLA1A_PTQ_EE_PREV,Average number of GCSE entries per non-disadvantaged pupil in 2024,A5-KS4,KS4 Ages 11 to 16 Mixed sex,9.1
636,KS4_25,TAVENT_GNFSM6CLA1A_PTQ_EE_PREV2,Average number of GCSE entries per non-disadvantaged pupil in 2023,A5-KS4,KS4 Ages 11 to 16 Mixed sex,9.1
637,KS4_25,EDITION,,A5-KS4,KS4 Ages 11 to 16 Mixed sex,Final
638,KS4_25,TPUP_PREV,,A5-KS4-Cohort,KS4 Ages 11 to 16 Mixed sex,247
639,KS4_25,P8_BANDING_PREV,,A5-KS4-Progress8,KS4 Ages 11 to 16 Mixed sex,2
641,KS4_25,TPUP_PREV2,,A5-KS4-Cohort,KS4 Ages 11 to 16 Mixed sex,248
642,KS4_25,P8_BANDING_PREV2,,A5-KS4-Progress8,KS4 Ages 11 to 16 Mixed sex,2
No,Namespace,Variable,Description,,Category,Value
1,L,URN,School unique reference number,,KS4 + KS5  Ages 11 to 18 Mixed sex,102055
2,L,LANAME,Local authority name,,KS4 + KS5  Ages 11 to 18 Mixed sex,Enfield
3,L,LA,Local authority number,,KS4 + KS5  Ages 11 to 18 Mixed sex,308
4,L,ESTAB,Establishment number,,KS4 + KS5  Ages 11 to 18 Mixed sex,5400
5,L,LAESTAB,DfE number,,KS4 + KS5  Ages 11 to 18 Mixed sex,3085400
6,L,SCHNAME,School name,A1,KS4 + KS5  Ages 11 to 18 Mixed sex,The Latymer School
7,L,STREET,School address (1),A1,KS4 + KS5  Ages 11 to 18 Mixed sex,Haselbury Road
8,L,LOCALITY,School address (2),A1,KS4 + KS5  Ages 11 to 18 Mixed sex,
9,L,ADDRESS3,School address (3),,KS4 + KS5  Ages 11 to 18 Mixed sex,
10,L,TOWN,School town,A1,KS4 + KS5  Ages 11 to 18 Mixed sex,London
11,L,POSTCODE,School postcode,A1,KS4 + KS5  Ages 11 to 18 Mixed sex,N9 9TN
12,L,SCHSTATUS,School open / closed status,A1,KS4 + KS5  Ages 11 to 18 Mixed sex,Open
13,L,OPENDATE,Open date of school (if opened on or after 12 September 2024),A1,KS4 + KS5  Ages 11 to 18 Mixed sex,
14,L,CLOSEDATE,Date the school closed,A1,KS4 + KS5  Ages 11 to 18 Mixed sex,
15,L,MINORGROUP,Type of school / college eg maintained school,A1,KS4 + KS5  Ages 11 to 18 Mixed sex,Maintained school
16,L,SCHOOLTYPE,School Type eg Voluntary Aided school,A1,KS4 + KS5  Ages 11 to 18 Mixed sex,Voluntary aided school
17,L,ISPRIMARY,"Does the school provide primary education? ( 0 = No,A1,,KS4 + KS5  Ages 11 to 18 Mixed sex,0
18,L,ISSECONDARY,"Does the school provide secondary education? ( 0 = No,A1,,KS4 + KS5  Ages 11 to 18 Mixed sex,1
19,L,ISPOST16,"Does the school provide post 16 education? (  0 = No,A1,,KS4 + KS5  Ages 11 to 18 Mixed sex,1
20,L,AGELOW,Lowest age of entry,A1,KS4 + KS5  Ages 11 to 18 Mixed sex,11
21,L,AGEHIGH,Highest age of entry,A1,KS4 + KS5  Ages 11 to 18 Mixed sex,18
22,L,GENDER,Indicates whether it's a mixed or single sex school,A1,KS4 + KS5  Ages 11 to 18 Mixed sex,Mixed
23,L,RELCHAR,Religious character,A1,KS4 + KS5  Ages 11 to 18 Mixed sex,None
24,L,ADMPOL,Admissions Policy,A1,KS4 + KS5  Ages 11 to 18 Mixed sex,Selective
25,CENSUS_25,URN,School Unique Reference Number,,KS4 + KS5  Ages 11 to 18 Mixed sex,102055
26,CENSUS_25,LA,LA number,,KS4 + KS5  Ages 11 to 18 Mixed sex,308
27,CENSUS_25,ESTAB,ESTAB number,,KS4 + KS5  Ages 11 to 18 Mixed sex,5400
28,CENSUS_25,SCHOOLTYPE,Type of school,,KS4 + KS5  Ages 11 to 18 Mixed sex,State-funded secondary
29,CENSUS_25,NOR,Total number of pupils on roll,A4-Census,KS4 + KS5  Ages 11 to 18 Mixed sex,1374
30,CENSUS_25,NORG,Number of girls on roll,A4-Census,KS4 + KS5  Ages 11 to 18 Mixed sex,577
31,CENSUS_25,NORB,Number of boys on roll,A4-Census,KS4 + KS5  Ages 11 to 18 Mixed sex,797
32,CENSUS_25,PNORG,Percentage of girls on roll,A4-Census,KS4 + KS5  Ages 11 to 18 Mixed sex,41.99%
33,CENSUS_25,PNORB,Percentage of boys on roll,A4-Census,KS4 + KS5  Ages 11 to 18 Mixed sex,58.01%
34,CENSUS_25,TSENELSE,Number of eligible pupils with an EHC plan,A4-Census,KS4 + KS5  Ages 11 to 18 Mixed sex,6
35,CENSUS_25,PSENELSE,Percentage of eligible pupils with an EHC plan,A4-Census,KS4 + KS5  Ages 11 to 18 Mixed sex,0.44%
36,CENSUS_25,TSENELK,Number of eligible pupils with SEN support,A4-Census,KS4 + KS5  Ages 11 to 18 Mixed sex,29
37,CENSUS_25,PSENELK,Percentage of eligible pupils with SEN support,A4-Census,KS4 + KS5  Ages 11 to 18 Mixed sex,2.11%
38,CENSUS_25,NUMEAL,No.  pupils where English not first language,A4-Census,KS4 + KS5  Ages 11 to 18 Mixed sex,280
39,CENSUS_25,NUMENGFL,No. pupils with English first language,A4-Census,KS4 + KS5  Ages 11 to 18 Mixed sex,1085
40,CENSUS_25,NUMUNCFL,No. pupils where first language is unclassified,A4-Census,KS4 + KS5  Ages 11 to 18 Mixed sex,9
41,CENSUS_25,PNUMEAL,%  pupils where English not first language,A4-Census,KS4 + KS5  Ages 11 to 18 Mixed sex,20.40%
42,CENSUS_25,PNUMENGFL,% pupils with English first language,A4-Census,KS4 + KS5  Ages 11 to 18 Mixed sex,79.00%
43,CENSUS_25,PNUMUNCLF,,A4-Census,KS4 + KS5  Ages 11 to 18 Mixed sex,0.007
44,CENSUS_25,NUMFSM,No. pupils eligible for free school meals,A4-Census,KS4 + KS5  Ages 11 to 18 Mixed sex,104
45,CENSUS_25,NUMFSMEVER,Number of pupils eligible for FSM at any time during the past 6 years,A4-Census,KS4 + KS5  Ages 11 to 18 Mixed sex,87
46,CENSUS_25,NORFSMEVER,Total pupils for FSMEver,A4-Census,KS4 + KS5  Ages 11 to 18 Mixed sex,957
47,CENSUS_25,PNUMFSMEVER,Percentage of pupils eligible for FSM at any time during the past 6 years,A4-Census,KS4 + KS5  Ages 11 to 18 Mixed sex,9.09%
48,CENSUS_25,EDITION,,,KS4 + KS5  Ages 11 to 18 Mixed sex,Final
49,ABS_24,LA,Local Authority Number,,KS4 + KS5  Ages 11 to 18 Mixed sex,308
50,ABS_24,ESTAB,DfE number of establishment within LA,,KS4 + KS5  Ages 11 to 18 Mixed sex,5400
51,ABS_24,URN,School unique Reference Number,,KS4 + KS5  Ages 11 to 18 Mixed sex,102055
52,ABS_24,PERCTOT,Percentage of overall absence,A6,KS4 + KS5  Ages 11 to 18 Mixed sex,3.5
53,ABS_24,PPERSABS10,Percentage of enrolments who are persistent absentees,A6,KS4 + KS5  Ages 11 to 18 Mixed sex,3.7
54,ABS_24,EDITION,,,KS4 + KS5  Ages 11 to 18 Mixed sex,Final
55,KS4_PUPDEST_25,RECTYPE,Record type,A5-KS4-Destinations,KS4 + KS5  Ages 11 to 18 Mixed sex,1
56,KS4_PUPDEST_25,LEA,Local authority number,A5-KS4-Destinations,KS4 + KS5  Ages 11 to 18 Mixed sex,308
57,KS4_PUPDEST_25,ESTAB,Establishment number,A5-KS4-Destinations,KS4 + KS5  Ages 11 to 18 Mixed sex,5400
58,KS4_PUPDEST_25,URN,School Unique Reference Number,A5-KS4-Destinations,KS4 + KS5  Ages 11 to 18 Mixed sex,102055
59,KS4_PUPDEST_25,ICLOSE,Closed school flag,A5-KS4-Destinations,KS4 + KS5  Ages 11 to 18 Mixed sex,0
60,KS4_PUPDEST_25,SCHNAME,School name,A5-KS4-Destinations,KS4 + KS5  Ages 11 to 18 Mixed sex,The Latymer School
61,KS4_PUPDEST_25,NFTYPE,School type,A5-KS4-Destinations,KS4 + KS5  Ages 11 to 18 Mixed sex,VA
62,KS4_PUPDEST_25,COHORT,Number of pupils completing key stage 4 in 2022/23,A5-KS4-Destinations,KS4 + KS5  Ages 11 to 18 Mixed sex,189
63,KS4_PUPDEST_25,OVERALL_DEST,Pupils staying in education or employment for at least two terms after key stage 4 (number of pupils),A5-KS4-Destinations,KS4 + KS5  Ages 11 to 18 Mixed sex,189
64,KS4_PUPDEST_25,APPREN,Apprenticeships (number of pupils),A5-KS4-Destinations,KS4 + KS5  Ages 11 to 18 Mixed sex,0
65,KS4_PUPDEST_25,EMPLOYMENT,Pupils staying in employment for at least two terms after key stage 4 (number of pupils),A5-KS4-Destinations,KS4 + KS5  Ages 11 to 18 Mixed sex,0
66,KS4_PUPDEST_25,EDUCATION,Pupils staying in education for at least two terms after key stage 4 (number of pupils),A5-KS4-Destinations,KS4 + KS5  Ages 11 to 18 Mixed sex,189
67,KS4_PUPDEST_25,FE,Further education (number of pupils),A5-KS4-Destinations,KS4 + KS5  Ages 11 to 18 Mixed sex,3
68,KS4_PUPDEST_25,SCH_6TH,School sixth form (number of pupils),A5-KS4-Destinations,KS4 + KS5  Ages 11 to 18 Mixed sex,174
69,KS4_PUPDEST_25,SIXTH_COL,Sixth form college (number of pupils),A5-KS4-Destinations,KS4 + KS5  Ages 11 to 18 Mixed sex,10
70,KS4_PUPDEST_25,OTHER_EDU,Other education destination (number of pupils),A5-KS4-Destinations,KS4 + KS5  Ages 11 to 18 Mixed sex,2
71,KS4_PUPDEST_25,NOT_SUSTAINED,Pupils not staying in education or employment for at least two terms after key stage 4 (number of pupils),A5-KS4-Destinations,KS4 + KS5  Ages 11 to 18 Mixed sex,0
72,KS4_PUPDEST_25,UNKNOWN,Activity not captured (number of pupils),A5-KS4-Destinations,KS4 + KS5  Ages 11 to 18 Mixed sex,0
73,KS4_PUPDEST_25,OVERALL_DESTPER,Pupils staying in education or employment for at least two terms after key stage 4 (percentage),A5-KS4-Destinations,KS4 + KS5  Ages 11 to 18 Mixed sex,100%
74,KS4_PUPDEST_25,APPRENPER,Apprenticeships (percentage),A5-KS4-Destinations,KS4 + KS5  Ages 11 to 18 Mixed sex,0%
75,KS4_PUPDEST_25,EMPLOYMENTPER,Pupils staying in employment for at least two terms after key stage 4 (percentage),A5-KS4-Destinations,KS4 + KS5  Ages 11 to 18 Mixed sex,0%
76,KS4_PUPDEST_25,EDUCATIONPER,Pupils staying in education for at least two terms after key stage 4 (percentage),A5-KS4-Destinations,KS4 + KS5  Ages 11 to 18 Mixed sex,100%
77,KS4_PUPDEST_25,FEPER,Further education (percentage),A5-KS4-Destinations,KS4 + KS5  Ages 11 to 18 Mixed sex,2%
78,KS4_PUPDEST_25,SCH_6THPER,School sixth form (percentage),A5-KS4-Destinations,KS4 + KS5  Ages 11 to 18 Mixed sex,92%
79,KS4_PUPDEST_25,SIXTH_COLPER,Sixth form college (percentage),A5-KS4-Destinations,KS4 + KS5  Ages 11 to 18 Mixed sex,5%
80,KS4_PUPDEST_25,OTHER_EDUPER,Other education destination (percentage),A5-KS4-Destinations,KS4 + KS5  Ages 11 to 18 Mixed sex,1%
81,KS4_PUPDEST_25,NOT_SUSTAINEDPER,Pupils not staying in education or employment for at least two terms after key stage 4 (percentage),A5-KS4-Destinations,KS4 + KS5  Ages 11 to 18 Mixed sex,0%
82,KS4_PUPDEST_25,UNKNOWNPER,Activity not captured (percentage),A5-KS4-Destinations,KS4 + KS5  Ages 11 to 18 Mixed sex,0%
83,KS4_PUPDEST_25,COHORT_DIS,Number of disadvantaged pupils completing key stage 4 in 2022/23,A5-KS4-Destinations,KS4 + KS5  Ages 11 to 18 Mixed sex,17
84,KS4_PUPDEST_25,OVERALL_DEST_DIS,Disadvantaged pupils staying in education or employment for at least two terms after key stage 4 (number of pupils),A5-KS4-Destinations,KS4 + KS5  Ages 11 to 18 Mixed sex,17
85,KS4_PUPDEST_25,APPREN_DIS,Apprenticeships (number of pupils),A5-KS4-Destinations,KS4 + KS5  Ages 11 to 18 Mixed sex,0
86,KS4_PUPDEST_25,EMPLOYMENT_DIS,Pupils staying in employment for at least two terms after key stage 4 (number of pupils),A5-KS4-Destinations,KS4 + KS5  Ages 11 to 18 Mixed sex,0
87,KS4_PUPDEST_25,EDUCATION_DIS,Pupils staying in education for at least two terms after key stage 4 (number of pupils),A5-KS4-Destinations,KS4 + KS5  Ages 11 to 18 Mixed sex,17
88,KS4_PUPDEST_25,FE_DIS,Further education (number of pupils),A5-KS4-Destinations,KS4 + KS5  Ages 11 to 18 Mixed sex,SUPP
89,KS4_PUPDEST_25,SCH_6TH_DIS,School sixth form (number of pupils),A5-KS4-Destinations,KS4 + KS5  Ages 11 to 18 Mixed sex,14
90,KS4_PUPDEST_25,SIXTH_COL_DIS,Sixth form college (number of pupils),A5-KS4-Destinations,KS4 + KS5  Ages 11 to 18 Mixed sex,1
91,KS4_PUPDEST_25,OTHER_EDU_DIS,Other education destination (number of pupils),A5-KS4-Destinations,KS4 + KS5  Ages 11 to 18 Mixed sex,SUPP
92,KS4_PUPDEST_25,NOT_SUSTAINED_DIS,Pupils not staying in education or employment for at least two terms after key stage 4 (number of pupils),A5-KS4-Destinations,KS4 + KS5  Ages 11 to 18 Mixed sex,0
93,KS4_PUPDEST_25,UNKNOWN_DIS,Activity not captured (number of pupils),A5-KS4-Destinations,KS4 + KS5  Ages 11 to 18 Mixed sex,0
94,KS4_PUPDEST_25,OVERALL_DESTPER_DIS,Pupils staying in education or employment for at least two terms after key stage 4 (percentage),A5-KS4-Destinations,KS4 + KS5  Ages 11 to 18 Mixed sex,100%
95,KS4_PUPDEST_25,APPRENPER_DIS,Apprenticeships (percentage),A5-KS4-Destinations,KS4 + KS5  Ages 11 to 18 Mixed sex,0%
96,KS4_PUPDEST_25,EMPLOYMENTPER_DIS,Pupils staying in employment for at least two terms after key stage 4 (percentage),A5-KS4-Destinations,KS4 + KS5  Ages 11 to 18 Mixed sex,0%
97,KS4_PUPDEST_25,EDUCATIONPER_DIS,Pupils staying in education for at least two terms after key stage 4 (percentage),A5-KS4-Destinations,KS4 + KS5  Ages 11 to 18 Mixed sex,100%
98,KS4_PUPDEST_25,FEPER_DIS,Further education (percentage),A5-KS4-Destinations,KS4 + KS5  Ages 11 to 18 Mixed sex,SUPP
99,KS4_PUPDEST_25,SCH_6THPER_DIS,School sixth form (percentage),A5-KS4-Destinations,KS4 + KS5  Ages 11 to 18 Mixed sex,82%
100,KS4_PUPDEST_25,SIXTH_COLPER_DIS,Sixth form college (percentage),A5-KS4-Destinations,KS4 + KS5  Ages 11 to 18 Mixed sex,6%
101,KS4_PUPDEST_25,OTHER_EDUPER_DIS,Other education destination (percentage),A5-KS4-Destinations,KS4 + KS5  Ages 11 to 18 Mixed sex,SUPP
102,KS4_PUPDEST_25,NOT_SUSTAINEDPER_DIS,Pupils not staying in education or employment for at least two terms after key stage 4 (percentage),A5-KS4-Destinations,KS4 + KS5  Ages 11 to 18 Mixed sex,0%
103,KS4_PUPDEST_25,UNKNOWNPER_DIS,Activity not captured (percentage),A5-KS4-Destinations,KS4 + KS5  Ages 11 to 18 Mixed sex,0%
104,KS4_PUPDEST_25,COHORT_NONDIS,Number of pupils not identified as disadvantaged (not found to be eligible for pupil premium in year 11) completing key stage 4 in 2022/23,A5-KS4-Destinations,KS4 + KS5  Ages 11 to 18 Mixed sex,172
105,KS4_PUPDEST_25,OVERALL_DEST_NONDIS,Pupils not identified as disadvantaged (not found to be eligible for pupil premium in year 11) staying in education or employment for at least two terms after key stage 4 (number of pupils),A5-KS4-Destinations,KS4 + KS5  Ages 11 to 18 Mixed sex,172
106,KS4_PUPDEST_25,APPREN_NONDIS,Apprenticeships (number of pupils),A5-KS4-Destinations,KS4 + KS5  Ages 11 to 18 Mixed sex,0
107,KS4_PUPDEST_25,EMPLOYMENT_NONDIS,Pupils staying in employment for at least two terms after key stage 4 (number of pupils),A5-KS4-Destinations,KS4 + KS5  Ages 11 to 18 Mixed sex,0
108,KS4_PUPDEST_25,EDUCATION_NONDIS,Pupils staying in education for at least two terms after key stage 4 (number of pupils),A5-KS4-Destinations,KS4 + KS5  Ages 11 to 18 Mixed sex,172
109,KS4_PUPDEST_25,FE_NONDIS,Further education (number of pupils),A5-KS4-Destinations,KS4 + KS5  Ages 11 to 18 Mixed sex,SUPP
110,KS4_PUPDEST_25,SCH_6TH_NONDIS,School sixth form (number of pupils),A5-KS4-Destinations,KS4 + KS5  Ages 11 to 18 Mixed sex,160
111,KS4_PUPDEST_25,SIXTH_COL_NONDIS,Sixth form college (number of pupils),A5-KS4-Destinations,KS4 + KS5  Ages 11 to 18 Mixed sex,9
112,KS4_PUPDEST_25,OTHER_EDU_NONDIS,Other education destination (number of pupils),A5-KS4-Destinations,KS4 + KS5  Ages 11 to 18 Mixed sex,SUPP
113,KS4_PUPDEST_25,NOT_SUSTAINED_NONDIS,Pupils not staying in education or employment for at least two terms after key stage 4 (number of pupils),A5-KS4-Destinations,KS4 + KS5  Ages 11 to 18 Mixed sex,0
114,KS4_PUPDEST_25,UNKNOWN_NONDIS,Activity not captured (number of pupils),A5-KS4-Destinations,KS4 + KS5  Ages 11 to 18 Mixed sex,0
115,KS4_PUPDEST_25,OVERALL_DESTPER_NONDIS,Pupils staying in education or employment for at least two terms after key stage 4 (percentage),A5-KS4-Destinations,KS4 + KS5  Ages 11 to 18 Mixed sex,100%
116,KS4_PUPDEST_25,APPRENPER_NONDIS,Apprenticeships (percentage),A5-KS4-Destinations,KS4 + KS5  Ages 11 to 18 Mixed sex,0%
117,KS4_PUPDEST_25,EMPLOYMENTPER_NONDIS,Pupils staying in employment for at least two terms after key stage 4 (percentage),A5-KS4-Destinations,KS4 + KS5  Ages 11 to 18 Mixed sex,0%
118,KS4_PUPDEST_25,EDUCATIONPER_NONDIS,Pupils staying in education for at least two terms after key stage 4 (percentage),A5-KS4-Destinations,KS4 + KS5  Ages 11 to 18 Mixed sex,100%
119,KS4_PUPDEST_25,FEPER_NONDIS,Further education (percentage),A5-KS4-Destinations,KS4 + KS5  Ages 11 to 18 Mixed sex,SUPP
120,KS4_PUPDEST_25,SCH_6THPER_NONDIS,School sixth form (percentage),A5-KS4-Destinations,KS4 + KS5  Ages 11 to 18 Mixed sex,93%
121,KS4_PUPDEST_25,SIXTH_COLPER_NONDIS,Sixth form college (percentage),A5-KS4-Destinations,KS4 + KS5  Ages 11 to 18 Mixed sex,5%
122,KS4_PUPDEST_25,OTHER_EDUPER_NONDIS,Other education destination (percentage),A5-KS4-Destinations,KS4 + KS5  Ages 11 to 18 Mixed sex,SUPP
123,KS4_PUPDEST_25,NOT_SUSTAINEDPER_NONDIS,Pupils not staying in education or employment for at least two terms after key stage 4 (percentage),A5-KS4-Destinations,KS4 + KS5  Ages 11 to 18 Mixed sex,0%
124,KS4_PUPDEST_25,UNKNOWNPER_NONDIS,Activity not captured (percentage),A5-KS4-Destinations,KS4 + KS5  Ages 11 to 18 Mixed sex,0%
125,KS4_PUPDEST_25,COHORT_22,Number of pupils completing key stage 4 in 2021/22,A5-KS4-Destinations,KS4 + KS5  Ages 11 to 18 Mixed sex,192
126,KS4_PUPDEST_25,OVERALL_DESTPER_22,Pupils staying in education or employment for at least two terms after key stage 4 (percentage) (2021/22 leavers),A5-KS4-Destinations,KS4 + KS5  Ages 11 to 18 Mixed sex,99%
127,KS4_PUPDEST_25,COHORT_DIS_22,Number of disadvantaged pupils completing key stage 4 in 2021/22,A5-KS4-Destinations,KS4 + KS5  Ages 11 to 18 Mixed sex,11
128,KS4_PUPDEST_25,OVERALL_DESTPER_DIS_22,Disadvantaged pupils staying in education or employment for at least two terms after key stage 4 (percentage) (2021/22 leavers),A5-KS4-Destinations,KS4 + KS5  Ages 11 to 18 Mixed sex,SUPP
129,KS4_PUPDEST_25,COHORT_NONDIS_22,Number of pupils not identified as disadvantaged completing key stage 4 in 2021/22,A5-KS4-Destinations,KS4 + KS5  Ages 11 to 18 Mixed sex,181
130,KS4_PUPDEST_25,OVERALL_DESTPER_NONDIS_22,Pupils not identified as disadvantaged staying in education or employment for at least two terms after key stage 4 (percentage) (2021/22 leavers),A5-KS4-Destinations,KS4 + KS5  Ages 11 to 18 Mixed sex,SUPP
131,KS4_PUPDEST_25,COHORT_21,Number of pupils completing key stage 4 in 2020/21,A5-KS4-Destinations,KS4 + KS5  Ages 11 to 18 Mixed sex,192
132,KS4_PUPDEST_25,OVERALL_DESTPER_21,Pupils staying in education or employment for at least two terms after key stage 4 (percentage) ( 2020/21 leavers),A5-KS4-Destinations,KS4 + KS5  Ages 11 to 18 Mixed sex,99%
133,KS4_PUPDEST_25,COHORT_DIS_21,Number of disadvantaged pupils completing key stage 4 in 2020/21,A5-KS4-Destinations,KS4 + KS5  Ages 11 to 18 Mixed sex,14
134,KS4_PUPDEST_25,OVERALL_DESTPER_DIS_21,Disadvantaged pupils staying in education or employment for at least two terms after key stage 4 (percentage) ( 2020/21 leavers),A5-KS4-Destinations,KS4 + KS5  Ages 11 to 18 Mixed sex,100%
135,KS4_PUPDEST_25,COHORT_NONDIS_21,Number of pupils not identified as disadvantaged completing key stage 4 in 2020/21,A5-KS4-Destinations,KS4 + KS5  Ages 11 to 18 Mixed sex,178
136,KS4_PUPDEST_25,OVERALL_DESTPER_NONDIS_21,Pupils not identified as disadvantaged staying in education or employment for at least two terms after key stage 4 (percentage) ( 2020/21 leavers),A5-KS4-Destinations,KS4 + KS5  Ages 11 to 18 Mixed sex,99%
137,KS4_PUPDEST_25,EDITION,,A5-KS4-Destinations,KS4 + KS5  Ages 11 to 18 Mixed sex,Revised
138,KS5_STUDEST_25,RECTYPE,Record type,A5-KS5-Destinations,KS4 + KS5  Ages 11 to 18 Mixed sex,1
139,KS5_STUDEST_25,LEA,Local authority number,A5-KS5-Destinations,KS4 + KS5  Ages 11 to 18 Mixed sex,308
140,KS5_STUDEST_25,ESTAB,Establishment number,A5-KS5-Destinations,KS4 + KS5  Ages 11 to 18 Mixed sex,5400
141,KS5_STUDEST_25,URN,Unique Reference Number of establishment,A5-KS5-Destinations,KS4 + KS5  Ages 11 to 18 Mixed sex,102055
142,KS5_STUDEST_25,SCHNAME,School/college name,A5-KS5-Destinations,KS4 + KS5  Ages 11 to 18 Mixed sex,The Latymer School
143,KS5_STUDEST_25,NFTYPE,School type/FE college type,A5-KS5-Destinations,KS4 + KS5  Ages 11 to 18 Mixed sex,VA
144,KS5_STUDEST_25,FEEDER,Feeder flag,A5-KS5-Destinations,KS4 + KS5  Ages 11 to 18 Mixed sex,0
145,KS5_STUDEST_25,ICLOSE,Closed school/college flag,A5-KS5-Destinations,KS4 + KS5  Ages 11 to 18 Mixed sex,0
146,KS5_STUDEST_25,TOT_COHORT,Number of students who reached the end of 16 to 18 study in 2022/23 (All levels of study),A5-KS5-DestL3,KS4 + KS5  Ages 11 to 18 Mixed sex,190
147,KS5_STUDEST_25,TOT_OVERALL,Staying in education or employment for at least two terms after 16 to 18 study (All levels of study)  (number of students),A5-KS5-DestL3,KS4 + KS5  Ages 11 to 18 Mixed sex,167
148,KS5_STUDEST_25,TOT_APPREN,Staying in apprenticeships for at least 6 months after 16 to 18 study (All levels of study)  (number of students),A5-KS5-DestL3,KS4 + KS5  Ages 11 to 18 Mixed sex,2
149,KS5_STUDEST_25,TOT_EDUCATION,Students staying in education for at least two terms after 16 to 18 study (All levels of study)  (number of students),A5-KS5-DestL3,KS4 + KS5  Ages 11 to 18 Mixed sex,142
150,KS5_STUDEST_25,TOT_FE,Further education (level 3 and below) (All levels of study)  (number of students),A5-KS5-DestL3,KS4 + KS5  Ages 11 to 18 Mixed sex,5
151,KS5_STUDEST_25,TOT_HE,Higher education (level 4 and above) (All levels of study)  (number of students),A5-KS5-DestL3,KS4 + KS5  Ages 11 to 18 Mixed sex,135
152,KS5_STUDEST_25,TOT_OTHER_EDU,Other education destinations (All levels of study)  (number of students),A5-KS5-DestL3,KS4 + KS5  Ages 11 to 18 Mixed sex,2
153,KS5_STUDEST_25,TOT_EMPLOYMENT,Students staying in employment for at least two terms after 16 to 18 study (All levels of study)  (number of students),A5-KS5-DestL3,KS4 + KS5  Ages 11 to 18 Mixed sex,23
154,KS5_STUDEST_25,TOT_NOT_SUSTAINED,Students not staying in education or employment for at least two terms after 16 to 18 study (All levels of study)  (number of students),A5-KS5-DestL3,KS4 + KS5  Ages 11 to 18 Mixed sex,12
155,KS5_STUDEST_25,TOT_NOT_CAPTURED,Activity not captured in data (All levels of study)  (number of students),A5-KS5-DestL3,KS4 + KS5  Ages 11 to 18 Mixed sex,11
156,KS5_STUDEST_25,TOT_OVERALLPER,Staying in education or employment for at least two terms after 16 to 18 study (All levels of study) (percentage),A5-KS5-DestL3,KS4 + KS5  Ages 11 to 18 Mixed sex,88%
157,KS5_STUDEST_25,TOT_APPRENPER,Staying in apprenticeships for at least 6 months after 16 to 18 study (All levels of study) (percentage),A5-KS5-DestL3,KS4 + KS5  Ages 11 to 18 Mixed sex,1%
158,KS5_STUDEST_25,TOT_EDUCATIONPER,Students staying in education for at least two terms after 16 to 18 study (All levels of study) (percentage),A5-KS5-DestL3,KS4 + KS5  Ages 11 to 18 Mixed sex,75%
159,KS5_STUDEST_25,TOT_FEPER,Further education (level 3 and below) (All levels of study) (percentage),A5-KS5-DestL3,KS4 + KS5  Ages 11 to 18 Mixed sex,3%
160,KS5_STUDEST_25,TOT_HEPER,Higher education (level 4 and above) (All levels of study) (percentage),A5-KS5-DestL3,KS4 + KS5  Ages 11 to 18 Mixed sex,71%
161,KS5_STUDEST_25,TOT_OTHER_EDUPER,Other education destinations (All levels of study) (percentage),A5-KS5-DestL3,KS4 + KS5  Ages 11 to 18 Mixed sex,1%
162,KS5_STUDEST_25,TOT_EMPLOYMENTPER,Students staying in employment for at least two terms after 16 to 18 study (All levels of study) (percentage),A5-KS5-DestL3,KS4 + KS5  Ages 11 to 18 Mixed sex,12%
163,KS5_STUDEST_25,TOT_NOT_SUSTAINEDPER,Students not staying in education or employment for at least two terms after 16 to 18 study (All levels of study) (percentage),A5-KS5-DestL3,KS4 + KS5  Ages 11 to 18 Mixed sex,6%
164,KS5_STUDEST_25,TOT_NOT_CAPTUREDPER,Activity not captured in data (All levels of study) (percentage),A5-KS5-DestL3,KS4 + KS5  Ages 11 to 18 Mixed sex,6%
165,KS5_STUDEST_25,TOT_COHORT_DIS,Number of students who reached the end of 16 to 18 study in 2022/23 (All levels of study)  (disadvantaged),A5-KS5-DestL3,KS4 + KS5  Ages 11 to 18 Mixed sex,12
166,KS5_STUDEST_25,TOT_OVERALL_DIS,Staying in education or employment for at least two terms after 16 to 18 study (All levels of study)  (number of students) (disadvantaged),A5-KS5-DestL3,KS4 + KS5  Ages 11 to 18 Mixed sex,9
167,KS5_STUDEST_25,TOT_APPREN_DIS,Staying in apprenticeships for at least 6 months after 16 to 18 study (All levels of study)  (number of students) (disadvantaged),A5-KS5-DestL3,KS4 + KS5  Ages 11 to 18 Mixed sex,0
168,KS5_STUDEST_25,TOT_EDUCATION_DIS,Students staying in education for at least two terms after 16 to 18 study (All levels of study)  (number of students) (disadvantaged),A5-KS5-DestL3,KS4 + KS5  Ages 11 to 18 Mixed sex,9
169,KS5_STUDEST_25,TOT_FE_DIS,Further education (level 3 and below) (All levels of study)  (number of students) (disadvantaged),A5-KS5-DestL3,KS4 + KS5  Ages 11 to 18 Mixed sex,1
170,KS5_STUDEST_25,TOT_HE_DIS,Higher education (level 4 and above) (All levels of study)  (number of students) (disadvantaged),A5-KS5-DestL3,KS4 + KS5  Ages 11 to 18 Mixed sex,8
171,KS5_STUDEST_25,TOT_OTHER_EDU_DIS,Other education destinations (All levels of study)  (number of students) (disadvantaged),A5-KS5-DestL3,KS4 + KS5  Ages 11 to 18 Mixed sex,0
172,KS5_STUDEST_25,TOT_EMPLOYMENT_DIS,Students staying in employment for at least two terms after 16 to 18 study (All levels of study)  (number of students) (disadvantaged),A5-KS5-DestL3,KS4 + KS5  Ages 11 to 18 Mixed sex,0
173,KS5_STUDEST_25,TOT_NOT_SUSTAINED_DIS,Students not staying in education or employment for at least two terms after 16 to 18 study (All levels of study)  (number of students) (disadvantaged),A5-KS5-DestL3,KS4 + KS5  Ages 11 to 18 Mixed sex,2
174,KS5_STUDEST_25,TOT_NOT_CAPTURED_DIS,Activity not captured in data (All levels of study)  (number of students) (disadvantaged),A5-KS5-DestL3,KS4 + KS5  Ages 11 to 18 Mixed sex,1
175,KS5_STUDEST_25,TOT_OVERALLPER_DIS,Staying in education or employment for at least two terms after 16 to 18 study (All levels of study) (percentage) (disadvantaged),A5-KS5-DestL3,KS4 + KS5  Ages 11 to 18 Mixed sex,75%
176,KS5_STUDEST_25,TOT_APPRENPER_DIS,Staying in apprenticeships for at least 6 months after 16 to 18 study (All levels of study) (percentage) (disadvantaged),A5-KS5-DestL3,KS4 + KS5  Ages 11 to 18 Mixed sex,0%
177,KS5_STUDEST_25,TOT_EDUCATIONPER_DIS,Students staying in education for at least two terms after 16 to 18 study (All levels of study) (percentage) (disadvantaged),A5-KS5-DestL3,KS4 + KS5  Ages 11 to 18 Mixed sex,75%
178,KS5_STUDEST_25,TOT_FEPER_DIS,Further education (level 3 and below) (All levels of study) (percentage) (disadvantaged),A5-KS5-DestL3,KS4 + KS5  Ages 11 to 18 Mixed sex,8%
179,KS5_STUDEST_25,TOT_HEPER_DIS,Higher education (level 4 and above) (All levels of study) (percentage) (disadvantaged),A5-KS5-DestL3,KS4 + KS5  Ages 11 to 18 Mixed sex,67%
180,KS5_STUDEST_25,TOT_OTHER_EDUPER_DIS,Other education destinations (All levels of study) (percentage) (disadvantaged),A5-KS5-DestL3,KS4 + KS5  Ages 11 to 18 Mixed sex,0%
181,KS5_STUDEST_25,TOT_EMPLOYMENTPER_DIS,Students staying in employment for at least two terms after 16 to 18 study (All levels of study) (percentage) (disadvantaged),A5-KS5-DestL3,KS4 + KS5  Ages 11 to 18 Mixed sex,0%
182,KS5_STUDEST_25,TOT_NOT_SUSTAINEDPER_DIS,Students not staying in education or employment for at least two terms after 16 to 18 study (All levels of study) (percentage) (disadvantaged),A5-KS5-DestL3,KS4 + KS5  Ages 11 to 18 Mixed sex,17%
183,KS5_STUDEST_25,TOT_NOT_CAPTUREDPER_DIS,Activity not captured in data (All levels of study) (percentage) (disadvantaged),A5-KS5-DestL3,KS4 + KS5  Ages 11 to 18 Mixed sex,8%
184,KS5_STUDEST_25,TOT_COHORT_NONDIS,Number of students who reached the end of 16 to 18 study in 2022/23 (All levels of study)  (not identified as disadvantaged),A5-KS5-DestL3,KS4 + KS5  Ages 11 to 18 Mixed sex,178
185,KS5_STUDEST_25,TOT_OVERALL_NONDIS,Staying in education or employment for at least two terms after 16 to 18 study (All levels of study)  (number of students) (not identified as disadvantaged),A5-KS5-DestL3,KS4 + KS5  Ages 11 to 18 Mixed sex,158
186,KS5_STUDEST_25,TOT_APPREN_NONDIS,Staying in apprenticeships for at least 6 months after 16 to 18 study (All levels of study)  (number of students) (not identified as disadvantaged),A5-KS5-DestL3,KS4 + KS5  Ages 11 to 18 Mixed sex,2
187,KS5_STUDEST_25,TOT_EDUCATION_NONDIS,Students staying in education for at least two terms after 16 to 18 study (All levels of study)  (number of students) (not identified as disadvantaged),A5-KS5-DestL3,KS4 + KS5  Ages 11 to 18 Mixed sex,133
188,KS5_STUDEST_25,TOT_FE_NONDIS,Further education (level 3 and below) (All levels of study)  (number of students) (not identified as disadvantaged),A5-KS5-DestL3,KS4 + KS5  Ages 11 to 18 Mixed sex,4
189,KS5_STUDEST_25,TOT_HE_NONDIS,Higher education (level 4 and above) (All levels of study)  (number of students) (not identified as disadvantaged),A5-KS5-DestL3,KS4 + KS5  Ages 11 to 18 Mixed sex,127
190,KS5_STUDEST_25,TOT_OTHER_EDU_NONDIS,Other education destinations (All levels of study)  (number of students) (not identified as disadvantaged),A5-KS5-DestL3,KS4 + KS5  Ages 11 to 18 Mixed sex,2
191,KS5_STUDEST_25,TOT_EMPLOYMENT_NONDIS,Students staying in employment for at least two terms after 16 to 18 study (All levels of study)  (number of students) (not identified as disadvantaged),A5-KS5-DestL3,KS4 + KS5  Ages 11 to 18 Mixed sex,23
192,KS5_STUDEST_25,TOT_NOT_SUSTAINED_NONDIS,Students not staying in education or employment for at least two terms after 16 to 18 study (All levels of study)  (number of students) (not identified as disadvantaged),A5-KS5-DestL3,KS4 + KS5  Ages 11 to 18 Mixed sex,10
193,KS5_STUDEST_25,TOT_NOT_CAPTURED_NONDIS,Activity not captured in data (All levels of study)  (number of students) (not identified as disadvantaged),A5-KS5-DestL3,KS4 + KS5  Ages 11 to 18 Mixed sex,10
194,KS5_STUDEST_25,TOT_OVERALLPER_NONDIS,Staying in education or employment for at least two terms after 16 to 18 study (All levels of study) (percentage) (not identified as disadvantaged),A5-KS5-DestL3,KS4 + KS5  Ages 11 to 18 Mixed sex,89%
195,KS5_STUDEST_25,TOT_APPRENPER_NONDIS,Staying in apprenticeships for at least 6 months after 16 to 18 study (All levels of study) (percentage) (not identified as disadvantaged),A5-KS5-DestL3,KS4 + KS5  Ages 11 to 18 Mixed sex,1%
196,KS5_STUDEST_25,TOT_EDUCATIONPER_NONDIS,Students staying in education for at least two terms after 16 to 18 study (All levels of study) (percentage) (not identified as disadvantaged),A5-KS5-DestL3,KS4 + KS5  Ages 11 to 18 Mixed sex,75%
197,KS5_STUDEST_25,TOT_FEPER_NONDIS,Further education (level 3 and below) (All levels of study) (percentage) (not identified as disadvantaged),A5-KS5-DestL3,KS4 + KS5  Ages 11 to 18 Mixed sex,2%
198,KS5_STUDEST_25,TOT_HEPER_NONDIS,Higher education (level 4 and above) (All levels of study) (percentage) (not identified as disadvantaged),A5-KS5-DestL3,KS4 + KS5  Ages 11 to 18 Mixed sex,71%
199,KS5_STUDEST_25,TOT_OTHER_EDUPER_NONDIS,Other education destinations (All levels of study) (percentage) (not identified as disadvantaged),A5-KS5-DestL3,KS4 + KS5  Ages 11 to 18 Mixed sex,1%
200,KS5_STUDEST_25,TOT_EMPLOYMENTPER_NONDIS,Students staying in employment for at least two terms after 16 to 18 study (All levels of study) (percentage) (not identified as disadvantaged),A5-KS5-DestL3,KS4 + KS5  Ages 11 to 18 Mixed sex,13%
201,KS5_STUDEST_25,TOT_NOT_SUSTAINEDPER_NONDIS,Students not staying in education or employment for at least two terms after 16 to 18 study (All levels of study) (percentage) (not identified as disadvantaged),A5-KS5-DestL3,KS4 + KS5  Ages 11 to 18 Mixed sex,6%
202,KS5_STUDEST_25,TOT_NOT_CAPTUREDPER_NONDIS,Activity not captured in data (All levels of study) (percentage) (not identified as disadvantaged),A5-KS5-DestL3,KS4 + KS5  Ages 11 to 18 Mixed sex,6%
203,KS5_STUDEST_25,L3_COHORT,Number of students who reached the end of 16 to 18 study in 2022/23 (Level 3),A5-KS5-DestL3,KS4 + KS5  Ages 11 to 18 Mixed sex,190
204,KS5_STUDEST_25,L3_OVERALL,Staying in education or employment for at least two terms after 16 to 18 study (Level 3)  (number of students),A5-KS5-DestL3,KS4 + KS5  Ages 11 to 18 Mixed sex,167
205,KS5_STUDEST_25,L3_APPREN,Staying in apprenticeships for at least 6 months after 16 to 18 study (Level 3)  (number of students),A5-KS5-DestL3,KS4 + KS5  Ages 11 to 18 Mixed sex,2
206,KS5_STUDEST_25,L3_EDUCATION,Students staying in education for at least two terms after 16 to 18 study (Level 3)  (number of students),A5-KS5-DestL3,KS4 + KS5  Ages 11 to 18 Mixed sex,142
207,KS5_STUDEST_25,L3_FE,Further education (level 3 and below) (Level 3)  (number of students),A5-KS5-DestL3,KS4 + KS5  Ages 11 to 18 Mixed sex,5
208,KS5_STUDEST_25,L3_HE,Higher education (level 4 and above) (Level 3)  (number of students),A5-KS5-DestL3,KS4 + KS5  Ages 11 to 18 Mixed sex,135
209,KS5_STUDEST_25,L3_OTHER_EDU,Other education destinations (Level 3)  (number of students),A5-KS5-DestL3,KS4 + KS5  Ages 11 to 18 Mixed sex,2
210,KS5_STUDEST_25,L3_EMPLOYMENT,Students staying in employment for at least two terms after 16 to 18 study (Level 3)  (number of students),A5-KS5-DestL3,KS4 + KS5  Ages 11 to 18 Mixed sex,23
211,KS5_STUDEST_25,L3_NOT_SUSTAINED,Students not staying in education or employment for at least two terms after 16 to 18 study (Level 3)  (number of students),A5-KS5-DestL3,KS4 + KS5  Ages 11 to 18 Mixed sex,12
212,KS5_STUDEST_25,L3_NOT_CAPTURED,Activity not captured in data (Level 3)  (number of students),A5-KS5-DestL3,KS4 + KS5  Ages 11 to 18 Mixed sex,11
213,KS5_STUDEST_25,L3_OVERALLPER,Staying in education or employment for at least two terms after 16 to 18 study (Level 3) (percentage),A5-KS5-DestL3,KS4 + KS5  Ages 11 to 18 Mixed sex,88%
214,KS5_STUDEST_25,L3_APPRENPER,Staying in apprenticeships for at least 6 months after 16 to 18 study (Level 3) (percentage),A5-KS5-DestL3,KS4 + KS5  Ages 11 to 18 Mixed sex,1%
215,KS5_STUDEST_25,L3_EDUCATIONPER,Students staying in education for at least two terms after 16 to 18 study (Level 3) (percentage),A5-KS5-DestL3,KS4 + KS5  Ages 11 to 18 Mixed sex,75%
216,KS5_STUDEST_25,L3_FEPER,Further education (level 3 and below) (Level 3) (percentage),A5-KS5-DestL3,KS4 + KS5  Ages 11 to 18 Mixed sex,3%
217,KS5_STUDEST_25,L3_HEPER,Higher education (level 4 and above) (Level 3) (percentage),A5-KS5-DestL3,KS4 + KS5  Ages 11 to 18 Mixed sex,71%
218,KS5_STUDEST_25,L3_OTHER_EDUPER,Other education destinations (Level 3) (percentage),A5-KS5-DestL3,KS4 + KS5  Ages 11 to 18 Mixed sex,1%
219,KS5_STUDEST_25,L3_EMPLOYMENTPER,Students staying in employment for at least two terms after 16 to 18 study (Level 3) (percentage),A5-KS5-DestL3,KS4 + KS5  Ages 11 to 18 Mixed sex,12%
220,KS5_STUDEST_25,L3_NOT_SUSTAINEDPER,Students not staying in education or employment for at least two terms after 16 to 18 study (Level 3) (percentage),A5-KS5-DestL3,KS4 + KS5  Ages 11 to 18 Mixed sex,6%
221,KS5_STUDEST_25,L3_NOT_CAPTUREDPER,Activity not captured in data (Level 3) (percentage),A5-KS5-DestL3,KS4 + KS5  Ages 11 to 18 Mixed sex,6%
222,KS5_STUDEST_25,L3_COHORT_DIS,Number of students who reached the end of 16 to 18 study in 2022/23 (Level 3)  (disadvantaged),A5-KS5-DestL3,KS4 + KS5  Ages 11 to 18 Mixed sex,12
223,KS5_STUDEST_25,L3_OVERALL_DIS,Staying in education or employment for at least two terms after 16 to 18 study (Level 3)  (number of students) (disadvantaged),A5-KS5-DestL3,KS4 + KS5  Ages 11 to 18 Mixed sex,9
224,KS5_STUDEST_25,L3_APPREN_DIS,Staying in apprenticeships for at least 6 months after 16 to 18 study (Level 3)  (number of students) (disadvantaged),A5-KS5-DestL3,KS4 + KS5  Ages 11 to 18 Mixed sex,0
225,KS5_STUDEST_25,L3_EDUCATION_DIS,Students staying in education for at least two terms after 16 to 18 study (Level 3)  (number of students) (disadvantaged),A5-KS5-DestL3,KS4 + KS5  Ages 11 to 18 Mixed sex,9
226,KS5_STUDEST_25,L3_FE_DIS,Further education (level 3 and below) (Level 3)  (number of students) (disadvantaged),A5-KS5-DestL3,KS4 + KS5  Ages 11 to 18 Mixed sex,1
227,KS5_STUDEST_25,L3_HE_DIS,Higher education (level 4 and above) (Level 3)  (number of students) (disadvantaged),A5-KS5-DestL3,KS4 + KS5  Ages 11 to 18 Mixed sex,8
228,KS5_STUDEST_25,L3_OTHER_EDU_DIS,Other education destinations (Level 3)  (number of students) (disadvantaged),A5-KS5-DestL3,KS4 + KS5  Ages 11 to 18 Mixed sex,0
229,KS5_STUDEST_25,L3_EMPLOYMENT_DIS,Students staying in employment for at least two terms after 16 to 18 study (Level 3)  (number of students) (disadvantaged),A5-KS5-DestL3,KS4 + KS5  Ages 11 to 18 Mixed sex,0
230,KS5_STUDEST_25,L3_NOT_SUSTAINED_DIS,Students not staying in education or employment for at least two terms after 16 to 18 study (Level 3)  (number of students) (disadvantaged),A5-KS5-DestL3,KS4 + KS5  Ages 11 to 18 Mixed sex,2
231,KS5_STUDEST_25,L3_NOT_CAPTURED_DIS,Activity not captured in data (Level 3)  (number of students) (disadvantaged),A5-KS5-DestL3,KS4 + KS5  Ages 11 to 18 Mixed sex,1
232,KS5_STUDEST_25,L3_OVERALLPER_DIS,Staying in education or employment for at least two terms after 16 to 18 study (Level 3) (percentage) (disadvantaged),A5-KS5-DestL3,KS4 + KS5  Ages 11 to 18 Mixed sex,75%
233,KS5_STUDEST_25,L3_APPRENPER_DIS,Staying in apprenticeships for at least 6 months after 16 to 18 study (Level 3) (percentage) (disadvantaged),A5-KS5-DestL3,KS4 + KS5  Ages 11 to 18 Mixed sex,0%
234,KS5_STUDEST_25,L3_EDUCATIONPER_DIS,Students staying in education for at least two terms after 16 to 18 study (Level 3) (percentage) (disadvantaged),A5-KS5-DestL3,KS4 + KS5  Ages 11 to 18 Mixed sex,75%
235,KS5_STUDEST_25,L3_FEPER_DIS,Further education (level 3 and below) (Level 3) (percentage) (disadvantaged),A5-KS5-DestL3,KS4 + KS5  Ages 11 to 18 Mixed sex,8%
236,KS5_STUDEST_25,L3_HEPER_DIS,Higher education (level 4 and above) (Level 3) (percentage) (disadvantaged),A5-KS5-DestL3,KS4 + KS5  Ages 11 to 18 Mixed sex,67%
237,KS5_STUDEST_25,L3_OTHER_EDUPER_DIS,Other education destinations (Level 3) (percentage) (disadvantaged),A5-KS5-DestL3,KS4 + KS5  Ages 11 to 18 Mixed sex,0%
238,KS5_STUDEST_25,L3_EMPLOYMENTPER_DIS,Students staying in employment for at least two terms after 16 to 18 study (Level 3) (percentage) (disadvantaged),A5-KS5-DestL3,KS4 + KS5  Ages 11 to 18 Mixed sex,0%
239,KS5_STUDEST_25,L3_NOT_SUSTAINEDPER_DIS,Students not staying in education or employment for at least two terms after 16 to 18 study (Level 3) (percentage) (disadvantaged),A5-KS5-DestL3,KS4 + KS5  Ages 11 to 18 Mixed sex,17%
240,KS5_STUDEST_25,L3_NOT_CAPTUREDPER_DIS,Activity not captured in data (Level 3) (percentage) (disadvantaged),A5-KS5-DestL3,KS4 + KS5  Ages 11 to 18 Mixed sex,8%
241,KS5_STUDEST_25,L3_COHORT_NONDIS,Number of students who reached the end of 16 to 18 study in 2022/23 (Level 3)  (not identified as disadvantaged),A5-KS5-DestL3,KS4 + KS5  Ages 11 to 18 Mixed sex,178
242,KS5_STUDEST_25,L3_OVERALL_NONDIS,Staying in education or employment for at least two terms after 16 to 18 study (Level 3)  (number of students) (not identified as disadvantaged),A5-KS5-DestL3,KS4 + KS5  Ages 11 to 18 Mixed sex,158
243,KS5_STUDEST_25,L3_APPREN_NONDIS,Staying in apprenticeships for at least 6 months after 16 to 18 study (Level 3)  (number of students) (not identified as disadvantaged),A5-KS5-DestL3,KS4 + KS5  Ages 11 to 18 Mixed sex,2
244,KS5_STUDEST_25,L3_EDUCATION_NONDIS,Students staying in education for at least two terms after 16 to 18 study (Level 3)  (number of students) (not identified as disadvantaged),A5-KS5-DestL3,KS4 + KS5  Ages 11 to 18 Mixed sex,133
245,KS5_STUDEST_25,L3_FE_NONDIS,Further education (level 3 and below) (Level 3)  (number of students) (not identified as disadvantaged),A5-KS5-DestL3,KS4 + KS5  Ages 11 to 18 Mixed sex,4
246,KS5_STUDEST_25,L3_HE_NONDIS,Higher education (level 4 and above) (Level 3)  (number of students) (not identified as disadvantaged),A5-KS5-DestL3,KS4 + KS5  Ages 11 to 18 Mixed sex,127
247,KS5_STUDEST_25,L3_OTHER_EDU_NONDIS,Other education destinations (Level 3)  (number of students) (not identified as disadvantaged),A5-KS5-DestL3,KS4 + KS5  Ages 11 to 18 Mixed sex,2
248,KS5_STUDEST_25,L3_EMPLOYMENT_NONDIS,Students staying in employment for at least two terms after 16 to 18 study (Level 3)  (number of students) (not identified as disadvantaged),A5-KS5-DestL3,KS4 + KS5  Ages 11 to 18 Mixed sex,23
249,KS5_STUDEST_25,L3_NOT_SUSTAINED_NONDIS,Students not staying in education or employment for at least two terms after 16 to 18 study (Level 3)  (number of students) (not identified as disadvantaged),A5-KS5-DestL3,KS4 + KS5  Ages 11 to 18 Mixed sex,10
250,KS5_STUDEST_25,L3_NOT_CAPTURED_NONDIS,Activity not captured in data (Level 3)  (number of students) (not identified as disadvantaged),A5-KS5-DestL3,KS4 + KS5  Ages 11 to 18 Mixed sex,10
251,KS5_STUDEST_25,L3_OVERALLPER_NONDIS,Staying in education or employment for at least two terms after 16 to 18 study (Level 3) (percentage) (not identified as disadvantaged),A5-KS5-DestL3,KS4 + KS5  Ages 11 to 18 Mixed sex,89%
252,KS5_STUDEST_25,L3_APPRENPER_NONDIS,Staying in apprenticeships for at least 6 months after 16 to 18 study (Level 3) (percentage) (not identified as disadvantaged),A5-KS5-DestL3,KS4 + KS5  Ages 11 to 18 Mixed sex,1%
253,KS5_STUDEST_25,L3_EDUCATIONPER_NONDIS,Students staying in education for at least two terms after 16 to 18 study (Level 3) (percentage) (not identified as disadvantaged),A5-KS5-DestL3,KS4 + KS5  Ages 11 to 18 Mixed sex,75%
254,KS5_STUDEST_25,L3_FEPER_NONDIS,Further education (level 3 and below) (Level 3) (percentage) (not identified as disadvantaged),A5-KS5-DestL3,KS4 + KS5  Ages 11 to 18 Mixed sex,2%
255,KS5_STUDEST_25,L3_HEPER_NONDIS,Higher education (level 4 and above) (Level 3) (percentage) (not identified as disadvantaged),A5-KS5-DestL3,KS4 + KS5  Ages 11 to 18 Mixed sex,71%
256,KS5_STUDEST_25,L3_OTHER_EDUPER_NONDIS,Other education destinations (Level 3) (percentage) (not identified as disadvantaged),A5-KS5-DestL3,KS4 + KS5  Ages 11 to 18 Mixed sex,1%
257,KS5_STUDEST_25,L3_EMPLOYMENTPER_NONDIS,Students staying in employment for at least two terms after 16 to 18 study (Level 3) (percentage) (not identified as disadvantaged),A5-KS5-DestL3,KS4 + KS5  Ages 11 to 18 Mixed sex,13%
258,KS5_STUDEST_25,L3_NOT_SUSTAINEDPER_NONDIS,Students not staying in education or employment for at least two terms after 16 to 18 study (Level 3) (percentage) (not identified as disadvantaged),A5-KS5-DestL3,KS4 + KS5  Ages 11 to 18 Mixed sex,6%
259,KS5_STUDEST_25,L3_NOT_CAPTUREDPER_NONDIS,Activity not captured in data (Level 3) (percentage) (not identified as disadvantaged),A5-KS5-DestL3,KS4 + KS5  Ages 11 to 18 Mixed sex,6%
260,KS5_STUDEST_25,L2_COHORT,Number of students who reached the end of 16 to 18 study in 2022/23 (Level 2),A5-KS5-DestL2,KS4 + KS5  Ages 11 to 18 Mixed sex,NA
261,KS5_STUDEST_25,L2_OVERALL,Staying in education or employment for at least two terms after 16 to 18 study (Level 2)  (number of students),A5-KS5-DestL2,KS4 + KS5  Ages 11 to 18 Mixed sex,NA
262,KS5_STUDEST_25,L2_APPREN,Staying in apprenticeships for at least 6 months after 16 to 18 study (Level 2)  (number of students),A5-KS5-DestL2,KS4 + KS5  Ages 11 to 18 Mixed sex,NA
263,KS5_STUDEST_25,L2_EDUCATION,Students staying in education for at least two terms after 16 to 18 study (Level 2)  (number of students),A5-KS5-DestL2,KS4 + KS5  Ages 11 to 18 Mixed sex,NA
264,KS5_STUDEST_25,L2_FE,Further education (level 3 and below) (Level 2)  (number of students),A5-KS5-DestL2,KS4 + KS5  Ages 11 to 18 Mixed sex,NA
265,KS5_STUDEST_25,L2_HE,Higher education (level 4 and above) (Level 2)  (number of students),A5-KS5-DestL2,KS4 + KS5  Ages 11 to 18 Mixed sex,NA
266,KS5_STUDEST_25,L2_OTHER_EDU,Other education destinations (Level 2)  (number of students),A5-KS5-DestL2,KS4 + KS5  Ages 11 to 18 Mixed sex,NA
267,KS5_STUDEST_25,L2_EMPLOYMENT,Students staying in employment for at least two terms after 16 to 18 study (Level 2)  (number of students),A5-KS5-DestL2,KS4 + KS5  Ages 11 to 18 Mixed sex,NA
268,KS5_STUDEST_25,L2_NOT_SUSTAINED,Students not staying in education or employment for at least two terms after 16 to 18 study (Level 2)  (number of students),A5-KS5-DestL2,KS4 + KS5  Ages 11 to 18 Mixed sex,NA
269,KS5_STUDEST_25,L2_NOT_CAPTURED,Activity not captured in data (Level 2)  (number of students),A5-KS5-DestL2,KS4 + KS5  Ages 11 to 18 Mixed sex,NA
270,KS5_STUDEST_25,L2_OVERALLPER,Staying in education or employment for at least two terms after 16 to 18 study (Level 2) (percentage),A5-KS5-DestL2,KS4 + KS5  Ages 11 to 18 Mixed sex,NA
271,KS5_STUDEST_25,L2_APPRENPER,Staying in apprenticeships for at least 6 months after 16 to 18 study (Level 2) (percentage),A5-KS5-DestL2,KS4 + KS5  Ages 11 to 18 Mixed sex,NA
272,KS5_STUDEST_25,L2_EDUCATIONPER,Students staying in education for at least two terms after 16 to 18 study (Level 2) (percentage),A5-KS5-DestL2,KS4 + KS5  Ages 11 to 18 Mixed sex,NA
273,KS5_STUDEST_25,L2_FEPER,Further education (level 3 and below) (Level 2) (percentage),A5-KS5-DestL2,KS4 + KS5  Ages 11 to 18 Mixed sex,NA
274,KS5_STUDEST_25,L2_HEPER,Higher education (level 4 and above) (Level 2) (percentage),A5-KS5-DestL2,KS4 + KS5  Ages 11 to 18 Mixed sex,NA
275,KS5_STUDEST_25,L2_OTHER_EDUPER,Other education destinations (Level 2) (percentage),A5-KS5-DestL2,KS4 + KS5  Ages 11 to 18 Mixed sex,NA
276,KS5_STUDEST_25,L2_EMPLOYMENTPER,Students staying in employment for at least two terms after 16 to 18 study (Level 2) (percentage),A5-KS5-DestL2,KS4 + KS5  Ages 11 to 18 Mixed sex,NA
277,KS5_STUDEST_25,L2_NOT_SUSTAINEDPER,Students not staying in education or employment for at least two terms after 16 to 18 study (Level 2) (percentage),A5-KS5-DestL2,KS4 + KS5  Ages 11 to 18 Mixed sex,NA
278,KS5_STUDEST_25,L2_NOT_CAPTUREDPER,Activity not captured in data (Level 2) (percentage),A5-KS5-DestL2,KS4 + KS5  Ages 11 to 18 Mixed sex,NA
279,KS5_STUDEST_25,L2_COHORT_DIS,Number of students who reached the end of 16 to 18 study in 2022/23 (Level 2)  (disadvantaged),A5-KS5-DestL2,KS4 + KS5  Ages 11 to 18 Mixed sex,NA
280,KS5_STUDEST_25,L2_OVERALL_DIS,Staying in education or employment for at least two terms after 16 to 18 study (Level 2)  (number of students) (disadvantaged),A5-KS5-DestL2,KS4 + KS5  Ages 11 to 18 Mixed sex,NA
281,KS5_STUDEST_25,L2_APPREN_DIS,Staying in apprenticeships for at least 6 months after 16 to 18 study (Level 2)  (number of students) (disadvantaged),A5-KS5-DestL2,KS4 + KS5  Ages 11 to 18 Mixed sex,NA
282,KS5_STUDEST_25,L2_EDUCATION_DIS,Students staying in education for at least two terms after 16 to 18 study (Level 2)  (number of students) (disadvantaged),A5-KS5-DestL2,KS4 + KS5  Ages 11 to 18 Mixed sex,NA
283,KS5_STUDEST_25,L2_FE_DIS,Further education (level 3 and below) (Level 2)  (number of students) (disadvantaged),A5-KS5-DestL2,KS4 + KS5  Ages 11 to 18 Mixed sex,NA
284,KS5_STUDEST_25,L2_HE_DIS,Higher education (level 4 and above) (Level 2)  (number of students) (disadvantaged),A5-KS5-DestL2,KS4 + KS5  Ages 11 to 18 Mixed sex,NA
285,KS5_STUDEST_25,L2_OTHER_EDU_DIS,Other education destinations (Level 2)  (number of students) (disadvantaged),A5-KS5-DestL2,KS4 + KS5  Ages 11 to 18 Mixed sex,NA
286,KS5_STUDEST_25,L2_EMPLOYMENT_DIS,Students staying in employment for at least two terms after 16 to 18 study (Level 2)  (number of students) (disadvantaged),A5-KS5-DestL2,KS4 + KS5  Ages 11 to 18 Mixed sex,NA
287,KS5_STUDEST_25,L2_NOT_SUSTAINED_DIS,Students not staying in education or employment for at least two terms after 16 to 18 study (Level 2)  (number of students) (disadvantaged),A5-KS5-DestL2,KS4 + KS5  Ages 11 to 18 Mixed sex,NA
288,KS5_STUDEST_25,L2_NOT_CAPTURED_DIS,Activity not captured in data (Level 2)  (number of students) (disadvantaged),A5-KS5-DestL2,KS4 + KS5  Ages 11 to 18 Mixed sex,NA
289,KS5_STUDEST_25,L2_OVERALLPER_DIS,Staying in education or employment for at least two terms after 16 to 18 study (Level 2) (percentage) (disadvantaged),A5-KS5-DestL2,KS4 + KS5  Ages 11 to 18 Mixed sex,NA
290,KS5_STUDEST_25,L2_APPRENPER_DIS,Staying in apprenticeships for at least 6 months after 16 to 18 study (Level 2) (percentage) (disadvantaged),A5-KS5-DestL2,KS4 + KS5  Ages 11 to 18 Mixed sex,NA
291,KS5_STUDEST_25,L2_EDUCATIONPER_DIS,Students staying in education for at least two terms after 16 to 18 study (Level 2) (percentage) (disadvantaged),A5-KS5-DestL2,KS4 + KS5  Ages 11 to 18 Mixed sex,NA
292,KS5_STUDEST_25,L2_FEPER_DIS,Further education (level 3 and below) (Level 2) (percentage) (disadvantaged),A5-KS5-DestL2,KS4 + KS5  Ages 11 to 18 Mixed sex,NA
293,KS5_STUDEST_25,L2_HEPER_DIS,Higher education (level 4 and above) (Level 2) (percentage) (disadvantaged),A5-KS5-DestL2,KS4 + KS5  Ages 11 to 18 Mixed sex,NA
294,KS5_STUDEST_25,L2_OTHER_EDUPER_DIS,Other education destinations (Level 2) (percentage) (disadvantaged),A5-KS5-DestL2,KS4 + KS5  Ages 11 to 18 Mixed sex,NA
295,KS5_STUDEST_25,L2_EMPLOYMENTPER_DIS,Students staying in employment for at least two terms after 16 to 18 study (Level 2) (percentage) (disadvantaged),A5-KS5-DestL2,KS4 + KS5  Ages 11 to 18 Mixed sex,NA
296,KS5_STUDEST_25,L2_NOT_SUSTAINEDPER_DIS,Students not staying in education or employment for at least two terms after 16 to 18 study (Level 2) (percentage) (disadvantaged),A5-KS5-DestL2,KS4 + KS5  Ages 11 to 18 Mixed sex,NA
297,KS5_STUDEST_25,L2_NOT_CAPTUREDPER_DIS,Activity not captured in data (Level 2) (percentage) (disadvantaged),A5-KS5-DestL2,KS4 + KS5  Ages 11 to 18 Mixed sex,NA
298,KS5_STUDEST_25,L2_COHORT_NONDIS,Number of students who reached the end of 16 to 18 study in 2022/23 (Level 2)  (not identified as disadvantaged),A5-KS5-DestL2,KS4 + KS5  Ages 11 to 18 Mixed sex,NA
299,KS5_STUDEST_25,L2_OVERALL_NONDIS,Staying in education or employment for at least two terms after 16 to 18 study (Level 2)  (number of students) (not identified as disadvantaged),A5-KS5-DestL2,KS4 + KS5  Ages 11 to 18 Mixed sex,NA
300,KS5_STUDEST_25,L2_APPREN_NONDIS,Staying in apprenticeships for at least 6 months after 16 to 18 study (Level 2)  (number of students) (not identified as disadvantaged),A5-KS5-DestL2,KS4 + KS5  Ages 11 to 18 Mixed sex,NA
301,KS5_STUDEST_25,L2_EDUCATION_NONDIS,Students staying in education for at least two terms after 16 to 18 study (Level 2)  (number of students) (not identified as disadvantaged),A5-KS5-DestL2,KS4 + KS5  Ages 11 to 18 Mixed sex,NA
302,KS5_STUDEST_25,L2_FE_NONDIS,Further education (level 3 and below) (Level 2)  (number of students) (not identified as disadvantaged),A5-KS5-DestL2,KS4 + KS5  Ages 11 to 18 Mixed sex,NA
303,KS5_STUDEST_25,L2_HE_NONDIS,Higher education (level 4 and above) (Level 2)  (number of students) (not identified as disadvantaged),A5-KS5-DestL2,KS4 + KS5  Ages 11 to 18 Mixed sex,NA
304,KS5_STUDEST_25,L2_OTHER_EDU_NONDIS,Other education destinations (Level 2)  (number of students) (not identified as disadvantaged),A5-KS5-DestL2,KS4 + KS5  Ages 11 to 18 Mixed sex,NA
305,KS5_STUDEST_25,L2_EMPLOYMENT_NONDIS,Students staying in employment for at least two terms after 16 to 18 study (Level 2)  (number of students) (not identified as disadvantaged),A5-KS5-DestL2,KS4 + KS5  Ages 11 to 18 Mixed sex,NA
306,KS5_STUDEST_25,L2_NOT_SUSTAINED_NONDIS,Students not staying in education or employment for at least two terms after 16 to 18 study (Level 2)  (number of students) (not identified as disadvantaged),A5-KS5-DestL2,KS4 + KS5  Ages 11 to 18 Mixed sex,NA
307,KS5_STUDEST_25,L2_NOT_CAPTURED_NONDIS,Activity not captured in data (Level 2)  (number of students) (not identified as disadvantaged),A5-KS5-DestL2,KS4 + KS5  Ages 11 to 18 Mixed sex,NA
308,KS5_STUDEST_25,L2_OVERALLPER_NONDIS,Staying in education or employment for at least two terms after 16 to 18 study (Level 2) (percentage) (not identified as disadvantaged),A5-KS5-DestL2,KS4 + KS5  Ages 11 to 18 Mixed sex,NA
309,KS5_STUDEST_25,L2_APPRENPER_NONDIS,Staying in apprenticeships for at least 6 months after 16 to 18 study (Level 2) (percentage) (not identified as disadvantaged),A5-KS5-DestL2,KS4 + KS5  Ages 11 to 18 Mixed sex,NA
310,KS5_STUDEST_25,L2_EDUCATIONPER_NONDIS,Students staying in education for at least two terms after 16 to 18 study (Level 2) (percentage) (not identified as disadvantaged),A5-KS5-DestL2,KS4 + KS5  Ages 11 to 18 Mixed sex,NA
311,KS5_STUDEST_25,L2_FEPER_NONDIS,Further education (level 3 and below) (Level 2) (percentage) (not identified as disadvantaged),A5-KS5-DestL2,KS4 + KS5  Ages 11 to 18 Mixed sex,NA
312,KS5_STUDEST_25,L2_HEPER_NONDIS,Higher education (level 4 and above) (Level 2) (percentage) (not identified as disadvantaged),A5-KS5-DestL2,KS4 + KS5  Ages 11 to 18 Mixed sex,NA
313,KS5_STUDEST_25,L2_OTHER_EDUPER_NONDIS,Other education destinations (Level 2) (percentage) (not identified as disadvantaged),A5-KS5-DestL2,KS4 + KS5  Ages 11 to 18 Mixed sex,NA
314,KS5_STUDEST_25,L2_EMPLOYMENTPER_NONDIS,Students staying in employment for at least two terms after 16 to 18 study (Level 2) (percentage) (not identified as disadvantaged),A5-KS5-DestL2,KS4 + KS5  Ages 11 to 18 Mixed sex,NA
315,KS5_STUDEST_25,L2_NOT_SUSTAINEDPER_NONDIS,Students not staying in education or employment for at least two terms after 16 to 18 study (Level 2) (percentage) (not identified as disadvantaged),A5-KS5-DestL2,KS4 + KS5  Ages 11 to 18 Mixed sex,NA
316,KS5_STUDEST_25,L2_NOT_CAPTUREDPER_NONDIS,Activity not captured in data (Level 2) (percentage) (not identified as disadvantaged),A5-KS5-DestL2,KS4 + KS5  Ages 11 to 18 Mixed sex,NA
317,KS5_STUDEST_25,LALLOTH_COHORT,"Number of students who reached the end of 16 to 18 study in 2022/23 (L1,A5-KS5-DestL2,,KS4 + KS5  Ages 11 to 18 Mixed sex,NA
318,KS5_STUDEST_25,LALLOTH_OVERALL,"Staying in education or employment for at least two terms after 16 to 18 study (L1,A5-KS5-DestL2,,KS4 + KS5  Ages 11 to 18 Mixed sex,NA
319,KS5_STUDEST_25,LALLOTH_APPREN,"Staying in apprenticeships for at least 6 months after 16 to 18 study (L1,A5-KS5-DestL2,,KS4 + KS5  Ages 11 to 18 Mixed sex,NA
320,KS5_STUDEST_25,LALLOTH_EDUCATION,"Students staying in education for at least two terms after 16 to 18 study (L1,A5-KS5-DestL2,,KS4 + KS5  Ages 11 to 18 Mixed sex,NA
321,KS5_STUDEST_25,LALLOTH_FE,"Further education (level 3 and below) (L1,A5-KS5-DestL2,,KS4 + KS5  Ages 11 to 18 Mixed sex,NA
322,KS5_STUDEST_25,LALLOTH_HE,"Higher education (level 4 and above) (L1,A5-KS5-DestL2,,KS4 + KS5  Ages 11 to 18 Mixed sex,NA
323,KS5_STUDEST_25,LALLOTH_OTHER_EDU,"Other education destinations (L1,A5-KS5-DestL2,,KS4 + KS5  Ages 11 to 18 Mixed sex,NA
324,KS5_STUDEST_25,LALLOTH_EMPLOYMENT,"Students staying in employment for at least two terms after 16 to 18 study (L1,A5-KS5-DestL2,,KS4 + KS5  Ages 11 to 18 Mixed sex,NA
325,KS5_STUDEST_25,LALLOTH_NOT_SUSTAINED,"Students not staying in education or employment for at least two terms after 16 to 18 study (L1,A5-KS5-DestL2,,KS4 + KS5  Ages 11 to 18 Mixed sex,NA
326,KS5_STUDEST_25,LALLOTH_NOT_CAPTURED,"Activity not captured in data (L1,A5-KS5-DestL2,,KS4 + KS5  Ages 11 to 18 Mixed sex,NA
327,KS5_STUDEST_25,LALLOTH_OVERALLPER,"Staying in education or employment for at least two terms after 16 to 18 study (L1,A5-KS5-DestL2,,KS4 + KS5  Ages 11 to 18 Mixed sex,NA
328,KS5_STUDEST_25,LALLOTH_APPRENPER,"Staying in apprenticeships for at least 6 months after 16 to 18 study (L1,A5-KS5-DestL2,,KS4 + KS5  Ages 11 to 18 Mixed sex,NA
329,KS5_STUDEST_25,LALLOTH_EDUCATIONPER,"Students staying in education for at least two terms after 16 to 18 study (L1,A5-KS5-DestL2,,KS4 + KS5  Ages 11 to 18 Mixed sex,NA
330,KS5_STUDEST_25,LALLOTH_FEPER,"Further education (level 3 and below) (L1,A5-KS5-DestL2,,KS4 + KS5  Ages 11 to 18 Mixed sex,NA
331,KS5_STUDEST_25,LALLOTH_HEPER,"Higher education (level 4 and above) (L1,A5-KS5-DestL2,,KS4 + KS5  Ages 11 to 18 Mixed sex,NA
332,KS5_STUDEST_25,LALLOTH_OTHER_EDUPER,"Other education destinations (L1,A5-KS5-DestL2,,KS4 + KS5  Ages 11 to 18 Mixed sex,NA
333,KS5_STUDEST_25,LALLOTH_EMPLOYMENTPER,"Students staying in employment for at least two terms after 16 to 18 study (L1,A5-KS5-DestL2,,KS4 + KS5  Ages 11 to 18 Mixed sex,NA
334,KS5_STUDEST_25,LALLOTH_NOT_SUSTAINEDPER,"Students not staying in education or employment for at least two terms after 16 to 18 study (L1,A5-KS5-DestL2,,KS4 + KS5  Ages 11 to 18 Mixed sex,NA
335,KS5_STUDEST_25,LALLOTH_NOT_CAPTUREDPER,"Activity not captured in data (L1,A5-KS5-DestL2,,KS4 + KS5  Ages 11 to 18 Mixed sex,NA
336,KS5_STUDEST_25,LALLOTH_COHORT_DIS,"Number of students who reached the end of 16 to 18 study in 2022/23 (L1,A5-KS5-DestL2,,KS4 + KS5  Ages 11 to 18 Mixed sex,NA
337,KS5_STUDEST_25,LALLOTH_OVERALL_DIS,"Staying in education or employment for at least two terms after 16 to 18 study (L1,A5-KS5-DestL2,,KS4 + KS5  Ages 11 to 18 Mixed sex,NA
338,KS5_STUDEST_25,LALLOTH_APPREN_DIS,"Staying in apprenticeships for at least 6 months after 16 to 18 study (L1,A5-KS5-DestL2,,KS4 + KS5  Ages 11 to 18 Mixed sex,NA
339,KS5_STUDEST_25,LALLOTH_EDUCATION_DIS,"Students staying in education for at least two terms after 16 to 18 study (L1,A5-KS5-DestL2,,KS4 + KS5  Ages 11 to 18 Mixed sex,NA
340,KS5_STUDEST_25,LALLOTH_FE_DIS,"Further education (level 3 and below) (L1,A5-KS5-DestL2,,KS4 + KS5  Ages 11 to 18 Mixed sex,NA
341,KS5_STUDEST_25,LALLOTH_HE_DIS,"Higher education (level 4 and above) (L1,A5-KS5-DestL2,,KS4 + KS5  Ages 11 to 18 Mixed sex,NA
342,KS5_STUDEST_25,LALLOTH_OTHER_EDU_DIS,"Other education destinations (L1,A5-KS5-DestL2,,KS4 + KS5  Ages 11 to 18 Mixed sex,NA
343,KS5_STUDEST_25,LALLOTH_EMPLOYMENT_DIS,"Students staying in employment for at least two terms after 16 to 18 study (L1,A5-KS5-DestL2,,KS4 + KS5  Ages 11 to 18 Mixed sex,NA
344,KS5_STUDEST_25,LALLOTH_NOT_SUSTAINED_DIS,"Students not staying in education or employment for at least two terms after 16 to 18 study (L1,A5-KS5-DestL2,,KS4 + KS5  Ages 11 to 18 Mixed sex,NA
345,KS5_STUDEST_25,LALLOTH_NOT_CAPTURED_DIS,"Activity not captured in data (L1,A5-KS5-DestL2,,KS4 + KS5  Ages 11 to 18 Mixed sex,NA
346,KS5_STUDEST_25,LALLOTH_OVERALLPER_DIS,"Staying in education or employment for at least two terms after 16 to 18 study (L1,A5-KS5-DestL2,,KS4 + KS5  Ages 11 to 18 Mixed sex,NA
347,KS5_STUDEST_25,LALLOTH_APPRENPER_DIS,"Staying in apprenticeships for at least 6 months after 16 to 18 study (L1,A5-KS5-DestL2,,KS4 + KS5  Ages 11 to 18 Mixed sex,NA
348,KS5_STUDEST_25,LALLOTH_EDUCATIONPER_DIS,"Students staying in education for at least two terms after 16 to 18 study (L1,A5-KS5-DestL2,,KS4 + KS5  Ages 11 to 18 Mixed sex,NA
349,KS5_STUDEST_25,LALLOTH_FEPER_DIS,"Further education (level 3 and below) (L1,A5-KS5-DestL2,,KS4 + KS5  Ages 11 to 18 Mixed sex,NA
350,KS5_STUDEST_25,LALLOTH_HEPER_DIS,"Higher education (level 4 and above) (L1,A5-KS5-DestL2,,KS4 + KS5  Ages 11 to 18 Mixed sex,NA
351,KS5_STUDEST_25,LALLOTH_OTHER_EDUPER_DIS,"Other education destinations (L1,A5-KS5-DestL2,,KS4 + KS5  Ages 11 to 18 Mixed sex,NA
352,KS5_STUDEST_25,LALLOTH_EMPLOYMENTPER_DIS,"Students staying in employment for at least two terms after 16 to 18 study (L1,A5-KS5-DestL2,,KS4 + KS5  Ages 11 to 18 Mixed sex,NA
353,KS5_STUDEST_25,LALLOTH_NOT_SUSTAINEDPER_DIS,"Students not staying in education or employment for at least two terms after 16 to 18 study (L1,A5-KS5-DestL2,,KS4 + KS5  Ages 11 to 18 Mixed sex,NA
354,KS5_STUDEST_25,LALLOTH_NOT_CAPTUREDPER_DIS,"Activity not captured in data (L1,A5-KS5-DestL2,,KS4 + KS5  Ages 11 to 18 Mixed sex,NA
355,KS5_STUDEST_25,LALLOTH_COHORT_NONDIS,"Number of students who reached the end of 16 to 18 study in 2022/23 (L1,A5-KS5-DestL2,,KS4 + KS5  Ages 11 to 18 Mixed sex,NA
356,KS5_STUDEST_25,LALLOTH_OVERALL_NONDIS,"Staying in education or employment for at least two terms after 16 to 18 study (L1,A5-KS5-DestL2,,KS4 + KS5  Ages 11 to 18 Mixed sex,NA
357,KS5_STUDEST_25,LALLOTH_APPREN_NONDIS,"Staying in apprenticeships for at least 6 months after 16 to 18 study (L1,A5-KS5-DestL2,,KS4 + KS5  Ages 11 to 18 Mixed sex,NA
358,KS5_STUDEST_25,LALLOTH_EDUCATION_NONDIS,"Students staying in education for at least two terms after 16 to 18 study (L1,A5-KS5-DestL2,,KS4 + KS5  Ages 11 to 18 Mixed sex,NA
359,KS5_STUDEST_25,LALLOTH_FE_NONDIS,"Further education (level 3 and below) (L1,A5-KS5-DestL2,,KS4 + KS5  Ages 11 to 18 Mixed sex,NA
360,KS5_STUDEST_25,LALLOTH_HE_NONDIS,"Higher education (level 4 and above) (L1,A5-KS5-DestL2,,KS4 + KS5  Ages 11 to 18 Mixed sex,NA
361,KS5_STUDEST_25,LALLOTH_OTHER_EDU_NONDIS,"Other education destinations (L1,A5-KS5-DestL2,,KS4 + KS5  Ages 11 to 18 Mixed sex,NA
362,KS5_STUDEST_25,LALLOTH_EMPLOYMENT_NONDIS,"Students staying in employment for at least two terms after 16 to 18 study (L1,A5-KS5-DestL2,,KS4 + KS5  Ages 11 to 18 Mixed sex,NA
363,KS5_STUDEST_25,LALLOTH_NOT_SUSTAINED_NONDIS,"Students not staying in education or employment for at least two terms after 16 to 18 study (L1,A5-KS5-DestL2,,KS4 + KS5  Ages 11 to 18 Mixed sex,NA
364,KS5_STUDEST_25,LALLOTH_NOT_CAPTURED_NONDIS,"Activity not captured in data (L1,A5-KS5-DestL2,,KS4 + KS5  Ages 11 to 18 Mixed sex,NA
365,KS5_STUDEST_25,LALLOTH_OVERALLPER_NONDIS,"Staying in education or employment for at least two terms after 16 to 18 study (L1,A5-KS5-DestL2,,KS4 + KS5  Ages 11 to 18 Mixed sex,NA
366,KS5_STUDEST_25,LALLOTH_APPRENPER_NONDIS,"Staying in apprenticeships for at least 6 months after 16 to 18 study (L1,A5-KS5-DestL2,,KS4 + KS5  Ages 11 to 18 Mixed sex,NA
367,KS5_STUDEST_25,LALLOTH_EDUCATIONPER_NONDIS,"Students staying in education for at least two terms after 16 to 18 study (L1,A5-KS5-DestL2,,KS4 + KS5  Ages 11 to 18 Mixed sex,NA
368,KS5_STUDEST_25,LALLOTH_FEPER_NONDIS,"Further education (level 3 and below) (L1,A5-KS5-DestL2,,KS4 + KS5  Ages 11 to 18 Mixed sex,NA
369,KS5_STUDEST_25,LALLOTH_HEPER_NONDIS,"Higher education (level 4 and above) (L1,A5-KS5-DestL2,,KS4 + KS5  Ages 11 to 18 Mixed sex,NA
370,KS5_STUDEST_25,LALLOTH_OTHER_EDUPER_NONDIS,"Other education destinations (L1,A5-KS5-DestL2,,KS4 + KS5  Ages 11 to 18 Mixed sex,NA
371,KS5_STUDEST_25,LALLOTH_EMPLOYMENTPER_NONDIS,"Students staying in employment for at least two terms after 16 to 18 study (L1,A5-KS5-DestL2,,KS4 + KS5  Ages 11 to 18 Mixed sex,NA
372,KS5_STUDEST_25,LALLOTH_NOT_SUSTAINEDPER_NONDIS,"Students not staying in education or employment for at least two terms after 16 to 18 study (L1,A5-KS5-DestL2,,KS4 + KS5  Ages 11 to 18 Mixed sex,NA
373,KS5_STUDEST_25,LALLOTH_NOT_CAPTUREDPER_NONDIS,"Activity not captured in data (L1,A5-KS5-DestL2,,KS4 + KS5  Ages 11 to 18 Mixed sex,NA
374,KS5_STUDEST_25,EDITION,,A5-KS5-Destinations,KS4 + KS5  Ages 11 to 18 Mixed sex,Revised
375,KS5_STUDEST_25,ALL_COHORT,Cohort size,A5-KS5-DestProg,KS4 + KS5  Ages 11 to 18 Mixed sex,209
376,KS5_STUDEST_25,ALL_PROGRESSED,Progressed,A5-KS5-DestProg,KS4 + KS5  Ages 11 to 18 Mixed sex,96%
377,KS5_STUDEST_25,ALL_APPREN,Apprenticeships,A5-KS5-DestProg,KS4 + KS5  Ages 11 to 18 Mixed sex,2%
378,KS5_STUDEST_25,ALL_HE,HE,A5-KS5-DestProg,KS4 + KS5  Ages 11 to 18 Mixed sex,92%
379,KS5_STUDEST_25,ALL_TOP3RD,Top third,A5-KS5-DestProg,KS4 + KS5  Ages 11 to 18 Mixed sex,74%
380,KS5_STUDEST_25,ALL_HTECH,Higher technical,A5-KS5-DestProg,KS4 + KS5  Ages 11 to 18 Mixed sex,1%
381,KS5_STUDEST_25,ACADAGEN_COHORT,Cohort size for academic/applied general cohort,A5-KS5-DestProg,KS4 + KS5  Ages 11 to 18 Mixed sex,209
382,KS5_STUDEST_25,ACADAGEN_PROGRESSED,Progressed for academic/applied general cohort,A5-KS5-DestProg,KS4 + KS5  Ages 11 to 18 Mixed sex,96%
383,KS5_STUDEST_25,TLEV_COHORT,Cohort size for TLEV cohort,A5-KS5-DestProg,KS4 + KS5  Ages 11 to 18 Mixed sex,0
384,KS5_STUDEST_25,TLEV_PROGRESSED,Progressed for TLEV cohort,A5-KS5-DestProg,KS4 + KS5  Ages 11 to 18 Mixed sex,0%
385,KS5_STUDEST_25,OTHER_COHORT,Cohort size for other level 3 qualifications cohort,A5-KS5-DestProg,KS4 + KS5  Ages 11 to 18 Mixed sex,0
386,KS5_STUDEST_25,OTHER_PROGRESSED,Progressed for other level 3 qualifications cohort,A5-KS5-DestProg,KS4 + KS5  Ages 11 to 18 Mixed sex,0%
387,KS5_STUDEST_25,DIS_PROGRESSED,Progressed for disadvantaged students,A5-KS5-DestProg,KS4 + KS5  Ages 11 to 18 Mixed sex,93%
388,KS5_STUDEST_25,DIS_APPREN,Apprenticeships for disadvantaged students,A5-KS5-DestProg,KS4 + KS5  Ages 11 to 18 Mixed sex,13%
389,KS5_STUDEST_25,DIS_HE,HE for disadvantaged students,A5-KS5-DestProg,KS4 + KS5  Ages 11 to 18 Mixed sex,73%
390,KS5_STUDEST_25,DIS_TOP3RD,Top third for disadvantaged students,A5-KS5-DestProg,KS4 + KS5  Ages 11 to 18 Mixed sex,40%
391,KS5_STUDEST_25,DIS_HTECH,Higher technical for disadvantaged students,A5-KS5-DestProg,KS4 + KS5  Ages 11 to 18 Mixed sex,7%
392,KS4_25,YEAR,,A5-KS4,KS4 + KS5  Ages 11 to 18 Mixed sex,2025
393,KS4_25,RECTYPE,Record type (1=mainstream school; 2=special school; 4=local authority; 5=National (all schools); 7=National (maintained schools)),A5-KS4,KS4 + KS5  Ages 11 to 18 Mixed sex,1
394,KS4_25,LEA,Local authority code (see separate list of local authorities and their codes),A5-KS4,KS4 + KS5  Ages 11 to 18 Mixed sex,308
395,KS4_25,ESTAB,Establishment number,A5-KS4,KS4 + KS5  Ages 11 to 18 Mixed sex,5400
396,KS4_25,URN,School Unique Reference Number,A5-KS4,KS4 + KS5  Ages 11 to 18 Mixed sex,102055
397,KS4_25,SCHNAME,School name,A5-KS4,KS4 + KS5  Ages 11 to 18 Mixed sex,The Latymer School
398,KS4_25,SCHNAME_AC,School now known as (used if the school has converted to an academy on or after 12 Sept 2024),A5-KS4,KS4 + KS5  Ages 11 to 18 Mixed sex,
399,KS4_25,ADDRESS1,School address (1),A5-KS4,KS4 + KS5  Ages 11 to 18 Mixed sex,Haselbury Road
400,KS4_25,ADDRESS2,School address (2),A5-KS4,KS4 + KS5  Ages 11 to 18 Mixed sex,
401,KS4_25,ADDRESS3,School address (3),A5-KS4,KS4 + KS5  Ages 11 to 18 Mixed sex,
402,KS4_25,TOWN,School town,A5-KS4,KS4 + KS5  Ages 11 to 18 Mixed sex,London
403,KS4_25,PCODE,School postcode,A5-KS4,KS4 + KS5  Ages 11 to 18 Mixed sex,N9 9TN
404,KS4_25,TELNUM,School telephone number,A5-KS4,KS4 + KS5  Ages 11 to 18 Mixed sex,2088074037
405,KS4_25,PCON_CODE,Parliamentary constituency code,A5-KS4,KS4 + KS5  Ages 11 to 18 Mixed sex,E14001221
406,KS4_25,PCON_NAME,Parliamentary constituency name,A5-KS4,KS4 + KS5  Ages 11 to 18 Mixed sex,Edmonton and Winchmore Hill
407,KS4_25,CONTFLAG,Contingency flag - school results 'significantly affected'. This field is zero for all schools.,A5-KS4,KS4 + KS5  Ages 11 to 18 Mixed sex,0
408,KS4_25,ICLOSE,"Closed school flag (0=open; 1=closed; 2=open,A5-KS4,,KS4 + KS5  Ages 11 to 18 Mixed sex,0
409,KS4_25,NFTYPE,School type (see separate list of abbreviations used in the tables),A5-KS4,KS4 + KS5  Ages 11 to 18 Mixed sex,VA
410,KS4_25,RELDENOM,School religious character,A5-KS4,KS4 + KS5  Ages 11 to 18 Mixed sex,None
411,KS4_25,ADMPOL,School admissions policy (self-declared by schools on Get Information About Schools),A5-KS4,KS4 + KS5  Ages 11 to 18 Mixed sex,SEL
412,KS4_25,ADMPOL_PT,School admissions policy - new definition from 2019,A5-KS4,KS4 + KS5  Ages 11 to 18 Mixed sex,SEL
413,KS4_25,EGENDER,School gender of entry,A5-KS4,KS4 + KS5  Ages 11 to 18 Mixed sex,MIXED
414,KS4_25,FEEDER,Indicates whether school is a feeder school for sixth form centre/consortia (0=No; 1=Yes),A5-KS4,KS4 + KS5  Ages 11 to 18 Mixed sex,0
415,KS4_25,AGERANGE,Age range,A5-KS4,KS4 + KS5  Ages 11 to 18 Mixed sex,11 to 18
416,KS4_25,TOTPUPS,Number of pupils on roll (all ages),A5-KS4,KS4 + KS5  Ages 11 to 18 Mixed sex,1374
417,KS4_25,NUMBOYS,Total boys on roll (including part-time pupils),A5-KS4,KS4 + KS5  Ages 11 to 18 Mixed sex,797
418,KS4_25,NUMGIRLS,Total girls on roll (including part-time pupils),A5-KS4,KS4 + KS5  Ages 11 to 18 Mixed sex,577
419,KS4_25,TPUP,Number of pupils at the end of key stage 4,A5-KS4-Cohort,KS4 + KS5  Ages 11 to 18 Mixed sex,191
420,KS4_25,BPUP,Number of boys at the end of key stage 4,A5-KS4-Cohort,KS4 + KS5  Ages 11 to 18 Mixed sex,125
421,KS4_25,PBPUP,% of pupils at the end of key stage 4 who are boys,A5-KS4-Cohort,KS4 + KS5  Ages 11 to 18 Mixed sex,65.40%
422,KS4_25,GPUP,Number of girls at the end of key stage 4,A5-KS4-Cohort,KS4 + KS5  Ages 11 to 18 Mixed sex,66
423,KS4_25,PGPUP,% of pupils at the end key stage 4 who are girls,A5-KS4-Cohort,KS4 + KS5  Ages 11 to 18 Mixed sex,34.60%
424,KS4_25,KS2ASS,KS4 cohort average KS2 Scaled Score (average of English reading and maths),A5-KS4,KS4 + KS5  Ages 11 to 18 Mixed sex,NA
425,KS4_25,TPRIORLO,Number of pupils at the end of key stage 4 with low prior attainment at the end of key stage 2,A5-KS4,KS4 + KS5  Ages 11 to 18 Mixed sex,NA
426,KS4_25,PTPRIORLO,% of pupils at the end of key stage 4 with low prior attainment at the end of key stage 2,A5-KS4,KS4 + KS5  Ages 11 to 18 Mixed sex,NA
427,KS4_25,TPRIORAV,Number of pupils at the end of key stage 4 with middle prior attainment at the end of key stage 2,A5-KS4,KS4 + KS5  Ages 11 to 18 Mixed sex,NA
428,KS4_25,PTPRIORAV,% of pupils at the end of key stage 4 with middle prior attainment at the end of key stage 2,A5-KS4,KS4 + KS5  Ages 11 to 18 Mixed sex,NA
429,KS4_25,TPRIORHI,Number of pupils at the end of key stage 4 with high prior attainment at the end of key stage 2,A5-KS4,KS4 + KS5  Ages 11 to 18 Mixed sex,NA
430,KS4_25,PTPRIORHI,% of pupils at the end of key stage 4 with high prior attainment at the end of key stage 2,A5-KS4,KS4 + KS5  Ages 11 to 18 Mixed sex,NA
431,KS4_25,TFSM6CLA1A,Number of disadvantaged pupils at the end of key stage 4,A5-KS4-Cohort,KS4 + KS5  Ages 11 to 18 Mixed sex,14
432,KS4_25,PTFSM6CLA1A,% of pupils at the end of key stage 4 who are disadvantaged,A5-KS4-Cohort,KS4 + KS5  Ages 11 to 18 Mixed sex,7.30%
433,KS4_25,TNOTFSM6CLA1A,Number of non-disadvantaged pupils at the end of key stage 4,A5-KS4-Cohort,KS4 + KS5  Ages 11 to 18 Mixed sex,177
434,KS4_25,PTNOTFSM6CLA1A,% of pupils at the end of key stage 4 who are not disadvantaged,A5-KS4-Cohort,KS4 + KS5  Ages 11 to 18 Mixed sex,92.70%
435,KS4_25,TEALGRP2,Number of pupils at the end of key stage 4 with English as additional language (EAL),A5-KS4-Cohort,KS4 + KS5  Ages 11 to 18 Mixed sex,42
436,KS4_25,PTEALGRP2,% of pupils at the end of key stage 4 with English as additional language (EAL),A5-KS4-Cohort,KS4 + KS5  Ages 11 to 18 Mixed sex,22.00%
437,KS4_25,TEALGRP1,Number of pupils at the end of key stage 4 with English as their first language,A5-KS4-Cohort,KS4 + KS5  Ages 11 to 18 Mixed sex,149
438,KS4_25,PTEALGRP1,% of pupils at the end of key stage 4 with English as their first language,A5-KS4-Cohort,KS4 + KS5  Ages 11 to 18 Mixed sex,78.00%
439,KS4_25,TEALGRP3,Number of pupils at the end of key stage 4 whose first language is unclassified,A5-KS4-Cohort,KS4 + KS5  Ages 11 to 18 Mixed sex,0
440,KS4_25,PTEALGRP3,% of pupils at the end of key stage 4 whose first language is unclassified,A5-KS4-Cohort,KS4 + KS5  Ages 11 to 18 Mixed sex,0.00%
441,KS4_25,TNMOB,Number of pupils at the end of key stage 4 who are non-mobile,A5-KS4-Cohort,KS4 + KS5  Ages 11 to 18 Mixed sex,191
442,KS4_25,PTNMOB,% of pupils at the end of key stage 4 who are non-mobile,A5-KS4-Cohort,KS4 + KS5  Ages 11 to 18 Mixed sex,100.00%
443,KS4_25,SENE4,"Number of pupils at the end of key stage 4 with special educational needs (SEN) with an Education,A5-KS4,,KS4 + KS5  Ages 11 to 18 Mixed sex,2
444,KS4_25,PSENE4,"% of pupils at the end of key stage 4 with special educational needs (SEN) with an Education,A5-KS4,,KS4 + KS5  Ages 11 to 18 Mixed sex,1.00%
445,KS4_25,SEN_ALL4,"Number of pupils at the end of key stage 4 with special educational needs (SEN) including those with or without an Education,A5-KS4,,KS4 + KS5  Ages 11 to 18 Mixed sex,5
446,KS4_25,PSEN_ALL4,"% of pupils at the end of key stage 4 with special educational needs (SEN) including those with or without an Education,A5-KS4,,KS4 + KS5  Ages 11 to 18 Mixed sex,2.60%
447,KS4_25,SENK4,"Number of pupils at the end of key stage 4 with special educational needs (SEN) without an Education,A5-KS4,,KS4 + KS5  Ages 11 to 18 Mixed sex,3
448,KS4_25,PSENK4,"% of pupils at the end of key stage 4 with special educational needs (SEN) without an Education,A5-KS4,,KS4 + KS5  Ages 11 to 18 Mixed sex,1.60%
449,KS4_25,TOTATT8,Total sum of Attainment 8 scores,A5-KS4,KS4 + KS5  Ages 11 to 18 Mixed sex,15293
450,KS4_25,ATT8SCR,Average Attainment 8 score per pupil,A5-KS4-Attainment8,KS4 + KS5  Ages 11 to 18 Mixed sex,80.1
451,KS4_25,TOTATT8ENG,Total sum of Attainment 8 scores for English element,A5-KS4,KS4 + KS5  Ages 11 to 18 Mixed sex,2983
452,KS4_25,ATT8SCRENG,Average Attainment 8 score per pupil for English element,A5-KS4-Attainment8,KS4 + KS5  Ages 11 to 18 Mixed sex,15.6
453,KS4_25,TOTATT8MAT,Total sum of Attainment 8 scores for mathematics element,A5-KS4,KS4 + KS5  Ages 11 to 18 Mixed sex,3136
454,KS4_25,ATT8SCRMAT,Average Attainment 8 score per pupil for mathematics element,A5-KS4-Attainment8,KS4 + KS5  Ages 11 to 18 Mixed sex,16.4
455,KS4_25,TOTATT8EBAC,Total sum of Attainment 8 scores for EBacc element,A5-KS4,KS4 + KS5  Ages 11 to 18 Mixed sex,4700
456,KS4_25,ATT8SCREBAC,Average Attainment 8 score per pupil for EBacc element,A5-KS4-Attainment8,KS4 + KS5  Ages 11 to 18 Mixed sex,24.6
457,KS4_25,TOTATT8OPEN,Total sum of Attainment 8 scores for open element,A5-KS4,KS4 + KS5  Ages 11 to 18 Mixed sex,4474
458,KS4_25,ATT8SCROPEN,Average Attainment 8 score per pupil for open element,A5-KS4-Attainment8,KS4 + KS5  Ages 11 to 18 Mixed sex,23.4
459,KS4_25,TOTATT8OPENG,Total sum of Attainment 8 scores for open element - GCSE only,A5-KS4,KS4 + KS5  Ages 11 to 18 Mixed sex,4440
460,KS4_25,ATT8SCROPENG,Average Attainment 8 score per pupil for open element - GCSE only,A5-KS4-Attainment8,KS4 + KS5  Ages 11 to 18 Mixed sex,23.2
461,KS4_25,TOTATT8OPENNG,Total sum of Attainment 8 scores for open element - non-GCSE only,A5-KS4,KS4 + KS5  Ages 11 to 18 Mixed sex,34
462,KS4_25,ATT8SCROPENNG,Average Attainment 8 score per pupil for open element - non-GCSE only,A5-KS4-Attainment8,KS4 + KS5  Ages 11 to 18 Mixed sex,0.2
463,KS4_25,AVGEBACFILL,Average number of EBacc slots filled in Attainment 8 per pupil,A5-KS4-EBacc,KS4 + KS5  Ages 11 to 18 Mixed sex,3
464,KS4_25,AVGOPENFILL,Average number of Open slots filled in Attainment 8 per pupil,A5-KS4-EBacc,KS4 + KS5  Ages 11 to 18 Mixed sex,3
465,KS4_25,P8PUP,Number of pupils included in Progress 8 measure,A5-KS4-Progress8,KS4 + KS5  Ages 11 to 18 Mixed sex,NA
466,KS4_25,TP8ADJ,Number of pupils who have had P8 score adjusted in average,A5-KS4,KS4 + KS5  Ages 11 to 18 Mixed sex,NA
467,KS4_25,P8MEACOV,% of pupils at the end of key stage 4 included in Progress 8 measure,A5-KS4-Progress8,KS4 + KS5  Ages 11 to 18 Mixed sex,NA
468,KS4_25,P8MEA,Progress 8 measure after adjustment for extreme scores,A5-KS4-Progress8,KS4 + KS5  Ages 11 to 18 Mixed sex,NA
469,KS4_25,P8CILOW,Progress 8 lower 95% confidence interval for adjusted average,A5-KS4-Progress8,KS4 + KS5  Ages 11 to 18 Mixed sex,NA
470,KS4_25,P8CIUPP,Progress 8 upper 95% confidence interval for adjusted average,A5-KS4-Progress8,KS4 + KS5  Ages 11 to 18 Mixed sex,NA
471,KS4_25,P8MEA_ORIG,Progress 8 measure based on unadjusted pupil scores,A5-KS4-Progress8,KS4 + KS5  Ages 11 to 18 Mixed sex,NA
472,KS4_25,P8CILOW_ORIG,Progress 8 lower 95% confidence interval for unadjusted average,A5-KS4-Progress8,KS4 + KS5  Ages 11 to 18 Mixed sex,NA
473,KS4_25,P8CIUPP_ORIG,Progress 8 upper 95% confidence interval for unadjusted average,A5-KS4-Progress8,KS4 + KS5  Ages 11 to 18 Mixed sex,NA
474,KS4_25,P8MEAENG,Progress 8 measure for English element,A5-KS4-Progress8,KS4 + KS5  Ages 11 to 18 Mixed sex,NA
475,KS4_25,P8MEAENG_CILOW,Lower 95% confidence interval for Progress 8 English element,A5-KS4-Progress8,KS4 + KS5  Ages 11 to 18 Mixed sex,NA
476,KS4_25,P8MEAENG_CIUPP,Upper 95% confidence interval for Progress 8 English element,A5-KS4-Progress8,KS4 + KS5  Ages 11 to 18 Mixed sex,NA
477,KS4_25,P8MEAMAT,Progress 8 measure for mathematics element,A5-KS4-Progress8,KS4 + KS5  Ages 11 to 18 Mixed sex,NA
478,KS4_25,P8MEAMAT_CILOW,Lower 95% confidence interval for Progress 8 maths element,A5-KS4-Progress8,KS4 + KS5  Ages 11 to 18 Mixed sex,NA
479,KS4_25,P8MEAMAT_CIUPP,Upper 95% confidence interval for Progress 8 maths element,A5-KS4-Progress8,KS4 + KS5  Ages 11 to 18 Mixed sex,NA
480,KS4_25,P8MEAEBAC,Progress 8 measure for EBacc element,A5-KS4-Progress8,KS4 + KS5  Ages 11 to 18 Mixed sex,NA
481,KS4_25,P8MEAEBAC_CILOW,Lower 95% confidence interval for Progress 8 EBacc element,A5-KS4-Progress8,KS4 + KS5  Ages 11 to 18 Mixed sex,NA
482,KS4_25,P8MEAEBAC_CIUPP,Upper 95% confidence interval for Progress 8 EBacc element,A5-KS4-Progress8,KS4 + KS5  Ages 11 to 18 Mixed sex,NA
483,KS4_25,P8MEAOPEN,Progress 8 measure for open element,A5-KS4-Progress8,KS4 + KS5  Ages 11 to 18 Mixed sex,NA
484,KS4_25,P8MEAOPEN_CILOW,Lower 95% confidence interval for Progress 8 open element,A5-KS4-Progress8,KS4 + KS5  Ages 11 to 18 Mixed sex,NA
485,KS4_25,P8MEAOPEN_CIUPP,Upper 95% confidence interval for Progress 8 open element,A5-KS4-Progress8,KS4 + KS5  Ages 11 to 18 Mixed sex,NA
486,KS4_25,PTL2BASICS_94,% of pupils achieving standard 9-4 passes in both English and mathematics GCSEs,A5-KS4-Grades,KS4 + KS5  Ages 11 to 18 Mixed sex,99.50%
487,KS4_25,PTL2BASICS_95,% of pupils achieving strong 9-5 passes in both English and mathematics GCSEs,A5-KS4-Grades,KS4 + KS5  Ages 11 to 18 Mixed sex,99.00%
488,KS4_25,TOTEBACCAPS,Total EBacc APS score per pupil,A5-KS4,KS4 + KS5  Ages 11 to 18 Mixed sex,1514.27
489,KS4_25,EBACCAPS,Average EBacc APS score per pupil,A5-KS4-EBacc,KS4 + KS5  Ages 11 to 18 Mixed sex,7.93
490,KS4_25,EBACCAPS_FSM6CLA1A,Average EBacc APS score per disadvantaged pupil,A5-KS4-EBacc,KS4 + KS5  Ages 11 to 18 Mixed sex,7.1
491,KS4_25,EBACCAPS_NFSM6CLA1A,Average EBacc APS score per non-disadvantaged pupil,A5-KS4-EBacc,KS4 + KS5  Ages 11 to 18 Mixed sex,7.99
492,KS4_25,EBACCAPS_LO,Average EBacc APS score per pupil with low prior attainment,A5-KS4-EBacc,KS4 + KS5  Ages 11 to 18 Mixed sex,NA
493,KS4_25,EBACCAPS_MID,Average EBacc APS score per pupil with middle prior attainment,A5-KS4-EBacc,KS4 + KS5  Ages 11 to 18 Mixed sex,NA
494,KS4_25,EBACCAPS_HI,Average EBacc APS score per pupil with high prior attainment,A5-KS4-EBacc,KS4 + KS5  Ages 11 to 18 Mixed sex,NA
495,KS4_25,EBACCAPS_EAL,Average EBacc APS score per pupil for whom English is an additional language,A5-KS4-EBacc,KS4 + KS5  Ages 11 to 18 Mixed sex,7.97
496,KS4_25,EBACCAPS_GIRLS,Average EBacc APS score per girl,A5-KS4-EBacc,KS4 + KS5  Ages 11 to 18 Mixed sex,8.14
497,KS4_25,EBACCAPS_BOYS,Average EBacc APS score per boy,A5-KS4-EBacc,KS4 + KS5  Ages 11 to 18 Mixed sex,7.82
498,KS4_25,EBACCAPS_NMOB,Average EBacc APS score per non-mobile pupil,A5-KS4-EBacc,KS4 + KS5  Ages 11 to 18 Mixed sex,7.93
499,KS4_25,TEBACC_E_PTQ_EE,Number of key stage 4 pupils with entries in all English Baccalaureate subject areas,A5-KS4-EBacc,KS4 + KS5  Ages 11 to 18 Mixed sex,179
500,KS4_25,PTEBACC_E_PTQ_EE,% of key stage 4 pupils with entries in all English Baccalaureate subject areas,A5-KS4-EBacc,KS4 + KS5  Ages 11 to 18 Mixed sex,93.70%
501,KS4_25,PTEBACC_94,% of pupils achieving the English Baccalaureate with 9-4 passes,A5-KS4-EBacc,KS4 + KS5  Ages 11 to 18 Mixed sex,93.70%
502,KS4_25,PTEBACC_95,% of pupils achieving the English Baccalaureate with 9-5 passes,A5-KS4-EBacc,KS4 + KS5  Ages 11 to 18 Mixed sex,91.60%
503,KS4_25,TEBACENG_E_PTQ_EE,Number of pupils entering the English Baccalaureate English subject area,A5-KS4,KS4 + KS5  Ages 11 to 18 Mixed sex,189
504,KS4_25,PTEBACENG_E_PTQ_EE,% of pupils entering the English Baccalaureate English subject area,A5-KS4-EBacc,KS4 + KS5  Ages 11 to 18 Mixed sex,99.00%
505,KS4_25,TEBACMAT_E_PTQ_EE,Number of pupils entering the English Baccalaureate Maths subject area,A5-KS4,KS4 + KS5  Ages 11 to 18 Mixed sex,190
506,KS4_25,PTEBACMAT_E_PTQ_EE,% of pupils entering the English Baccalaureate Maths subject area,A5-KS4-EBacc,KS4 + KS5  Ages 11 to 18 Mixed sex,99.50%
507,KS4_25,TEBAC2SCI_E_PTQ_EE,Number of pupils entering the English Baccalaureate Science subject area,A5-KS4,KS4 + KS5  Ages 11 to 18 Mixed sex,189
508,KS4_25,PTEBAC2SCI_E_PTQ_EE,%  of pupils entering the English Baccalaureate Science subject area,A5-KS4-EBacc,KS4 + KS5  Ages 11 to 18 Mixed sex,99.00%
509,KS4_25,TEBACHUM_E_PTQ_EE,Number of pupils entering the English Baccalaureate Humanities subject area,A5-KS4,KS4 + KS5  Ages 11 to 18 Mixed sex,182
510,KS4_25,PTEBACHUM_E_PTQ_EE,%  of pupils entering the English Baccalaureate Humanities subject area,A5-KS4-EBacc,KS4 + KS5  Ages 11 to 18 Mixed sex,95.30%
511,KS4_25,TEBACLAN_E_PTQ_EE,Number of pupils entering the English Baccalaureate Language subject area,A5-KS4,KS4 + KS5  Ages 11 to 18 Mixed sex,186
512,KS4_25,PTEBACLAN_E_PTQ_EE,%  of pupils entering the English Baccalaureate Language subject area,A5-KS4-EBacc,KS4 + KS5  Ages 11 to 18 Mixed sex,97.40%
513,KS4_25,PTEBACENG_94,% of pupils achieving the EBacc English subject area with a standard 9-4 pass,A5-KS4-EBacc,KS4 + KS5  Ages 11 to 18 Mixed sex,99.00%
514,KS4_25,PTEBACENG_95,% of pupils achieving the EBacc English subject area with a strong 9-5 pass,A5-KS4-EBacc,KS4 + KS5  Ages 11 to 18 Mixed sex,98.40%
515,KS4_25,PTEBACMAT_94,% of pupils achieving the EBacc Maths subject area with a standard 9-4 pass,A5-KS4-EBacc,KS4 + KS5  Ages 11 to 18 Mixed sex,99.50%
516,KS4_25,PTEBACMAT_95,% of pupils achieving the EBacc Maths subject area with a strong 9-5 pass,A5-KS4-EBacc,KS4 + KS5  Ages 11 to 18 Mixed sex,99.50%
517,KS4_25,PTEBAC2SCI_94,% of entered pupils achieving the EBacc Science subject area with a 9-4 pass,A5-KS4-EBacc,KS4 + KS5  Ages 11 to 18 Mixed sex,100.00%
518,KS4_25,PTEBAC2SCI_95,% of entered pupils achieving the EBacc Science subject area with a 9-5 pass,A5-KS4-EBacc,KS4 + KS5  Ages 11 to 18 Mixed sex,98.90%
519,KS4_25,PTEBACHUM_94,% of entered pupils achieving the EBacc Humanities subject area with a 9-4 pass,A5-KS4-EBacc,KS4 + KS5  Ages 11 to 18 Mixed sex,100.00%
520,KS4_25,PTEBACHUM_95,% of entered pupils achieving the EBacc Humanities subject area with a 9-5 pass,A5-KS4-EBacc,KS4 + KS5  Ages 11 to 18 Mixed sex,98.40%
521,KS4_25,PTEBACLAN_94,% of entered pupils achieving the EBacc Language subject area with a 9-4 pass,A5-KS4-EBacc,KS4 + KS5  Ages 11 to 18 Mixed sex,100.00%
522,KS4_25,PTEBACLAN_95,% of entered pupils achieving the EBacc Language subject area with a 9-5 pass,A5-KS4-EBacc,KS4 + KS5  Ages 11 to 18 Mixed sex,99.50%
523,KS4_25,SCIVAPUP_PTQ_EE,Number of pupils included in English Baccalaureate Science Value Added measure,A5-KS4,KS4 + KS5  Ages 11 to 18 Mixed sex,NA
524,KS4_25,SCIVACOV_PTQ_EE,Coverage of the English Baccalaureate Science Value Added indicators of those who entered for science,A5-KS4,KS4 + KS5  Ages 11 to 18 Mixed sex,NA
525,KS4_25,HUMVAPUP_PTQ_EE,Number of pupils included in English Baccalaureate Humanities Value Added measure,A5-KS4,KS4 + KS5  Ages 11 to 18 Mixed sex,NA
526,KS4_25,HUMVACOV_PTQ_EE,Coverage of the English Baccalaureate Humanities Value Added indicators of those who entered for humanities,A5-KS4,KS4 + KS5  Ages 11 to 18 Mixed sex,NA
527,KS4_25,LANVAPUP_PTQ_EE,Number of pupils included in English Baccalaureate Language Value Added measure,A5-KS4,KS4 + KS5  Ages 11 to 18 Mixed sex,NA
528,KS4_25,LANVACOV_PTQ_EE,Coverage of the English Baccalaureate Language Value Added indicators of those who entered for languages,A5-KS4,KS4 + KS5  Ages 11 to 18 Mixed sex,NA
529,KS4_25,SCIVAMEA_PTQ_EE,English Baccalaureate Science Value Added measure,A5-KS4,KS4 + KS5  Ages 11 to 18 Mixed sex,NA
530,KS4_25,SCIVALOW_PTQ_EE,English Baccalaureate Science Value Added lower 95% confidence limit,A5-KS4,KS4 + KS5  Ages 11 to 18 Mixed sex,NA
531,KS4_25,SCIVAUPP_PTQ_EE,English Baccalaureate Science Value Added upper 95% confidence limit,A5-KS4,KS4 + KS5  Ages 11 to 18 Mixed sex,NA
532,KS4_25,HUMVAMEA_PTQ_EE,English Baccalaureate Humanities Value Added measure,A5-KS4,KS4 + KS5  Ages 11 to 18 Mixed sex,NA
533,KS4_25,HUMVALOW_PTQ_EE,English Baccalaureate Humanities Value Added lower 95% confidence limit,A5-KS4,KS4 + KS5  Ages 11 to 18 Mixed sex,NA
534,KS4_25,HUMVAUPP_PTQ_EE,English Baccalaureate Humanities Value Added upper 95% confidence limit,A5-KS4,KS4 + KS5  Ages 11 to 18 Mixed sex,NA
535,KS4_25,LANVAMEA_PTQ_EE,English Baccalaureate Languages Value Added measure,A5-KS4,KS4 + KS5  Ages 11 to 18 Mixed sex,NA
536,KS4_25,LANVALOW_PTQ_EE,English Baccalaureate Languages Value Added lower 95% confidence limit,A5-KS4,KS4 + KS5  Ages 11 to 18 Mixed sex,NA
537,KS4_25,LANVAUPP_PTQ_EE,English Baccalaureate Languages Value Added upper 95% confidence limit,A5-KS4,KS4 + KS5  Ages 11 to 18 Mixed sex,NA
538,KS4_25,TEBACENG_94,Number of pupils achieving EBacc English subject area with a standard 9-4 pass,A5-KS4,KS4 + KS5  Ages 11 to 18 Mixed sex,189
539,KS4_25,TEBACENG_95,Number of pupils achieving EBacc English subject area with a strong 9-5 pass,A5-KS4,KS4 + KS5  Ages 11 to 18 Mixed sex,188
540,KS4_25,TEBACMAT_94,Number of pupils achieving EBacc Maths subject area with a standard 9-4 pass,A5-KS4,KS4 + KS5  Ages 11 to 18 Mixed sex,190
541,KS4_25,TEBACMAT_95,Number of pupils achieving EBacc Maths subject area with a strong 9-5 pass,A5-KS4,KS4 + KS5  Ages 11 to 18 Mixed sex,190
542,KS4_25,TEBAC2SCI_94,Number of pupils achieving EBacc Science subject area with a 9-4 pass,A5-KS4,KS4 + KS5  Ages 11 to 18 Mixed sex,189
543,KS4_25,TEBAC2SCI_95,Number of pupils achieving EBacc Science subject area with a 9-5 pass,A5-KS4,KS4 + KS5  Ages 11 to 18 Mixed sex,187
544,KS4_25,TEBACHUM_94,Number of pupils achieving EBacc Humanities subject area with a 9-4 pass,A5-KS4,KS4 + KS5  Ages 11 to 18 Mixed sex,182
545,KS4_25,TEBACHUM_95,Number of pupils achieving EBacc Humanities subject area with a 9-5 pass,A5-KS4,KS4 + KS5  Ages 11 to 18 Mixed sex,179
546,KS4_25,TEBACLAN_94,Number of pupils achieving EBacc Language subject area with a 9-4 pass,A5-KS4,KS4 + KS5  Ages 11 to 18 Mixed sex,186
547,KS4_25,TEBACLAN_95,Number of pupils achieving EBacc Language subject area with a 9-5 pass,A5-KS4,KS4 + KS5  Ages 11 to 18 Mixed sex,185
548,KS4_25,TEBACC91,Number of pupils achieving the English Baccalaureate at grades 9-1,A5-KS4-EBacc,KS4 + KS5  Ages 11 to 18 Mixed sex,179
549,KS4_25,PTEBACC91,% of pupils achieving the English Baccalaureate at grades 9-1,A5-KS4-EBacc,KS4 + KS5  Ages 11 to 18 Mixed sex,93.70%
550,KS4_25,TEBACENG91,Number of pupils achieving EBacc English subject area at grade 9-1,A5-KS4,KS4 + KS5  Ages 11 to 18 Mixed sex,189
551,KS4_25,PTEBACENG91,% of pupils achieving the EBacc English subject area at grade 9-1,A5-KS4-EBacc,KS4 + KS5  Ages 11 to 18 Mixed sex,99.00%
552,KS4_25,TEBACMAT91,Number of pupils achieving EBacc Maths subject area at grade 9-1,A5-KS4,KS4 + KS5  Ages 11 to 18 Mixed sex,190
553,KS4_25,PTEBACMAT91,% of pupils achieving the EBacc Maths subject area at grade 9-1,A5-KS4-EBacc,KS4 + KS5  Ages 11 to 18 Mixed sex,99.50%
554,KS4_25,TEBAC2SCI91,Number of pupils achieving EBacc Science subject area with grades 9-1,A5-KS4,KS4 + KS5  Ages 11 to 18 Mixed sex,189
555,KS4_25,PTEBAC2SCI91,% entered pupils achieving the EBacc Science subject area with grades 9-1,A5-KS4-EBacc,KS4 + KS5  Ages 11 to 18 Mixed sex,100.00%
556,KS4_25,TEBACHUM91,Number of pupils achieving EBacc Humanities subject area with grades 9-1,A5-KS4,KS4 + KS5  Ages 11 to 18 Mixed sex,182
557,KS4_25,PTEBACHUM91,% entered pupils achieving the EBacc Humanities subject area with grades 9-1,A5-KS4-EBacc,KS4 + KS5  Ages 11 to 18 Mixed sex,100.00%
558,KS4_25,TEBACLAN91,Number of pupils achieving EBacc Language subject area with grades 9-1,A5-KS4,KS4 + KS5  Ages 11 to 18 Mixed sex,186
559,KS4_25,PTEBACLAN91,% of entered pupils achieving the EBacc Language subject area with grades 9-1,A5-KS4-EBacc,KS4 + KS5  Ages 11 to 18 Mixed sex,100.00%
560,KS4_25,ATT8SCR_FSM6CLA1A,Average Attainment 8 score per disadvantaged pupil,A5-KS4-Attainment8,KS4 + KS5  Ages 11 to 18 Mixed sex,72.2
561,KS4_25,P8PUP_FSM6CLA1A,Number of disadvantaged pupils in Progress 8 measure,A5-KS4-Progress8,KS4 + KS5  Ages 11 to 18 Mixed sex,NA
562,KS4_25,TP8ADJ_FSM6CLA1A,Number of disadvantaged pupils in Progress 8 measure with adjusted scores,A5-KS4,KS4 + KS5  Ages 11 to 18 Mixed sex,NA
563,KS4_25,P8MEA_FSM6CLA1A,Adjusted Progress 8 measure - disadvantaged pupils,A5-KS4-Progress8,KS4 + KS5  Ages 11 to 18 Mixed sex,NA
564,KS4_25,P8CILOW_FSM6CLA1A,Adjusted Progress 8 lower 95% confidence interval - disadvantaged pupils,A5-KS4-Progress8,KS4 + KS5  Ages 11 to 18 Mixed sex,NA
565,KS4_25,P8CIUPP_FSM6CLA1A,Adjusted Progress 8 upper 95% confidence interval - disadvantaged pupils,A5-KS4-Progress8,KS4 + KS5  Ages 11 to 18 Mixed sex,NA
566,KS4_25,P8MEA_FSM6CLA1A_ORIG,Unadjusted Progress 8 measure - disadvantaged pupils,A5-KS4-Progress8,KS4 + KS5  Ages 11 to 18 Mixed sex,NA
567,KS4_25,P8CILOW_FSM6CLA1A_ORIG,Unadjusted Progress 8 lower 95% confidence interval - disadvantaged pupils,A5-KS4-Progress8,KS4 + KS5  Ages 11 to 18 Mixed sex,NA
568,KS4_25,P8CIUPP_FSM6CLA1A_ORIG,Unadjusted Progress 8 upper 95% confidence interval - disadvantaged pupils,A5-KS4-Progress8,KS4 + KS5  Ages 11 to 18 Mixed sex,NA
569,KS4_25,ATT8SCR_NFSM6CLA1A,Average Attainment 8 score per non-disadvantaged pupil,A5-KS4-Attainment8,KS4 + KS5  Ages 11 to 18 Mixed sex,80.7
570,KS4_25,P8PUP_NFSM6CLA1A,Number of non-disadvantaged pupils in Progress 8 measure,A5-KS4-Progress8,KS4 + KS5  Ages 11 to 18 Mixed sex,NA
571,KS4_25,TP8ADJ_NFSM6CLA1A,Number of non-disadvantaged pupils in progress measure with adjusted scores,A5-KS4,KS4 + KS5  Ages 11 to 18 Mixed sex,NA
572,KS4_25,P8MEA_NFSM6CLA1A,Adjusted Progress 8 measure - non-disadvantaged pupils,A5-KS4-Progress8,KS4 + KS5  Ages 11 to 18 Mixed sex,NA
573,KS4_25,P8CILOW_NFSM6CLA1A,Progress 8 lower 95% confidence interval - non-disadvantaged pupils,A5-KS4-Progress8,KS4 + KS5  Ages 11 to 18 Mixed sex,NA
574,KS4_25,P8CIUPP_NFSM6CLA1A,Progress 8 upper 95% confidence interval - non-disadvantaged pupils,A5-KS4-Progress8,KS4 + KS5  Ages 11 to 18 Mixed sex,NA
575,KS4_25,P8MEA_NFSM6CLA1A_ORIG,Unadjusted Progress 8 measure - non-disadvantaged pupils,A5-KS4-Progress8,KS4 + KS5  Ages 11 to 18 Mixed sex,NA
576,KS4_25,P8CILOW_NFSM6CLA1A_ORIG,Unadjusted Progress 8 lower 95% confidence interval - non-disadvantaged pupils,A5-KS4-Progress8,KS4 + KS5  Ages 11 to 18 Mixed sex,NA
577,KS4_25,P8CIUPP_NFSM6CLA1A_ORIG,Unadjusted Progress 8 upper 95% confidence interval - non-disadvantaged pupils,A5-KS4-Progress8,KS4 + KS5  Ages 11 to 18 Mixed sex,NA
578,KS4_25,ATT8SCRENG_FSM6CLA1A,Average Attainment 8 score per disadvantaged pupil for English element,A5-KS4-Attainment8,KS4 + KS5  Ages 11 to 18 Mixed sex,14.1
579,KS4_25,P8MEAENG_FSM6CLA1A,Progress 8 measure for English element - disadvantaged pupils,A5-KS4-Progress8,KS4 + KS5  Ages 11 to 18 Mixed sex,NA
580,KS4_25,P8MEAENG_CILOW_FSM6CLA1A,Lower 95% confidence interval for Progress 8 English element for disadvantaged pupils,A5-KS4-Progress8,KS4 + KS5  Ages 11 to 18 Mixed sex,NA
581,KS4_25,P8MEAENG_CIUPP_FSM6CLA1A,Upper 95% confidence interval for Progress 8 English element for disadvantaged pupils,A5-KS4-Progress8,KS4 + KS5  Ages 11 to 18 Mixed sex,NA
582,KS4_25,ATT8SCRMAT_FSM6CLA1A,Average Attainment 8 score per disadvantaged pupil for mathematics element,A5-KS4-Attainment8,KS4 + KS5  Ages 11 to 18 Mixed sex,14.9
583,KS4_25,P8MEAMAT_FSM6CLA1A,Progress 8 measure for maths element - disadvantaged pupils,A5-KS4-Progress8,KS4 + KS5  Ages 11 to 18 Mixed sex,NA
584,KS4_25,P8MEAMAT_CILOW_FSM6CLA1A,Lower 95% confidence interval for Progress 8 maths element for disadvantaged pupils,A5-KS4-Progress8,KS4 + KS5  Ages 11 to 18 Mixed sex,NA
585,KS4_25,P8MEAMAT_CIUPP_FSM6CLA1A,Upper 95% confidence interval for Progress 8 maths element for disadvantaged pupils,A5-KS4-Progress8,KS4 + KS5  Ages 11 to 18 Mixed sex,NA
586,KS4_25,ATT8SCREBAC_FSM6CLA1A,Average Attainment 8 score per disadvantaged pupil for EBacc element,A5-KS4-Attainment8,KS4 + KS5  Ages 11 to 18 Mixed sex,22.2
587,KS4_25,P8MEAEBAC_FSM6CLA1A,Progress 8 measure for EBacc element - disadvantaged pupils,A5-KS4-Progress8,KS4 + KS5  Ages 11 to 18 Mixed sex,NA
588,KS4_25,P8MEAEBAC_CILOW_FSM6CLA1A,Lower 95% confidence interval for Progress 8 EBacc element for disadvantaged pupils,A5-KS4-Progress8,KS4 + KS5  Ages 11 to 18 Mixed sex,NA
589,KS4_25,P8MEAEBAC_CIUPP_FSM6CLA1A,Upper 95% confidence interval for Progress 8 EBacc element for disadvantaged pupils,A5-KS4-Progress8,KS4 + KS5  Ages 11 to 18 Mixed sex,NA
590,KS4_25,ATT8SCROPEN_FSM6CLA1A,Average Attainment 8 score per disadvantaged pupil for open element,A5-KS4-Attainment8,KS4 + KS5  Ages 11 to 18 Mixed sex,21
591,KS4_25,P8MEAOPEN_FSM6CLA1A,Progress 8 measure for open element - disadvantaged pupils,A5-KS4-Progress8,KS4 + KS5  Ages 11 to 18 Mixed sex,NA
592,KS4_25,P8MEAOPEN_CILOW_FSM6CLA1A,Lower 95% confidence interval for Progress 8 open element for disadvantaged pupils,A5-KS4-Progress8,KS4 + KS5  Ages 11 to 18 Mixed sex,NA
593,KS4_25,P8MEAOPEN_CIUPP_FSM6CLA1A,Upper 95% confidence interval for Progress 8 open element for disadvantaged pupils,A5-KS4-Progress8,KS4 + KS5  Ages 11 to 18 Mixed sex,NA
594,KS4_25,ATT8SCRENG_NFSM6CLA1A,Average Attainment 8 score per non-disadvantaged pupil for English element,A5-KS4-Attainment8,KS4 + KS5  Ages 11 to 18 Mixed sex,15.7
595,KS4_25,P8MEAENG_NFSM6CLA1A,Progress 8 measure for English element - non-disadvantaged pupils,A5-KS4-Progress8,KS4 + KS5  Ages 11 to 18 Mixed sex,NA
596,KS4_25,P8MEAENG_CILOW_NFSM6CLA1A,Lower 95% confidence interval for Progress 8 English element for non-disadvantaged pupils,A5-KS4-Progress8,KS4 + KS5  Ages 11 to 18 Mixed sex,NA
597,KS4_25,P8MEAENG_CIUPP_NFSM6CLA1A,Upper 95% confidence interval for Progress 8 English element for non-disadvantaged pupils,A5-KS4-Progress8,KS4 + KS5  Ages 11 to 18 Mixed sex,NA
598,KS4_25,ATT8SCRMAT_NFSM6CLA1A,Average Attainment 8 score per non-disadvantaged pupil for mathematics element,A5-KS4-Attainment8,KS4 + KS5  Ages 11 to 18 Mixed sex,16.5
599,KS4_25,P8MEAMAT_NFSM6CLA1A,Progress 8 measure for maths element - non-disadvantaged pupils,A5-KS4-Progress8,KS4 + KS5  Ages 11 to 18 Mixed sex,NA
600,KS4_25,P8MEAMAT_CILOW_NFSM6CLA1A,Lower 95% confidence interval for Progress 8 maths element for non-disadvantaged pupils,A5-KS4-Progress8,KS4 + KS5  Ages 11 to 18 Mixed sex,NA
601,KS4_25,P8MEAMAT_CIUPP_NFSM6CLA1A,Upper 95% confidence interval for Progress 8 maths element for non-disadvantaged pupils,A5-KS4-Progress8,KS4 + KS5  Ages 11 to 18 Mixed sex,NA
602,KS4_25,ATT8SCREBAC_NFSM6CLA1A,Average Attainment 8 score per non-disadvantaged pupil for EBacc element,A5-KS4-Attainment8,KS4 + KS5  Ages 11 to 18 Mixed sex,24.8
603,KS4_25,P8MEAEBAC_NFSM6CLA1A,Progress 8 measure for EBacc element - non-disadvantaged pupils,A5-KS4-Progress8,KS4 + KS5  Ages 11 to 18 Mixed sex,NA
604,KS4_25,P8MEAEBAC_CILOW_NFSM6CLA1A,Lower 95% confidence interval for Progress 8 EBacc element for non-disadvantaged pupils,A5-KS4-Progress8,KS4 + KS5  Ages 11 to 18 Mixed sex,NA
605,KS4_25,P8MEAEBAC_CIUPP_NFSM6CLA1A,Upper 95% confidence interval for Progress 8 EBacc element for non-disadvantaged pupils,A5-KS4-Progress8,KS4 + KS5  Ages 11 to 18 Mixed sex,NA
606,KS4_25,ATT8SCROPEN_NFSM6CLA1A,Average Attainment 8 score per non-disadvantaged pupil for open element,A5-KS4-Attainment8,KS4 + KS5  Ages 11 to 18 Mixed sex,23.6
607,KS4_25,P8MEAOPEN_NFSM6CLA1A,Progress 8 measure for open element - non-disadvantaged pupils,A5-KS4-Progress8,KS4 + KS5  Ages 11 to 18 Mixed sex,NA
608,KS4_25,P8MEAOPEN_CILOW_NFSM6CLA1A,Lower 95% confidence interval for Progress 8 open element for non-disadvantaged pupils,A5-KS4-Progress8,KS4 + KS5  Ages 11 to 18 Mixed sex,NA
609,KS4_25,P8MEAOPEN_CIUPP_NFSM6CLA1A,Upper 95% confidence interval for Progress 8 open element for non-disadvantaged pupils,A5-KS4-Progress8,KS4 + KS5  Ages 11 to 18 Mixed sex,NA
610,KS4_25,ATT8SCROPENG_FSM6CLA1A,Average Attainment 8 score per disadvantaged pupil for open element - GCSE only,A5-KS4-Attainment8,KS4 + KS5  Ages 11 to 18 Mixed sex,21
611,KS4_25,ATT8SCROPENNG_FSM6CLA1A,Average Attainment 8 score per disadvantaged pupil for open element - non-GCSE only,A5-KS4-Attainment8,KS4 + KS5  Ages 11 to 18 Mixed sex,0
612,KS4_25,ATT8SCROPENG_NFSM6CLA1A,Average Attainment 8 score per non-disadvantaged pupil for open element - GCSE only,A5-KS4-Attainment8,KS4 + KS5  Ages 11 to 18 Mixed sex,23.4
613,KS4_25,ATT8SCROPENNG_NFSM6CLA1A,Average Attainment 8 score per non-disadvantaged pupil for open element - non-GCSE only,A5-KS4-Attainment8,KS4 + KS5  Ages 11 to 18 Mixed sex,0.2
614,KS4_25,DIFFN_ATT8,Difference between Attainment 8 for disadvantaged pupils in school/LA and non-disadvantaged pupils nationally,A5-KS4,KS4 + KS5  Ages 11 to 18 Mixed sex,21.8
615,KS4_25,DIFFN_P8MEA,Difference between Progress 8 measure for disadvantaged pupils in school/LA and non-disadvantaged pupils nationally,A5-KS4,KS4 + KS5  Ages 11 to 18 Mixed sex,NA
616,KS4_25,ATT8SCR_LO,Average Attainment 8 score per pupil with low prior attainment,A5-KS4-Attainment8,KS4 + KS5  Ages 11 to 18 Mixed sex,NA
617,KS4_25,P8PUP_LO,Number of pupils with low prior attainment included in Progress 8 measure,A5-KS4-Progress8,KS4 + KS5  Ages 11 to 18 Mixed sex,NA
618,KS4_25,TP8ADJ_LO,Number of pupils with low prior attainment in progress measure with adjusted scores,A5-KS4,KS4 + KS5  Ages 11 to 18 Mixed sex,NA
619,KS4_25,P8MEA_LO,Adjusted Progress 8 measure - pupils with low prior attainment,A5-KS4-Progress8,KS4 + KS5  Ages 11 to 18 Mixed sex,NA
620,KS4_25,P8CILOW_LO,Adjusted Progress 8 lower 95% confidence interval - pupils with low prior attainment,A5-KS4-Progress8,KS4 + KS5  Ages 11 to 18 Mixed sex,NA
621,KS4_25,P8CIUPP_LO,Adjusted Progress 8 upper 95% confidence interval - pupils with low prior attainment,A5-KS4-Progress8,KS4 + KS5  Ages 11 to 18 Mixed sex,NA
622,KS4_25,P8MEA_LO_ORIG,Unadjusted Progress 8 measure - pupils with low prior attainment,A5-KS4-Progress8,KS4 + KS5  Ages 11 to 18 Mixed sex,NA
623,KS4_25,P8CILOW_LO_ORIG,Unadjusted Progress 8 lower 95% confidence interval - pupils with low prior attainment,A5-KS4-Progress8,KS4 + KS5  Ages 11 to 18 Mixed sex,NA
624,KS4_25,P8CIUPP_LO_ORIG,Unadjusted Progress 8 upper 95% confidence interval - pupils with low prior attainment,A5-KS4-Progress8,KS4 + KS5  Ages 11 to 18 Mixed sex,NA
625,KS4_25,ATT8SCR_MID,Average Attainment 8 score per pupil with middle prior attainment,A5-KS4-Attainment8,KS4 + KS5  Ages 11 to 18 Mixed sex,NA
626,KS4_25,P8PUP_MID,Number of pupils with middle prior attainment included in Progress 8 measure,A5-KS4-Progress8,KS4 + KS5  Ages 11 to 18 Mixed sex,NA
627,KS4_25,TP8ADJ_MID,Number of pupils with middle prior attainment in progress measure with adjusted scores,A5-KS4,KS4 + KS5  Ages 11 to 18 Mixed sex,NA
628,KS4_25,P8MEA_MID,Adjusted Progress 8 measure - pupils with middle prior attainment,A5-KS4-Progress8,KS4 + KS5  Ages 11 to 18 Mixed sex,NA
629,KS4_25,P8CILOW_MID,Progress 8 lower 95% confidence interval - pupils with middle prior attainment,A5-KS4-Progress8,KS4 + KS5  Ages 11 to 18 Mixed sex,NA
630,KS4_25,P8CIUPP_MID,Progress 8 upper 95% confidence interval - pupils with middle prior attainment,A5-KS4-Progress8,KS4 + KS5  Ages 11 to 18 Mixed sex,NA
631,KS4_25,P8MEA_MID_ORIG,Unadjusted Progress 8 measure - pupils with middle prior attainment,A5-KS4-Progress8,KS4 + KS5  Ages 11 to 18 Mixed sex,NA
632,KS4_25,P8CILOW_MID_ORIG,Unadjusted Progress 8 lower 95% confidence interval - pupils with middle prior attainment,A5-KS4-Progress8,KS4 + KS5  Ages 11 to 18 Mixed sex,NA
633,KS4_25,P8CIUPP_MID_ORIG,Unadjusted Progress 8 upper 95% confidence interval - pupils with middle prior attainment,A5-KS4-Progress8,KS4 + KS5  Ages 11 to 18 Mixed sex,NA
634,KS4_25,ATT8SCR_HI,Average Attainment 8 score per pupil with high prior attainment,A5-KS4-Attainment8,KS4 + KS5  Ages 11 to 18 Mixed sex,NA
635,KS4_25,P8PUP_HI,Number of pupils with high prior attainment included in Progress 8 measure,A5-KS4-Progress8,KS4 + KS5  Ages 11 to 18 Mixed sex,NA
636,KS4_25,TP8ADJ_HI,Number of pupils with high prior attainment in progress measure with adjusted scores,A5-KS4,KS4 + KS5  Ages 11 to 18 Mixed sex,NA
637,KS4_25,P8MEA_HI,Adjusted Progress 8 measure - pupils with high prior attainment,A5-KS4-Progress8,KS4 + KS5  Ages 11 to 18 Mixed sex,NA
638,KS4_25,P8CILOW_HI,Progress 8 lower 95% confidence interval - pupils with high prior attainment,A5-KS4-Progress8,KS4 + KS5  Ages 11 to 18 Mixed sex,NA
639,KS4_25,P8CIUPP_HI,Progress 8 upper 95% confidence interval - pupils with high prior attainment,A5-KS4-Progress8,KS4 + KS5  Ages 11 to 18 Mixed sex,NA
640,KS4_25,P8MEA_HI_ORIG,Unadjusted Progress 8 measure - pupils with high prior attainment,A5-KS4-Progress8,KS4 + KS5  Ages 11 to 18 Mixed sex,NA
641,KS4_25,P8CILOW_HI_ORIG,Unadjusted Progress 8 lower 95% confidence interval - pupils with high prior attainment,A5-KS4-Progress8,KS4 + KS5  Ages 11 to 18 Mixed sex,NA
642,KS4_25,P8CIUPP_HI_ORIG,Unadjusted Progress 8 upper 95% confidence interval - pupils with high prior attainment,A5-KS4-Progress8,KS4 + KS5  Ages 11 to 18 Mixed sex,NA
643,KS4_25,ATT8SCR_EAL,Average Attainment 8 score per pupil for whom English is an additional language,A5-KS4-Attainment8,KS4 + KS5  Ages 11 to 18 Mixed sex,80.5
644,KS4_25,ATT8SCRENG_EAL,Average Attainment 8 score per pupil for whom English is an additional language for English element,A5-KS4-Attainment8,KS4 + KS5  Ages 11 to 18 Mixed sex,16
645,KS4_25,ATT8SCRMAT_EAL,Average Attainment 8 score per pupil for whom English is an additional language for mathematics element,A5-KS4-Attainment8,KS4 + KS5  Ages 11 to 18 Mixed sex,16.7
646,KS4_25,ATT8SCREBAC_EAL,Average Attainment 8 score per pupil for whom English is an additional language for EBacc element,A5-KS4-Attainment8,KS4 + KS5  Ages 11 to 18 Mixed sex,24.5
647,KS4_25,ATT8SCROPEN_EAL,Average Attainment 8 score per pupil for whom English is an additional language for open element,A5-KS4-Attainment8,KS4 + KS5  Ages 11 to 18 Mixed sex,23.3
648,KS4_25,ATT8SCROPENG_EAL,Average Attainment 8 score per pupil for whom English is an additional language - GCSE only,A5-KS4-Attainment8,KS4 + KS5  Ages 11 to 18 Mixed sex,23.1
649,KS4_25,ATT8SCROPENNG_EAL,Average Attainment 8 score per pupil for whom English is an additional language - non-GCSE only,A5-KS4-Attainment8,KS4 + KS5  Ages 11 to 18 Mixed sex,0.2
650,KS4_25,P8PUP_EAL,Number of pupils for whom English is an additional language included in Progress 8 measure,A5-KS4-Progress8,KS4 + KS5  Ages 11 to 18 Mixed sex,NA
651,KS4_25,TP8ADJ_EAL,Number of pupils for whom English is an additional language in progress measure with adjusted scores,A5-KS4,KS4 + KS5  Ages 11 to 18 Mixed sex,NA
652,KS4_25,P8MEA_EAL,Adjusted Progress 8 measure - pupils for whom English is an additional language,A5-KS4-Progress8,KS4 + KS5  Ages 11 to 18 Mixed sex,NA
653,KS4_25,P8CILOW_EAL,Adjusted Progress 8 lower 95% confidence interval - pupils for whom English is an additional language,A5-KS4-Progress8,KS4 + KS5  Ages 11 to 18 Mixed sex,NA
654,KS4_25,P8CIUPP_EAL,Adjusted Progress 8 upper 95% confidence interval - pupils for whom English is an additional language,A5-KS4-Progress8,KS4 + KS5  Ages 11 to 18 Mixed sex,NA
655,KS4_25,P8MEA_EAL_ORIG,Unadjusted Progress 8 measure - pupils for whom English is an additional language,A5-KS4-Progress8,KS4 + KS5  Ages 11 to 18 Mixed sex,NA
656,KS4_25,P8CILOW_EAL_ORIG,Unadjusted Progress 8 lower 95% confidence interval - pupils for whom English is an additional language,A5-KS4-Progress8,KS4 + KS5  Ages 11 to 18 Mixed sex,NA
657,KS4_25,P8CIUPP_EAL_ORIG,Unadjusted Progress 8 upper 95% confidence interval - pupils for whom English is an additional language,A5-KS4-Progress8,KS4 + KS5  Ages 11 to 18 Mixed sex,NA
658,KS4_25,ATT8SCR_GIRLS,Average Attainment 8 score per girl,A5-KS4-Attainment8,KS4 + KS5  Ages 11 to 18 Mixed sex,82
659,KS4_25,ATT8SCRENG_GIRLS,Average Attainment 8 score per girl for English element,A5-KS4-Attainment8,KS4 + KS5  Ages 11 to 18 Mixed sex,16.4
660,KS4_25,ATT8SCRMAT_GIRLS,Average Attainment 8 score per girl for mathematics element,A5-KS4-Attainment8,KS4 + KS5  Ages 11 to 18 Mixed sex,16.4
661,KS4_25,ATT8SCREBAC_GIRLS,Average Attainment 8 score per girl for EBacc element,A5-KS4-Attainment8,KS4 + KS5  Ages 11 to 18 Mixed sex,25.2
662,KS4_25,ATT8SCROPEN_GIRLS,Average Attainment 8 score per girl for open element,A5-KS4-Attainment8,KS4 + KS5  Ages 11 to 18 Mixed sex,24.1
663,KS4_25,ATT8SCROPENG_GIRLS,Average Attainment 8 score per girl - GCSE only,A5-KS4-Attainment8,KS4 + KS5  Ages 11 to 18 Mixed sex,24
664,KS4_25,ATT8SCROPENNG_GIRLS,Average Attainment 8 score per girl - non-GCSE only,A5-KS4-Attainment8,KS4 + KS5  Ages 11 to 18 Mixed sex,0.1
665,KS4_25,P8PUP_GIRLS,Number of girls included in Progress 8 measure,A5-KS4-Progress8,KS4 + KS5  Ages 11 to 18 Mixed sex,NA
666,KS4_25,TP8ADJ_GIRLS,Number of girls in progress measure with adjusted scores,A5-KS4,KS4 + KS5  Ages 11 to 18 Mixed sex,NA
667,KS4_25,P8MEA_GIRLS,Adjusted Progress 8 measure - girls,A5-KS4-Progress8,KS4 + KS5  Ages 11 to 18 Mixed sex,NA
668,KS4_25,P8CILOW_GIRLS,Adjusted Progress 8 lower 95% confidence interval - girls,A5-KS4-Progress8,KS4 + KS5  Ages 11 to 18 Mixed sex,NA
669,KS4_25,P8CIUPP_GIRLS,Adjusted Progress 8 upper 95% confidence interval - girls,A5-KS4-Progress8,KS4 + KS5  Ages 11 to 18 Mixed sex,NA
670,KS4_25,P8MEA_GIRLS_ORIG,Unadjusted Progress 8 measure - girls,A5-KS4-Progress8,KS4 + KS5  Ages 11 to 18 Mixed sex,NA
671,KS4_25,P8CILOW_GIRLS_ORIG,Unadjusted Progress 8 lower 95% confidence interval - girls,A5-KS4-Progress8,KS4 + KS5  Ages 11 to 18 Mixed sex,NA
672,KS4_25,P8CIUPP_GIRLS_ORIG,Unadjusted Progress 8 upper 95% confidence interval - girls,A5-KS4-Progress8,KS4 + KS5  Ages 11 to 18 Mixed sex,NA
673,KS4_25,ATT8SCR_BOYS,Average Attainment 8 score per boy,A5-KS4-Attainment8,KS4 + KS5  Ages 11 to 18 Mixed sex,79
674,KS4_25,ATT8SCRENG_BOYS,Average Attainment 8 score per boy for English element,A5-KS4-Attainment8,KS4 + KS5  Ages 11 to 18 Mixed sex,15.2
675,KS4_25,ATT8SCRMAT_BOYS,Average Attainment 8 score per boy for mathematics element,A5-KS4-Attainment8,KS4 + KS5  Ages 11 to 18 Mixed sex,16.4
676,KS4_25,ATT8SCREBAC_BOYS,Average Attainment 8 score per boy for EBacc element,A5-KS4-Attainment8,KS4 + KS5  Ages 11 to 18 Mixed sex,24.3
677,KS4_25,ATT8SCROPEN_BOYS,Average Attainment 8 score per boy for open element,A5-KS4-Attainment8,KS4 + KS5  Ages 11 to 18 Mixed sex,23.1
678,KS4_25,ATT8SCROPENG_BOYS,Average Attainment 8 score per boy - GCSE only,A5-KS4-Attainment8,KS4 + KS5  Ages 11 to 18 Mixed sex,22.9
679,KS4_25,ATT8SCROPENNG_BOYS,Average Attainment 8 score per boy - non-GCSE only,A5-KS4-Attainment8,KS4 + KS5  Ages 11 to 18 Mixed sex,0.2
680,KS4_25,P8PUP_BOYS,Number of boys included in Progress 8 measure,A5-KS4-Progress8,KS4 + KS5  Ages 11 to 18 Mixed sex,NA
681,KS4_25,TP8ADJ_BOYS,Number of boys in progress measure with adjusted scores,A5-KS4,KS4 + KS5  Ages 11 to 18 Mixed sex,NA
682,KS4_25,P8MEA_BOYS,Adjusted Progress 8 measure - boys,A5-KS4-Progress8,KS4 + KS5  Ages 11 to 18 Mixed sex,NA
683,KS4_25,P8CILOW_BOYS,Adjusted Progress 8 lower 95% confidence interval - boys,A5-KS4-Progress8,KS4 + KS5  Ages 11 to 18 Mixed sex,NA
684,KS4_25,P8CIUPP_BOYS,Adjusted Progress 8 upper 95% confidence interval - boys,A5-KS4-Progress8,KS4 + KS5  Ages 11 to 18 Mixed sex,NA
685,KS4_25,P8MEA_BOYS_ORIG,Unadjusted Progress 8 measure - boys,A5-KS4-Progress8,KS4 + KS5  Ages 11 to 18 Mixed sex,NA
686,KS4_25,P8CILOW_BOYS_ORIG,Unadjusted Progress 8 lower 95% confidence interval - boys,A5-KS4-Progress8,KS4 + KS5  Ages 11 to 18 Mixed sex,NA
687,KS4_25,P8CIUPP_BOYS_ORIG,Unadjusted Progress 8 upper 95% confidence interval - boys,A5-KS4-Progress8,KS4 + KS5  Ages 11 to 18 Mixed sex,NA
688,KS4_25,ATT8SCR_NMOB,Average Attainment 8 score per non-mobile pupil,A5-KS4-Attainment8,KS4 + KS5  Ages 11 to 18 Mixed sex,80.1
689,KS4_25,ATT8SCRENG_NMOB,Average Attainment 8 score per non-mobile pupil for English element,A5-KS4-Attainment8,KS4 + KS5  Ages 11 to 18 Mixed sex,15.6
690,KS4_25,ATT8SCRMAT_NMOB,Average Attainment 8 score per non-mobile pupil for mathematics element,A5-KS4-Attainment8,KS4 + KS5  Ages 11 to 18 Mixed sex,16.4
691,KS4_25,ATT8SCREBAC_NMOB,Average Attainment 8 score per non-mobile pupil for EBacc element,A5-KS4-Attainment8,KS4 + KS5  Ages 11 to 18 Mixed sex,24.6
692,KS4_25,ATT8SCROPEN_NMOB,Average Attainment 8 score per non-mobile pupil for open element,A5-KS4-Attainment8,KS4 + KS5  Ages 11 to 18 Mixed sex,23.4
693,KS4_25,ATT8SCROPENG_NMOB,Average Attainment 8 score per non-mobile pupil - GCSE only,A5-KS4-Attainment8,KS4 + KS5  Ages 11 to 18 Mixed sex,23.2
694,KS4_25,ATT8SCROPENNG_NMOB,Average Attainment 8 score per non-mobile pupil - non-GCSE only,A5-KS4-Attainment8,KS4 + KS5  Ages 11 to 18 Mixed sex,0.2
695,KS4_25,P8PUP_NMOB,Number of non-mobile pupils included in Progress 8 measure,A5-KS4-Progress8,KS4 + KS5  Ages 11 to 18 Mixed sex,NA
696,KS4_25,TP8ADJ_NMOB,Number of non-mobile pupils in progress measure with adjusted scores,A5-KS4,KS4 + KS5  Ages 11 to 18 Mixed sex,NA
697,KS4_25,P8MEA_NMOB,Adjusted Progress 8 measure - non-mobile pupils,A5-KS4-Progress8,KS4 + KS5  Ages 11 to 18 Mixed sex,NA
698,KS4_25,P8CILOW_NMOB,Adjusted Progress 8 lower 95% confidence interval - non-mobile pupils,A5-KS4-Progress8,KS4 + KS5  Ages 11 to 18 Mixed sex,NA
699,KS4_25,P8CIUPP_NMOB,Adjusted Progress 8 upper 95% confidence interval - non-mobile pupils,A5-KS4-Progress8,KS4 + KS5  Ages 11 to 18 Mixed sex,NA
700,KS4_25,P8MEA_NMOB_ORIG,Unadjusted Progress 8 measure - non-mobile pupils,A5-KS4-Progress8,KS4 + KS5  Ages 11 to 18 Mixed sex,NA
701,KS4_25,P8CILOW_NMOB_ORIG,Unadjusted Progress 8 lower 95% confidence interval - non-mobile pupils,A5-KS4-Progress8,KS4 + KS5  Ages 11 to 18 Mixed sex,NA
702,KS4_25,P8CIUPP_NMOB_ORIG,Unadjusted Progress 8 upper 95% confidence interval - non-mobile pupils,A5-KS4-Progress8,KS4 + KS5  Ages 11 to 18 Mixed sex,NA
703,KS4_25,TEBACC_ELO_PTQ_EE,Number of pupils in low prior attainment band with entries in all EBacc subject areas,A5-KS4-EBacc,KS4 + KS5  Ages 11 to 18 Mixed sex,NA
704,KS4_25,PTEBACC_ELO_PTQ_EE,EBacc entered % by low prior attainment,A5-KS4-EBacc,KS4 + KS5  Ages 11 to 18 Mixed sex,NA
705,KS4_25,PTEBACCLO_94,EBacc achieved % by low prior attainment - with standard 9-4 passes in English and maths,A5-KS4-EBacc,KS4 + KS5  Ages 11 to 18 Mixed sex,NA
706,KS4_25,PTEBACCLO_95,EBacc achieved % by low prior attainment - with 9-5 passes,A5-KS4-EBacc,KS4 + KS5  Ages 11 to 18 Mixed sex,NA
707,KS4_25,TEBACC_EAV_PTQ_EE,Number of pupils in middle prior attainment band with entries in all EBacc subject areas,A5-KS4-EBacc,KS4 + KS5  Ages 11 to 18 Mixed sex,NA
708,KS4_25,PTEBACC_EAV_PTQ_EE,EBacc entered % by middle prior attainment,A5-KS4-EBacc,KS4 + KS5  Ages 11 to 18 Mixed sex,NA
709,KS4_25,PTEBACCAV_94,EBacc achieved % by middle prior attainment - with 9-4 passes,A5-KS4-EBacc,KS4 + KS5  Ages 11 to 18 Mixed sex,NA
710,KS4_25,PTEBACCAV_95,EBacc achieved % by middle prior attainment - with 9-5 passes,A5-KS4-EBacc,KS4 + KS5  Ages 11 to 18 Mixed sex,NA
711,KS4_25,TEBACC_EHI_PTQ_EE,Number of pupils in high prior attainment band with entries in all EBacc subject areas,A5-KS4-EBacc,KS4 + KS5  Ages 11 to 18 Mixed sex,NA
712,KS4_25,PTEBACC_EHI_PTQ_EE,EBacc entered % by high prior attainment,A5-KS4-EBacc,KS4 + KS5  Ages 11 to 18 Mixed sex,NA
713,KS4_25,PTEBACCHI_94,EBacc achieved % by high prior attainment - with 9-4 passes,A5-KS4-EBacc,KS4 + KS5  Ages 11 to 18 Mixed sex,NA
714,KS4_25,PTEBACCHI_95,EBacc achieved % by high prior attainment - with 9-5 passes,A5-KS4-EBacc,KS4 + KS5  Ages 11 to 18 Mixed sex,NA
715,KS4_25,PTEBACC_EFSM6CLA1A_PTQ_EE,% of disadvantaged pupils entering all English Baccalaureate subject areas,A5-KS4-EBacc,KS4 + KS5  Ages 11 to 18 Mixed sex,85.70%
716,KS4_25,PTEBACC_ENFSM6CLA1A_PTQ_EE,% of non-disadvantaged pupils entering all English Baccalaureate subject areas,A5-KS4-EBacc,KS4 + KS5  Ages 11 to 18 Mixed sex,94.40%
717,KS4_25,PTEBACC_94_FSM6CLA1A,% of disadvantaged pupils achieving the English Baccalaureate - with 9-4 passes,A5-KS4-EBacc,KS4 + KS5  Ages 11 to 18 Mixed sex,85.70%
718,KS4_25,PTEBACC_95_FSM6CLA1A,% of disadvantaged pupils achieving the English Baccalaureate - with 9-5 passes,A5-KS4-EBacc,KS4 + KS5  Ages 11 to 18 Mixed sex,71.40%
719,KS4_25,PTEBACC_94_NFSM6CLA1A,% of non-disadvantaged pupils achieving the English Baccalaureate - with 9-4 passes,A5-KS4-EBacc,KS4 + KS5  Ages 11 to 18 Mixed sex,94.40%
720,KS4_25,PTEBACC_95_NFSM6CLA1A,% of non-disadvantaged pupils achieving the English Baccalaureate - with 9-5 passes,A5-KS4-EBacc,KS4 + KS5  Ages 11 to 18 Mixed sex,93.20%
721,KS4_25,SCIVAMEA_LO_PTQ_EE,English Baccalaureate Science Value Added measure for pupils with low prior attainment,A5-KS4,KS4 + KS5  Ages 11 to 18 Mixed sex,NA
722,KS4_25,SCIVAMEA_MID_PTQ_EE,English Baccalaureate Science Value Added measure for pupils with middle prior attainment,A5-KS4,KS4 + KS5  Ages 11 to 18 Mixed sex,NA
723,KS4_25,SCIVAMEA_HI_PTQ_EE,English Baccalaureate Science Value Added measure for pupils with high prior attainment,A5-KS4,KS4 + KS5  Ages 11 to 18 Mixed sex,NA
724,KS4_25,SCIVAMEA_FSM6CLA1A_PTQ_EE,English Baccalaureate Science Value Added measure for disadvantaged pupils,A5-KS4,KS4 + KS5  Ages 11 to 18 Mixed sex,NA
725,KS4_25,SCIVAMEA_NFSM6CLA1A_PTQ_EE,English Baccalaureate Science Value Added measure for non-disadvantaged pupils,A5-KS4,KS4 + KS5  Ages 11 to 18 Mixed sex,NA
726,KS4_25,HUMVAMEA_LO_PTQ_EE,English Baccalaureate Humanities Value Added measure for pupils with low prior attainment,A5-KS4,KS4 + KS5  Ages 11 to 18 Mixed sex,NA
727,KS4_25,HUMVAMEA_MID_PTQ_EE,English Baccalaureate Humanities Value Added measure for pupils with middle prior attainment,A5-KS4,KS4 + KS5  Ages 11 to 18 Mixed sex,NA
728,KS4_25,HUMVAMEA_HI_PTQ_EE,English Baccalaureate Humanities Value Added measure for pupils with high prior attainment,A5-KS4,KS4 + KS5  Ages 11 to 18 Mixed sex,NA
729,KS4_25,HUMVAMEA_FSM6CLA1A_PTQ_EE,English Baccalaureate Humanities Value Added measure for disadvantaged pupils,A5-KS4,KS4 + KS5  Ages 11 to 18 Mixed sex,NA
730,KS4_25,HUMVAMEA_NFSM6CLA1A_PTQ_EE,English Baccalaureate Humanities Value Added measure for non-disadvantaged pupils,A5-KS4,KS4 + KS5  Ages 11 to 18 Mixed sex,NA
731,KS4_25,LANVAMEA_LO_PTQ_EE,English Baccalaureate Languages Value Added measure for pupils with low prior attainment,A5-KS4,KS4 + KS5  Ages 11 to 18 Mixed sex,NA
732,KS4_25,LANVAMEA_MID_PTQ_EE,English Baccalaureate Languages Value Added measure for pupils with middle prior attainment,A5-KS4,KS4 + KS5  Ages 11 to 18 Mixed sex,NA
733,KS4_25,LANVAMEA_HI_PTQ_EE,English Baccalaureate Languages Value Added measure for pupils with high prior attainment,A5-KS4,KS4 + KS5  Ages 11 to 18 Mixed sex,NA
734,KS4_25,LANVAMEA_FSM6CLA1A_PTQ_EE,English Baccalaureate Languages Value Added measure for disadvantaged pupils,A5-KS4,KS4 + KS5  Ages 11 to 18 Mixed sex,NA
735,KS4_25,LANVAMEA_NFSM6CLA1A_PTQ_EE,English Baccalaureate Languages Value Added measure for non-disadvantaged pupils,A5-KS4,KS4 + KS5  Ages 11 to 18 Mixed sex,NA
736,KS4_25,SCIVAUPP_FSM6CLA1A_PTQ_EE,Upper 95% confidence limit for English Baccalaureate Science Value Added measure for disadvantaged pupils,A5-KS4,KS4 + KS5  Ages 11 to 18 Mixed sex,NA
737,KS4_25,SCIVALOW_FSM6CLA1A_PTQ_EE,Lower 95% confidence limit for English Baccalaureate Science Value Added measure for disadvantaged pupils,A5-KS4,KS4 + KS5  Ages 11 to 18 Mixed sex,NA
738,KS4_25,SCIVAUPP_NFSM6CLA1A_PTQ_EE,Upper 95% confidence limit for English Baccalaureate Science Value Added measure for non-disadvantaged pupils,A5-KS4,KS4 + KS5  Ages 11 to 18 Mixed sex,NA
739,KS4_25,SCIVALOW_NFSM6CLA1A_PTQ_EE,Lower 95% confidence limit for English Baccalaureate Science Value Added measure for non-disadvantaged pupils,A5-KS4,KS4 + KS5  Ages 11 to 18 Mixed sex,NA
740,KS4_25,SCIVAUPP_LO_PTQ_EE,Upper 95% confidence limit for English Baccalaureate Science Value Added measure for pupils with low prior attainment,A5-KS4,KS4 + KS5  Ages 11 to 18 Mixed sex,NA
741,KS4_25,SCIVALOW_LO_PTQ_EE,Lower 95% confidence limit for English Baccalaureate Science Value Added measure for pupils with low prior attainment,A5-KS4,KS4 + KS5  Ages 11 to 18 Mixed sex,NA
742,KS4_25,SCIVAUPP_MID_PTQ_EE,Upper 95% confidence limit for English Baccalaureate Science Value Added measure for pupils with middle prior attainment,A5-KS4,KS4 + KS5  Ages 11 to 18 Mixed sex,NA
743,KS4_25,SCIVALOW_MID_PTQ_EE,Lower 95% confidence limit for English Baccalaureate Science Value Added measure for pupils with middle prior attainment,A5-KS4,KS4 + KS5  Ages 11 to 18 Mixed sex,NA
744,KS4_25,SCIVAUPP_HI_PTQ_EE,Upper 95% confidence limit for English Baccalaureate Science Value Added measure for pupils with high prior attainment,A5-KS4,KS4 + KS5  Ages 11 to 18 Mixed sex,NA
745,KS4_25,SCIVALOW_HI_PTQ_EE,Lower 95% confidence limit for English Baccalaureate Science Value Added measure for pupils with high prior attainment,A5-KS4,KS4 + KS5  Ages 11 to 18 Mixed sex,NA
746,KS4_25,HUMVAUPP_FSM6CLA1A_PTQ_EE,Upper 95% confidence limit for English Baccalaureate Humanities Value Added measure for disadvantaged pupils,A5-KS4,KS4 + KS5  Ages 11 to 18 Mixed sex,NA
747,KS4_25,HUMVALOW_FSM6CLA1A_PTQ_EE,Lower 95% confidence limit for English Baccalaureate Humanities Value Added measure for disadvantaged pupils,A5-KS4,KS4 + KS5  Ages 11 to 18 Mixed sex,NA
748,KS4_25,HUMVAUPP_NFSM6CLA1A_PTQ_EE,Upper 95% confidence limit for English Baccalaureate Humanities Value Added measure for non-disadvantaged pupils,A5-KS4,KS4 + KS5  Ages 11 to 18 Mixed sex,NA
749,KS4_25,HUMVALOW_NFSM6CLA1A_PTQ_EE,Lower 95% confidence limit for English Baccalaureate Humanities Value Added measure for non-disadvantaged pupils,A5-KS4,KS4 + KS5  Ages 11 to 18 Mixed sex,NA
750,KS4_25,HUMVAUPP_LO_PTQ_EE,Upper 95% confidence limit for English Baccalaureate Humanities Value Added measure for pupils with low prior attainment,A5-KS4,KS4 + KS5  Ages 11 to 18 Mixed sex,NA
751,KS4_25,HUMVALOW_LO_PTQ_EE,Lower 95% confidence limit for English Baccalaureate Humanities Value Added measure for pupils with low prior attainment,A5-KS4,KS4 + KS5  Ages 11 to 18 Mixed sex,NA
752,KS4_25,HUMVAUPP_MID_PTQ_EE,Upper 95% confidence limit for English Baccalaureate Humanities Value Added measure for pupils with middle prior attainment,A5-KS4,KS4 + KS5  Ages 11 to 18 Mixed sex,NA
753,KS4_25,HUMVALOW_MID_PTQ_EE,Lower 95% confidence limit for English Baccalaureate Humanities Value Added measure for pupils with middle prior attainment,A5-KS4,KS4 + KS5  Ages 11 to 18 Mixed sex,NA
754,KS4_25,HUMVAUPP_HI_PTQ_EE,Upper 95% confidence limit for English Baccalaureate Humanities Value Added measure for pupils with high prior attainment,A5-KS4,KS4 + KS5  Ages 11 to 18 Mixed sex,NA
755,KS4_25,HUMVALOW_HI_PTQ_EE,Lower 95% confidence limit for English Baccalaureate Humanities Value Added measure for pupils with high prior attainment,A5-KS4,KS4 + KS5  Ages 11 to 18 Mixed sex,NA
756,KS4_25,LANVAUPP_FSM6CLA1A_PTQ_EE,Upper 95% confidence limit for English Baccalaureate Languages Value Added measure for disadvantaged pupils,A5-KS4,KS4 + KS5  Ages 11 to 18 Mixed sex,NA
757,KS4_25,LANVALOW_FSM6CLA1A_PTQ_EE,Lower 95% confidence limit for English Baccalaureate Languages Value Added measure for disadvantaged pupils,A5-KS4,KS4 + KS5  Ages 11 to 18 Mixed sex,NA
758,KS4_25,LANVAUPP_NFSM6CLA1A_PTQ_EE,Upper 95% confidence limit for English Baccalaureate Languages Value Added measure for non-disadvantaged pupils,A5-KS4,KS4 + KS5  Ages 11 to 18 Mixed sex,NA
759,KS4_25,LANVALOW_NFSM6CLA1A_PTQ_EE,Lower 95% confidence limit for English Baccalaureate Languages Value Added measure for non-disadvantaged pupils,A5-KS4,KS4 + KS5  Ages 11 to 18 Mixed sex,NA
760,KS4_25,LANVAUPP_LO_PTQ_EE,Upper 95% confidence limit for English Baccalaureate Languages Value Added measure for pupils with low prior attainment,A5-KS4,KS4 + KS5  Ages 11 to 18 Mixed sex,NA
761,KS4_25,LANVALOW_LO_PTQ_EE,Lower 95% confidence limit for English Baccalaureate Languages Value Added measure for pupils with low prior attainment,A5-KS4,KS4 + KS5  Ages 11 to 18 Mixed sex,NA
762,KS4_25,LANVAUPP_MID_PTQ_EE,Upper 95% confidence limit for English Baccalaureate Languages Value Added measure for pupils with middle prior attainment,A5-KS4,KS4 + KS5  Ages 11 to 18 Mixed sex,NA
763,KS4_25,LANVALOW_MID_PTQ_EE,Lower 95% confidence limit for English Baccalaureate Languages Value Added measure for pupils with middle prior attainment,A5-KS4,KS4 + KS5  Ages 11 to 18 Mixed sex,NA
764,KS4_25,LANVAUPP_HI_PTQ_EE,Upper 95% confidence limit for English Baccalaureate Languages Value Added measure for pupils with high prior attainment,A5-KS4,KS4 + KS5  Ages 11 to 18 Mixed sex,NA
765,KS4_25,LANVALOW_HI_PTQ_EE,Lower 95% confidence limit for English Baccalaureate Languages Value Added measure for pupils with high prior attainment,A5-KS4,KS4 + KS5  Ages 11 to 18 Mixed sex,NA
766,KS4_25,PBEBACC_E_PTQ_EE,% of boys with entries in all English Baccalaureate subject areas,A5-KS4-EBacc,KS4 + KS5  Ages 11 to 18 Mixed sex,92.80%
767,KS4_25,PBEBACC_94,% of KS4 boys achieving the Ebacc - with 9-4 passes,A5-KS4-EBacc,KS4 + KS5  Ages 11 to 18 Mixed sex,92.80%
768,KS4_25,PBEBACC_95,% of KS4 boys achieving the Ebacc - with 9-5 passes,A5-KS4-EBacc,KS4 + KS5  Ages 11 to 18 Mixed sex,90.40%
769,KS4_25,PGEBACC_E_PTQ_EE,% of girls with entries in all English Baccalaureate subject areas,A5-KS4-EBacc,KS4 + KS5  Ages 11 to 18 Mixed sex,95.50%
770,KS4_25,PGEBACC_94,% of KS4 girls achieving the Ebacc - with 9-4 passes,A5-KS4-EBacc,KS4 + KS5  Ages 11 to 18 Mixed sex,95.50%
771,KS4_25,PGEBACC_95,% of KS4 girls achieving the Ebacc - with 9-5 passes,A5-KS4-EBacc,KS4 + KS5  Ages 11 to 18 Mixed sex,93.90%
772,KS4_25,PTEBACC_ENMOB_PTQ_EE,% of non-mobile pupils with entries in all English Baccalaureate subject areas,A5-KS4-EBacc,KS4 + KS5  Ages 11 to 18 Mixed sex,93.70%
773,KS4_25,PTEBACCNMOB_94,% of non-mobile pupils achieving the English Baccalaureate with 9-4 passes,A5-KS4-EBacc,KS4 + KS5  Ages 11 to 18 Mixed sex,93.70%
774,KS4_25,PTEBACCNMOB_95,% of non-mobile pupils achieving the English Baccalaureate with 9-5 passes,A5-KS4-EBacc,KS4 + KS5  Ages 11 to 18 Mixed sex,91.60%
775,KS4_25,PTEBACC_EEAL_PTQ_EE,% of pupils for whom English is an additional language with entries in all English Baccalaureate subject areas,A5-KS4-EBacc,KS4 + KS5  Ages 11 to 18 Mixed sex,95.20%
776,KS4_25,PTEBACCEAL_94,% of pupils for whom English as an additional language achieving the English Baccalaureate with 9-4 passes,A5-KS4-EBacc,KS4 + KS5  Ages 11 to 18 Mixed sex,95.20%
777,KS4_25,PTEBACCEAL_95,% of pupils for whom English as an additional language achieving the English Baccalaureate with 9-5 passes,A5-KS4-EBacc,KS4 + KS5  Ages 11 to 18 Mixed sex,95.20%
778,KS4_25,PT5EM_94,% of pupils achieving Level 2 threshold including standard passes 9-4 in both English and Maths GCSEs,A5-KS4-Grades,KS4 + KS5  Ages 11 to 18 Mixed sex,99.00%
779,KS4_25,PTANYQ_PTQ_EE,% of pupils achieving any qualifications,A5-KS4,KS4 + KS5  Ages 11 to 18 Mixed sex,99.50%
780,KS4_25,PTFSM6CLA1ABASICS_94,% of disadvantaged pupils achieving standard 9-4 passes in GCSE English and maths,A5-KS4-Grades,KS4 + KS5  Ages 11 to 18 Mixed sex,92.90%
781,KS4_25,PTNOTFSM6CLA1ABASICS_94,% of non-disadvantaged pupils achieving standard 9-4 passes in GCSE English and maths,A5-KS4-Grades,KS4 + KS5  Ages 11 to 18 Mixed sex,100.00%
782,KS4_25,TBASICSLO_94,Number of pupils in low prior attainment band who achieved standard 9-4 passes in English and maths,A5-KS4,KS4 + KS5  Ages 11 to 18 Mixed sex,NA
783,KS4_25,PTBASICSLO_94,% of pupils in low prior attainment band who achieved standard 9-4 passes in English and maths,A5-KS4,KS4 + KS5  Ages 11 to 18 Mixed sex,NA
784,KS4_25,TBASICSAV_94,Number of pupils in middle prior attainment band who achieved standard 9-4 passes in English and maths,A5-KS4,KS4 + KS5  Ages 11 to 18 Mixed sex,NA
785,KS4_25,PTBASICSAV_94,% pupils in middle prior attainment band who achieved standard 9-4 passes in English and maths,A5-KS4,KS4 + KS5  Ages 11 to 18 Mixed sex,NA
786,KS4_25,TBASICSHI_94,Number of pupils in high prior attainment band who achieved standard 9-4 passes in English and maths,A5-KS4,KS4 + KS5  Ages 11 to 18 Mixed sex,NA
787,KS4_25,PTBASICSHI_94,% pupils in high prior attainment band who achieved standard 9-4 passes in English and maths,A5-KS4,KS4 + KS5  Ages 11 to 18 Mixed sex,NA
788,KS4_25,PBL2BASICS_94,% of boys achieving standard 9-4 passes in both English and mathematics GCSEs,A5-KS4-Grades,KS4 + KS5  Ages 11 to 18 Mixed sex,99.20%
789,KS4_25,PGL2BASICS_94,% of girls achieving standard 9-4 passes in both English and mathematics GCSEs,A5-KS4-Grades,KS4 + KS5  Ages 11 to 18 Mixed sex,100.00%
790,KS4_25,PTL2BASICSEAL_94,% of pupils achieving standard 9-4 passes in both English and mathematics GCSEs and for whom English is an additional language,A5-KS4-Grades,KS4 + KS5  Ages 11 to 18 Mixed sex,100.00%
791,KS4_25,PTL2BASICSNMOB_94,% of non-mobile pupils achieving standard 9-4 passes in both English and mathematics GCSEs,A5-KS4-Grades,KS4 + KS5  Ages 11 to 18 Mixed sex,99.50%
792,KS4_25,PTFSM6CLA1ABASICS_95,% of disadvantaged pupils achieving strong 9-5 passes in GCSE English and maths,A5-KS4-Grades,KS4 + KS5  Ages 11 to 18 Mixed sex,92.90%
793,KS4_25,PTNOTFSM6CLA1ABASICS_95,% of non-disadvantaged pupils achieving strong 9-5 passes in GCSE English and maths,A5-KS4-Grades,KS4 + KS5  Ages 11 to 18 Mixed sex,99.40%
794,KS4_25,TBASICSLO_95,Number of pupils in low prior attainment band who achieved strong 9-5 passes in English and maths,A5-KS4,KS4 + KS5  Ages 11 to 18 Mixed sex,NA
795,KS4_25,PTBASICSLO_95,% of pupils in low prior attainment band who achieved strong 9-5 passes in English and maths,A5-KS4,KS4 + KS5  Ages 11 to 18 Mixed sex,NA
796,KS4_25,TBASICSAV_95,Number of pupils in middle prior attainment band who achieved strong 9-5 passes in English and maths,A5-KS4,KS4 + KS5  Ages 11 to 18 Mixed sex,NA
797,KS4_25,PTBASICSAV_95,% pupils in middle prior attainment band who achieved strong 9-5 passes in English and maths,A5-KS4,KS4 + KS5  Ages 11 to 18 Mixed sex,NA
798,KS4_25,TBASICSHI_95,Number of pupils in high prior attainment band who achieved strong 9-5 passes in English and maths,A5-KS4,KS4 + KS5  Ages 11 to 18 Mixed sex,NA
799,KS4_25,PTBASICSHI_95,% pupils in high prior attainment band who achieved strong 9-5 passes in English and maths,A5-KS4,KS4 + KS5  Ages 11 to 18 Mixed sex,NA
800,KS4_25,PBL2BASICS_95,% of boys achieving strong 9-5 passes in both English and mathematics GCSEs,A5-KS4-Grades,KS4 + KS5  Ages 11 to 18 Mixed sex,98.40%
801,KS4_25,PGL2BASICS_95,% of girls achieving strong 9-5 passes in both English and mathematics GCSEs,A5-KS4-Grades,KS4 + KS5  Ages 11 to 18 Mixed sex,100.00%
802,KS4_25,PTL2BASICSEAL_95,% of pupils achieving strong 9-5 passes in both English and mathematics GCSEs and for whom English is an additional language,A5-KS4-Grades,KS4 + KS5  Ages 11 to 18 Mixed sex,97.60%
803,KS4_25,PTL2BASICSNMOB_95,% of non-mobile pupils achieving strong 9-5 passes in both English and mathematics GCSEs,A5-KS4-Grades,KS4 + KS5  Ages 11 to 18 Mixed sex,99.00%
804,KS4_25,PTMULTILAN_E,% of pupils entering more than one foreign language,A5-KS4-EBacc,KS4 + KS5  Ages 11 to 18 Mixed sex,21.50%
805,KS4_25,PTTRIPLESCI_E,"% of pupils entering biology,A5-KS4-EBacc,,KS4 + KS5  Ages 11 to 18 Mixed sex,99.00%
806,KS4_25,TAVENT_E_3NG_PTQ_EE,Average number of KS4 entries per pupil,A5-KS4,KS4 + KS5  Ages 11 to 18 Mixed sex,10
807,KS4_25,TAVENT_E_3NG_LO_PTQ_EE,Average number of KS4 entries per pupil with low prior attainment,A5-KS4,KS4 + KS5  Ages 11 to 18 Mixed sex,NA
808,KS4_25,TAVENT_E_3NG_MID_PTQ_EE,Average number of KS4 entries per pupil with middle prior attainment,A5-KS4,KS4 + KS5  Ages 11 to 18 Mixed sex,NA
809,KS4_25,TAVENT_E_3NG_HI_PTQ_EE,Average number of KS4 entries per pupil with high prior attainment,A5-KS4,KS4 + KS5  Ages 11 to 18 Mixed sex,NA
810,KS4_25,TAVENT_E_3NG_FSM6CLA1A_PTQ_EE,Average number of KS4 entries per disadvantaged pupil,A5-KS4,KS4 + KS5  Ages 11 to 18 Mixed sex,9.2
811,KS4_25,TAVENT_E_3NG_NFSM6CLA1A_PTQ_EE,Average number of KS4 entries per non-disadvantaged pupil,A5-KS4,KS4 + KS5  Ages 11 to 18 Mixed sex,10.1
812,KS4_25,TAVENT_G_PTQ_EE,Average number of GCSE entries per pupil,A5-KS4,KS4 + KS5  Ages 11 to 18 Mixed sex,10
813,KS4_25,TAVENT_GLO_PTQ_EE,Average number of GCSE entries per pupil with low prior attainment,A5-KS4,KS4 + KS5  Ages 11 to 18 Mixed sex,NA
814,KS4_25,TAVENT_GAV_PTQ_EE,Average number of GCSE entries per pupil with middle prior attainment,A5-KS4,KS4 + KS5  Ages 11 to 18 Mixed sex,NA
815,KS4_25,TAVENT_GHI_PTQ_EE,Average number of GCSE entries per pupil with high prior attainment,A5-KS4,KS4 + KS5  Ages 11 to 18 Mixed sex,NA
816,KS4_25,TAVENT_GFSM6CLA1A_PTQ_EE,Average number of GCSE entries per disadvantaged pupil,A5-KS4,KS4 + KS5  Ages 11 to 18 Mixed sex,9.2
817,KS4_25,TAVENT_GNFSM6CLA1A_PTQ_EE,Average number of GCSE entries per non-disadvantaged pupil,A5-KS4,KS4 + KS5  Ages 11 to 18 Mixed sex,10
818,KS4_25,TTOTENT_E_TOTAL_PTQ_EE,Total volume of entries without discounting,A5-KS4,KS4 + KS5  Ages 11 to 18 Mixed sex,1913
819,KS4_25,TTOTENT_E_COVID_IMPACTED_PTQ_EE,Total volume of covid-impacted entries without discounting,A5-KS4,KS4 + KS5  Ages 11 to 18 Mixed sex,0
820,KS4_25,PTOTENT_E_COVID_IMPACTED_PTQ_EE,% of covid-impacted entries out of total number of entries,A5-KS4-EBacc,KS4 + KS5  Ages 11 to 18 Mixed sex,0%
821,KS4_25,P8_BANDING,Progress 8 banding shown on school performance tables website,A5-KS4-Progress8,KS4 + KS5  Ages 11 to 18 Mixed sex,
823,KS4_25,EBACCAPS_PREV,Average EBacc APS score per pupil in 2024,A5-KS4-EBacc,KS4 + KS5  Ages 11 to 18 Mixed sex,8
824,KS4_25,EBACCAPS_PREV2,Average EBacc APS score per pupil in 2023,A5-KS4-EBacc,KS4 + KS5  Ages 11 to 18 Mixed sex,8.02
825,KS4_25,EBACCAPS_FSM6CLA1A_PREV,Average EBacc APS score per disadvantaged pupil in 2024,A5-KS4-EBacc,KS4 + KS5  Ages 11 to 18 Mixed sex,7.86
826,KS4_25,EBACCAPS_FSM6CLA1A_PREV2,Average EBacc APS score per disadvantaged pupil in 2023,A5-KS4-EBacc,KS4 + KS5  Ages 11 to 18 Mixed sex,7.39
827,KS4_25,EBACCAPS_NFSM6CLA1A_PREV,Average EBacc APS score per non-disadvantaged pupil in 2024,A5-KS4-EBacc,KS4 + KS5  Ages 11 to 18 Mixed sex,8.01
828,KS4_25,EBACCAPS_NFSM6CLA1A_PREV2,Average EBacc APS score per non-disadvantaged pupil in 2023,A5-KS4-EBacc,KS4 + KS5  Ages 11 to 18 Mixed sex,8.09
829,KS4_25,ATT8SCR_PREV,Average Attainment 8 score per pupil - 2024,A5-KS4-Attainment8,KS4 + KS5  Ages 11 to 18 Mixed sex,81
830,KS4_25,ATT8SCR_PREV2,Average Attainment 8 score per pupil  - 2023,A5-KS4-Attainment8,KS4 + KS5  Ages 11 to 18 Mixed sex,81.6
831,KS4_25,P8PUP_PREV,Number of pupils in progress measure - 2024,A5-KS4-Progress8,KS4 + KS5  Ages 11 to 18 Mixed sex,178
832,KS4_25,P8PUP_PREV2,Number of pupils in progress measure - 2023,A5-KS4-Progress8,KS4 + KS5  Ages 11 to 18 Mixed sex,179
833,KS4_25,P8MEA_PREV,Progress 8 measure - 2024,A5-KS4-Progress8,KS4 + KS5  Ages 11 to 18 Mixed sex,0.74
834,KS4_25,P8MEA_PREV2,Progress 8 measure - 2023,A5-KS4-Progress8,KS4 + KS5  Ages 11 to 18 Mixed sex,0.79
835,KS4_25,P8CILOW_PREV,Progress 8 lower 95% confidence interval - 2024,A5-KS4-Progress8,KS4 + KS5  Ages 11 to 18 Mixed sex,0.54
836,KS4_25,P8CILOW_PREV2,Progress 8 lower 95% confidence interval - 2023,A5-KS4-Progress8,KS4 + KS5  Ages 11 to 18 Mixed sex,0.59
837,KS4_25,P8CIUPP_PREV,Progress 8 upper 95% confidence interval - 2024,A5-KS4-Progress8,KS4 + KS5  Ages 11 to 18 Mixed sex,0.95
838,KS4_25,P8CIUPP_PREV2,Progress 8 upper 95% confidence interval - 2023,A5-KS4-Progress8,KS4 + KS5  Ages 11 to 18 Mixed sex,1
839,KS4_25,ATT8SCR_FSM6CLA1A_PREV,Average Attainment 8 score per disadvantaged pupil - 2024,A5-KS4-Attainment8,KS4 + KS5  Ages 11 to 18 Mixed sex,80.3
840,KS4_25,ATT8SCR_FSM6CLA1A_PREV2,Average Attainment 8 score per disadvantaged pupil - 2023,A5-KS4-Attainment8,KS4 + KS5  Ages 11 to 18 Mixed sex,74.8
841,KS4_25,ATT8SCR_NFSM6CLA1A_PREV,Average Attainment 8 score per non-disadvantaged pupil  - 2024,A5-KS4-Attainment8,KS4 + KS5  Ages 11 to 18 Mixed sex,81.1
842,KS4_25,ATT8SCR_NFSM6CLA1A_PREV2,Average Attainment 8 score per non-disadvantaged pupil - 2023,A5-KS4-Attainment8,KS4 + KS5  Ages 11 to 18 Mixed sex,82.2
843,KS4_25,PTEBACC_E_PTQ_EE_PREV,% of  pupils entering all English Baccalaureate subject areas in 2024,A5-KS4-EBacc,KS4 + KS5  Ages 11 to 18 Mixed sex,95.80%
844,KS4_25,PTEBACC_E_PTQ_EE_PREV2,% of pupils entering all English Baccalaureate subject areas in 2023,A5-KS4-EBacc,KS4 + KS5  Ages 11 to 18 Mixed sex,93.10%
845,KS4_25,PTEBACC_94_PREV,% of KS4 pupils achieving the Ebacc - with standard 9-4 passes in English and maths in 2024,A5-KS4-EBacc,KS4 + KS5  Ages 11 to 18 Mixed sex,94.20%
846,KS4_25,PTEBACC_94_PREV2,% of KS4 pupils achieving the Ebacc - with standard 9-4 passes in English and maths in 2023,A5-KS4-EBacc,KS4 + KS5  Ages 11 to 18 Mixed sex,91.50%
847,KS4_25,PTEBACC_95_PREV,% of KS4 pupils achieving the Ebacc - with strong 9-5 passes in English and maths in 2024,A5-KS4-EBacc,KS4 + KS5  Ages 11 to 18 Mixed sex,92.70%
848,KS4_25,PTEBACC_95_PREV2,% of KS4 pupils achieving the Ebacc - with strong 9-5 passes in English and maths in 2023,A5-KS4-EBacc,KS4 + KS5  Ages 11 to 18 Mixed sex,88.90%
849,KS4_25,PTEBACC_EFSM6CLA1A_PTQ_EE_PREV,% of disadvantaged pupils entering all English Baccalaureate subject areas in 2024,A5-KS4-EBacc,KS4 + KS5  Ages 11 to 18 Mixed sex,92.30%
850,KS4_25,PTEBACC_EFSM6CLA1A_PTQ_EE_PREV2,% of disadvantaged pupils entering all English Baccalaureate subject areas in 2023,A5-KS4-EBacc,KS4 + KS5  Ages 11 to 18 Mixed sex,94.10%
851,KS4_25,PTEBACC_94_FSM6CLA1A_PREV,% of disadvantaged pupils achieving the English Baccalaureate including 9-4 passes in English and maths in 2024,A5-KS4-EBacc,KS4 + KS5  Ages 11 to 18 Mixed sex,92.30%
852,KS4_25,PTEBACC_94_FSM6CLA1A_PREV2,% of disadvantaged pupils achieving the English Baccalaureate at grades 9-4 in 2023,A5-KS4-EBacc,KS4 + KS5  Ages 11 to 18 Mixed sex,88.20%
853,KS4_25,PTEBACC_95_FSM6CLA1A_PREV,% of disadvantaged pupils achieving the English Baccalaureate including 9-5 passes in English and maths in 2024,A5-KS4-EBacc,KS4 + KS5  Ages 11 to 18 Mixed sex,84.60%
854,KS4_25,PTEBACC_95_FSM6CLA1A_PREV2,% of disadvantaged pupils achieving the English Baccalaureate at grades 9-5 in 2023,A5-KS4-EBacc,KS4 + KS5  Ages 11 to 18 Mixed sex,82.40%
855,KS4_25,PTEBACC_ENFSM6CLA1A_PTQ_EE_PREV,% of non-disadvantaged pupils entering all English Baccalaureate subject areas in 2024,A5-KS4-EBacc,KS4 + KS5  Ages 11 to 18 Mixed sex,96.10%
856,KS4_25,PTEBACC_ENFSM6CLA1A_PTQ_EE_PREV2,% of non-disadvantaged pupils entering all English Baccalaureate subject areas in 2023,A5-KS4-EBacc,KS4 + KS5  Ages 11 to 18 Mixed sex,93.00%
857,KS4_25,PTEBACC_94_NFSM6CLA1A_PREV,% of non-disadvantaged pupils achieving the English Baccalaureate including 9-4 passes in English and maths in 2024,A5-KS4-EBacc,KS4 + KS5  Ages 11 to 18 Mixed sex,94.40%
858,KS4_25,PTEBACC_94_NFSM6CLA1A_PREV2,% of non-disadvantaged pupils achieving the English Baccalaureate at grade 9-4 in 2023,A5-KS4-EBacc,KS4 + KS5  Ages 11 to 18 Mixed sex,91.90%
859,KS4_25,PTEBACC_95_NFSM6CLA1A_PREV,% of non-disadvantaged pupils achieving the English Baccalaureate including 9-5 passes in English and maths in 2024,A5-KS4-EBacc,KS4 + KS5  Ages 11 to 18 Mixed sex,93.30%
860,KS4_25,PTEBACC_95_NFSM6CLA1A_PREV2,% of non-disadvantaged pupils achieving the English Baccalaureate at grade 9-5 in 2023,A5-KS4-EBacc,KS4 + KS5  Ages 11 to 18 Mixed sex,89.50%
861,KS4_25,PT5EM_94_PREV,% of pupils achieving Level 2 threshold including standard passes 9-4 in both English and Maths GCSEs in 2024,A5-KS4-Grades,KS4 + KS5  Ages 11 to 18 Mixed sex,99.50%
862,KS4_25,PT5EM_94_PREV2,% of pupils achieving Level 2 threshold including standard passes 9-4 in both English and Maths GCSEs in 2023,A5-KS4-Grades,KS4 + KS5  Ages 11 to 18 Mixed sex,98.90%
863,KS4_25,PTL2BASICS_94_PREV,% of pupils achieving 9-4 passes in GCSE English and maths in 2024,A5-KS4-Grades,KS4 + KS5  Ages 11 to 18 Mixed sex,99.50%
864,KS4_25,PTL2BASICS_94_PREV2,% of pupils achieving 9-4 passes in GCSE English and maths in 2023,A5-KS4-Grades,KS4 + KS5  Ages 11 to 18 Mixed sex,98.90%
865,KS4_25,PTL2BASICS_95_PREV,% of pupils achieving 9-5 passes in GCSE English and maths in 2024,A5-KS4-Grades,KS4 + KS5  Ages 11 to 18 Mixed sex,99.00%
866,KS4_25,PTL2BASICS_95_PREV2,% of pupils achieving 9-5 passes in GCSE English and maths in 2023,A5-KS4-Grades,KS4 + KS5  Ages 11 to 18 Mixed sex,98.40%
867,KS4_25,PTFSM6CLA1ABASICS_94_PREV,% of disadvantaged pupils achieving 9-4 passes in GCSE English and maths in 2024,A5-KS4-Grades,KS4 + KS5  Ages 11 to 18 Mixed sex,100.00%
868,KS4_25,PTFSM6CLA1ABASICS_94_PREV2,% of disadvantaged pupils achieving 9-4 in GCSE English and maths in 2023,A5-KS4-Grades,KS4 + KS5  Ages 11 to 18 Mixed sex,94.10%
869,KS4_25,PTFSM6CLA1ABASICS_95_PREV,% of disadvantaged pupils achieving 9-5 passes in GCSE English and maths in 2024,A5-KS4-Grades,KS4 + KS5  Ages 11 to 18 Mixed sex,100.00%
870,KS4_25,PTFSM6CLA1ABASICS_95_PREV2,% of disadvantaged pupils achieving 9-5 passes in GCSE English and maths in 2023,A5-KS4-Grades,KS4 + KS5  Ages 11 to 18 Mixed sex,88.20%
871,KS4_25,PTNOTFSM6CLA1ABASICS_94_PREV,% of non-disadvantaged pupils achieving 9-4 passes in GCSE English and maths in 2024,A5-KS4-Grades,KS4 + KS5  Ages 11 to 18 Mixed sex,99.40%
872,KS4_25,PTNOTFSM6CLA1ABASICS_94_PREV2,% of non-disadvantaged pupils achieving 9-4 passes in GCSE English and maths in 2023,A5-KS4-Grades,KS4 + KS5  Ages 11 to 18 Mixed sex,99.40%
873,KS4_25,PTNOTFSM6CLA1ABASICS_95_PREV,% of non-disadvantaged pupils achieving 9-5 passes in GCSE English and maths in 2024,A5-KS4-Grades,KS4 + KS5  Ages 11 to 18 Mixed sex,98.90%
874,KS4_25,PTNOTFSM6CLA1ABASICS_95_PREV2,% of non-disadvantaged pupils achieving 9-5 passes in GCSE English and maths in 2023,A5-KS4-Grades,KS4 + KS5  Ages 11 to 18 Mixed sex,99.40%
875,KS4_25,TFSM6CLA1A_PREV,Number of disadvantaged pupils in 2024,A5-KS4-Cohort,KS4 + KS5  Ages 11 to 18 Mixed sex,13
876,KS4_25,TFSM6CLA1A_PREV2,Number of disadvantaged pupils at the end of key stage 4 in 2023,A5-KS4-Cohort,KS4 + KS5  Ages 11 to 18 Mixed sex,17
877,KS4_25,PTFSM6CLA1A_PREV,% of pupils who were disadvantaged in 2024,A5-KS4,KS4 + KS5  Ages 11 to 18 Mixed sex,6.80%
878,KS4_25,PTFSM6CLA1A_PREV2,% of pupils at the end of key stage 4 who were disadvantaged in 2023,A5-KS4,KS4 + KS5  Ages 11 to 18 Mixed sex,9.00%
879,KS4_25,TNOTFSM6CLA1A_PREV,Number of non-disadvantaged pupils in 2024,A5-KS4-Cohort,KS4 + KS5  Ages 11 to 18 Mixed sex,178
880,KS4_25,TNOTFSM6CLA1A_PREV2,Number of non-disadvantaged pupils at the end of key stage 4 in 2023,A5-KS4-Cohort,KS4 + KS5  Ages 11 to 18 Mixed sex,172
881,KS4_25,PTNOTFSM6CLA1A_PREV,% of pupils who were not disadvantaged in 2024,A5-KS4,KS4 + KS5  Ages 11 to 18 Mixed sex,93.20%
882,KS4_25,PTNOTFSM6CLA1A_PREV2,% of pupils at the end of key stage 4 who were not disadvantaged in 2023,A5-KS4,KS4 + KS5  Ages 11 to 18 Mixed sex,91.00%
883,KS4_25,TAVENT_E_3NG_FSM6CLA1A_PTQ_EE_PREV,Average number of KS4 entries per disadvantaged pupil in 2024,A5-KS4,KS4 + KS5  Ages 11 to 18 Mixed sex,10.1
884,KS4_25,TAVENT_E_3NG_FSM6CLA1A_PTQ_EE_PREV2,Average number of KS4 entries per disadvantaged pupil in 2023,A5-KS4,KS4 + KS5  Ages 11 to 18 Mixed sex,9.8
885,KS4_25,TAVENT_E_3NG_NFSM6CLA1A_PTQ_EE_PREV,Average number of KS4 entries per non-disadvantaged pupil in 2024,A5-KS4,KS4 + KS5  Ages 11 to 18 Mixed sex,10.2
886,KS4_25,TAVENT_E_3NG_NFSM6CLA1A_PTQ_EE_PREV2,Average number of KS4 entries per non-disadvantaged pupil in 2023,A5-KS4,KS4 + KS5  Ages 11 to 18 Mixed sex,10.2
887,KS4_25,TAVENT_GFSM6CLA1A_PTQ_EE_PREV,Average number of GCSE entries per disadvantaged pupil in 2024,A5-KS4,KS4 + KS5  Ages 11 to 18 Mixed sex,10.1
888,KS4_25,TAVENT_GFSM6CLA1A_PTQ_EE_PREV2,Average number of GCSE entries per disadvantaged pupil in 2023,A5-KS4,KS4 + KS5  Ages 11 to 18 Mixed sex,9.8
889,KS4_25,TAVENT_GNFSM6CLA1A_PTQ_EE_PREV,Average number of GCSE entries per non-disadvantaged pupil in 2024,A5-KS4,KS4 + KS5  Ages 11 to 18 Mixed sex,10.2
890,KS4_25,TAVENT_GNFSM6CLA1A_PTQ_EE_PREV2,Average number of GCSE entries per non-disadvantaged pupil in 2023,A5-KS4,KS4 + KS5  Ages 11 to 18 Mixed sex,10.1
891,KS4_25,EDITION,,A5-KS4,KS4 + KS5  Ages 11 to 18 Mixed sex,Final
892,KS4_25,TPUP_PREV,,A5-KS4-Cohort,KS4 + KS5  Ages 11 to 18 Mixed sex,191
893,KS4_25,P8_BANDING_PREV,,A5-KS4-Progress8,KS4 + KS5  Ages 11 to 18 Mixed sex,1
895,KS4_25,TPUP_PREV2,,A5-KS4-Cohort,KS4 + KS5  Ages 11 to 18 Mixed sex,189
896,KS4_25,P8_BANDING_PREV2,,A5-KS4-Progress8,KS4 + KS5  Ages 11 to 18 Mixed sex,1
898,KS5_25,YEAR,,A5-KS5,KS4 + KS5  Ages 11 to 18 Mixed sex,2025
899,KS5_25,RECTYPE,Record type: 1= school or college; 3= sixth form centre/consortium (see separate list of the sixth form centres and consortia and their feeder schools and colleges); 4= Local Authority; 5= National (all schools and colleges); 7= National (state-funded schools and colleges),A5-KS5,KS4 + KS5  Ages 11 to 18 Mixed sex,1
900,KS5_25,ALPHAIND,Alphabetic index,A5-KS5,KS4 + KS5  Ages 11 to 18 Mixed sex,32714
901,KS5_25,REGION,Region code (see separate list of region and local authority codes),A5-KS5,KS4 + KS5  Ages 11 to 18 Mixed sex,33
902,KS5_25,LASORT,Local authority sort code within region,A5-KS5,KS4 + KS5  Ages 11 to 18 Mixed sex,2
903,KS5_25,LEA,LA number,A5-KS5,KS4 + KS5  Ages 11 to 18 Mixed sex,308
904,KS5_25,ESTAB,Establishment number,A5-KS5,KS4 + KS5  Ages 11 to 18 Mixed sex,5400
905,KS5_25,URN,Unique Reference Number of establishment,A5-KS5,KS4 + KS5  Ages 11 to 18 Mixed sex,102055
906,KS5_25,PCON_CODE,School parliamentary constituency code,A5-KS5,KS4 + KS5  Ages 11 to 18 Mixed sex,E14001221
907,KS5_25,PCON_NAME,School parliamentary constituency name,A5-KS5,KS4 + KS5  Ages 11 to 18 Mixed sex,Edmonton and Winchmore Hill
908,KS5_25,SCHNAME_AC,Name of converter academy,A5-KS5,KS4 + KS5  Ages 11 to 18 Mixed sex,
909,KS5_25,SCHNAME,School/college name,A5-KS5,KS4 + KS5  Ages 11 to 18 Mixed sex,The Latymer School
910,KS5_25,ADDRESS1,School/college address (1),A5-KS5,KS4 + KS5  Ages 11 to 18 Mixed sex,Haselbury Road
911,KS5_25,ADDRESS2,School/college address (2),A5-KS5,KS4 + KS5  Ages 11 to 18 Mixed sex,
912,KS5_25,ADDRESS3,School/college address (3),A5-KS5,KS4 + KS5  Ages 11 to 18 Mixed sex,
913,KS5_25,TOWN,Town where school/college is located,A5-KS5,KS4 + KS5  Ages 11 to 18 Mixed sex,London
914,KS5_25,PCODE,School/college postcode,A5-KS5,KS4 + KS5  Ages 11 to 18 Mixed sex,N9 9TN
915,KS5_25,TELNUM,School/college telephone number,A5-KS5,KS4 + KS5  Ages 11 to 18 Mixed sex,2088074037
916,KS5_25,CONTFLAG,Contingency flag: results significantly affected: 0= not significantly affected; 1= significantly affected,A5-KS5,KS4 + KS5  Ages 11 to 18 Mixed sex,0
917,KS5_25,NFTYPE/FESITYPE,School type/FE college type,A5-KS5,KS4 + KS5  Ages 11 to 18 Mixed sex,VA
918,KS5_25,RELDENOM,Religious character,A5-KS5,KS4 + KS5  Ages 11 to 18 Mixed sex,None
919,KS5_25,ADMPOL,Admissions policy,A5-KS5,KS4 + KS5  Ages 11 to 18 Mixed sex,SEL
920,KS5_25,ADMPOL_PT,Admissions policy - new definition from 2019 onwards,A5-KS5,KS4 + KS5  Ages 11 to 18 Mixed sex,SEL
921,KS5_25,GEND1618,"Gender of sixth form: girls,A5-KS5,,KS4 + KS5  Ages 11 to 18 Mixed sex,MIXED
922,KS5_25,FEEDER,Indicates whether a school/college is a feeder school/college for sixth form centre or consortium:0= not a feeder school/college; 1= feeder school/college,A5-KS5,KS4 + KS5  Ages 11 to 18 Mixed sex,0
923,KS5_25,AGERANGE,Age range,A5-KS5,KS4 + KS5  Ages 11 to 18 Mixed sex,Nov to 18
924,KS5_25,ICLOSE,Closed school/college flag: 0= open; 1= closed,A5-KS5,KS4 + KS5  Ages 11 to 18 Mixed sex,0
925,KS5_25,TABKS2,Indicates if a school is published in the primary school (Key Stage 2) performance tables:0= No; 1= Yes,A5-KS5,KS4 + KS5  Ages 11 to 18 Mixed sex,
926,KS5_25,TAB15,Indicates if a school or college is published in the secondary school (Key Stage 4) performance tables: 0= No; 1= Yes,A5-KS5,KS4 + KS5  Ages 11 to 18 Mixed sex,
927,KS5_25,CONFEXAM,Indicates if a school or college has confirmed their results:blank/null= confirmed; R= not confirmed,A5-KS5,KS4 + KS5  Ages 11 to 18 Mixed sex,R
928,KS5_25,DUMMY,Dummy field,A5-KS5,KS4 + KS5  Ages 11 to 18 Mixed sex,
929,KS5_25,TPUP1618,Number of 16-18 year old students in sixth form,A5-KS5,KS4 + KS5  Ages 11 to 18 Mixed sex,417
930,KS5_25,TALLPUP_1618,Number of students aged 16-18 at the end of 16-18 study (includes students who entered for advanced level 3 qualifications or below-level 3 qualifications),A5-KS5-Attainment,KS4 + KS5  Ages 11 to 18 Mixed sex,214
931,KS5_25,TALLPUP_ALEV_1618,Number of students at the end of 16-18 study who entered for at least one AS or A level qualification,A5-KS5-Attainment,KS4 + KS5  Ages 11 to 18 Mixed sex,212
932,KS5_25,TALLPPE_ALEV_1618,Average point score per A level entry,A5-KS5-Attainment,KS4 + KS5  Ages 11 to 18 Mixed sex,47.33
933,KS5_25,TALLPPEGRD_ALEV_1618,Average point score per A level entry expressed as a grade,A5-KS5-Attainment,KS4 + KS5  Ages 11 to 18 Mixed sex,A-
934,KS5_25,TINCLUDE_B3,Number of students included in the best 3 A levels measure,A5-KS5-Attainment,KS4 + KS5  Ages 11 to 18 Mixed sex,212
935,KS5_25,TB3PTSE,Average point score in best 3 A level entries,A5-KS5-Attainment,KS4 + KS5  Ages 11 to 18 Mixed sex,48.11
936,KS5_25,TB3PTSE_GRD,Average point score in best 3 A level entries expressed as a grade,A5-KS5-Attainment,KS4 + KS5  Ages 11 to 18 Mixed sex,A-
937,KS5_25,TINCLUDE_AAB_2FAC,Number of students included in AAB in 2 facilitating subjects measure,A5-KS5-Attainment,KS4 + KS5  Ages 11 to 18 Mixed sex,212
938,KS5_25,PTAAB_2FAC,"Percentage of A level students achieving at least three levels at grades AAB or better,A5-KS5-Facilitating,,KS4 + KS5  Ages 11 to 18 Mixed sex,63.20%
939,KS5_25,TALLPUP_ACAD_1618,Number of students at the end of 16-18 study who entered for at least one advanced (level 3) academic qualification,A5-KS5-Academic,KS4 + KS5  Ages 11 to 18 Mixed sex,212
940,KS5_25,TALLPPE_ACAD_1618,Average point score per academic entry,A5-KS5-Academic,KS4 + KS5  Ages 11 to 18 Mixed sex,47.34
941,KS5_25,TALLPPEGRD_ACAD_1618,Average point score per academic entry expressed as a grade,A5-KS5-Academic,KS4 + KS5  Ages 11 to 18 Mixed sex,A-
942,KS5_25,TALLPUP_AGEN,Number of students at the end of 16-18 study who entered for ant least one applied general qualification,A5-KS5-Applied,KS4 + KS5  Ages 11 to 18 Mixed sex,NE
943,KS5_25,TALLPPE_AGEN,Average point score per applied general entry,A5-KS5-Applied,KS4 + KS5  Ages 11 to 18 Mixed sex,NE
944,KS5_25,TALLPPEGRD_AGEN,Average point score per applied general entry expressed as a grade,A5-KS5-Applied,KS4 + KS5  Ages 11 to 18 Mixed sex,NE
945,KS5_25,TALLPUP_TLEV,Number of students at the end of 16-18 study who entered for at least one tech level qualification,A5-KS5-TLevels,KS4 + KS5  Ages 11 to 18 Mixed sex,NE
946,KS5_25,TALLPPE_TLEV,Average point score per tech level entry,A5-KS5-TLevels,KS4 + KS5  Ages 11 to 18 Mixed sex,NE
947,KS5_25,TALLPPEGRD_TLEV,Average point score per tech level entry expressed as a grade,A5-KS5-TLevels,KS4 + KS5  Ages 11 to 18 Mixed sex,NE
948,KS5_25,TALLPUP_TLEVDENOM,Number of trigger students for 'level 3 vocational quals' - ignoring discounting and applied general,A5-KS5-TLevels,KS4 + KS5  Ages 11 to 18 Mixed sex,1
949,KS5_25,TLEV_PER,Proportion of level 3 vocational students that are tech level students,A5-KS5-Attainment,KS4 + KS5  Ages 11 to 18 Mixed sex,SUPP
950,KS5_25,TALLPUP_AGENDENOM,Number of trigger students for 'level 3 vocational quals' - ignoring discounting and tech levels,A5-KS5-Applied,KS4 + KS5  Ages 11 to 18 Mixed sex,1
951,KS5_25,AGEN_PER,Proportion of level 3 vocational students that are applied general students,A5-KS5-Attainment,KS4 + KS5  Ages 11 to 18 Mixed sex,SUPP
952,KS5_25,T_SCOPEEX_E,Number of students at the end of 16-18 study included in the English progress measure,A5-KS5-Attainment,KS4 + KS5  Ages 11 to 18 Mixed sex,NE
953,KS5_25,PROGEX_E,Average progress made in English,A5-KS5-Attainment,KS4 + KS5  Ages 11 to 18 Mixed sex,NE
954,KS5_25,ENTRY_PER_E,Proportion of students eligible for English progress measures entered for approved exams,A5-KS5-Attainment,KS4 + KS5  Ages 11 to 18 Mixed sex,NE
955,KS5_25,T_SCOPEEX_M,Number of students at the end of 16-18 study included in the maths progress measure,A5-KS5-Attainment,KS4 + KS5  Ages 11 to 18 Mixed sex,NE
956,KS5_25,PROGEX_M,Average progress made in maths,A5-KS5-Attainment,KS4 + KS5  Ages 11 to 18 Mixed sex,NE
957,KS5_25,ENTRY_PER_M,Proportion of students eligible for maths progress measures entered for approved exams,A5-KS5-Attainment,KS4 + KS5  Ages 11 to 18 Mixed sex,NE
958,KS5_25,TALLPUP_SCOPE_L3M,Number of students in scope for level 3 maths measure,A5-KS5-Facilitating,KS4 + KS5  Ages 11 to 18 Mixed sex,212
959,KS5_25,L3M_PER,Percentage of students in scope for the level 3 maths measure who achieved approved a level 3 maths qualification,A5-KS5-Facilitating,KS4 + KS5  Ages 11 to 18 Mixed sex,83.50%
960,KS5_25,T_INSCOPE_ALEV_RET,Number of students at the end of 16-18 study with an A level core aim,A5-KS5,KS4 + KS5  Ages 11 to 18 Mixed sex,214
961,KS5_25,PT_RETAINED_ALEV_RET,Percentage of A level core aims retained,A5-KS5-Facilitating,KS4 + KS5  Ages 11 to 18 Mixed sex,99.10%
962,KS5_25,PT_RET_ASSESSED_ALEV,Percentage of A Level core aims retained and assessed,A5-KS5,KS4 + KS5  Ages 11 to 18 Mixed sex,99.10%
963,KS5_25,T_INSCOPE_ALEV_2NDYR,Number of students in scope for returned and retained for a second year where core aim is an A Level,A5-KS5,KS4 + KS5  Ages 11 to 18 Mixed sex,214
964,KS5_25,PT_RETAINED_ALEV_2NDYR,Percentage of students who were retained for a second year with an A Level programme core aim,A5-KS5-Facilitating,KS4 + KS5  Ages 11 to 18 Mixed sex,99.10%
965,KS5_25,T_INSCOPE_ACAD_RET,Number of students at the end of 16-18 study with an academic core aim,A5-KS5,KS4 + KS5  Ages 11 to 18 Mixed sex,214
966,KS5_25,PT_RETAINED_ACAD_RET,Percentage of academic core aims retained,A5-KS5-Facilitating,KS4 + KS5  Ages 11 to 18 Mixed sex,99.10%
967,KS5_25,PT_RET_ASSESSED_ACAD,Percentage of academic core aims retained and assessed,A5-KS5,KS4 + KS5  Ages 11 to 18 Mixed sex,99.10%
968,KS5_25,T_INSCOPE_ACAD_2NDYR,Number of students in scope for returned and retained for a second year where core aim is an academic qualification,A5-KS5,KS4 + KS5  Ages 11 to 18 Mixed sex,214
969,KS5_25,PT_RETAINED_ACAD_2NDYR,Percentage of students who were retained for a second year with an academic core aim,A5-KS5-Facilitating,KS4 + KS5  Ages 11 to 18 Mixed sex,99.10%
970,KS5_25,T_INSCOPE_AGEN_RET,Number of students at the end of 16-18 study with an applied general core aim,A5-KS5,KS4 + KS5  Ages 11 to 18 Mixed sex,NE
971,KS5_25,PT_RETAINED_AGEN_RET,Percentage of applied general core aims retained,A5-KS5-Facilitating,KS4 + KS5  Ages 11 to 18 Mixed sex,NE
972,KS5_25,PT_RET_ASSESSED_AGEN,Percentage of applied general core aims retained and assessed,A5-KS5,KS4 + KS5  Ages 11 to 18 Mixed sex,NE
973,KS5_25,T_INSCOPE_AGEN_2NDYR,Number of students In scope for returned and retained for a second year where core aim is an applied general qualification,A5-KS5,KS4 + KS5  Ages 11 to 18 Mixed sex,NE
974,KS5_25,PT_RETAINED_AGEN_2NDYR,Percentage of students who were retained for a second year with an applied general core aim,A5-KS5-Facilitating,KS4 + KS5  Ages 11 to 18 Mixed sex,NE
975,KS5_25,T_INSCOPE_TLEV_RET,Number of students at the end of 16-18 study with a tech level core aim,A5-KS5,KS4 + KS5  Ages 11 to 18 Mixed sex,NE
976,KS5_25,PT_RETAINED_TLEV_RET,Percentage of tech level core aims retained,A5-KS5-Facilitating,KS4 + KS5  Ages 11 to 18 Mixed sex,NE
977,KS5_25,PT_RET_ASSESSED_TLEV,Percentage of tech level core aims retained and assessed,A5-KS5,KS4 + KS5  Ages 11 to 18 Mixed sex,NE
978,KS5_25,T_INSCOPE_TLEV_2NDYR,Number of students in scope for returned and retained for a second year measure where core aim is a tech level qualification,A5-KS5,KS4 + KS5  Ages 11 to 18 Mixed sex,NE
979,KS5_25,PT_RETAINED_TLEV_2NDYR,Percentage of students who were retained for a second year with a tech level core aim,A5-KS5-Facilitating,KS4 + KS5  Ages 11 to 18 Mixed sex,NE
980,KS5_25,TALLPUP_TECHCERT,Number of students at the end of 16-18 study who were entered for at least one technical certificate qualification,A5-KS5-Tech,KS4 + KS5  Ages 11 to 18 Mixed sex,NE
981,KS5_25,TALLPPE_TECHCERT,Average point score per technical certificate entry,A5-KS5-Tech,KS4 + KS5  Ages 11 to 18 Mixed sex,NE
982,KS5_25,TALLPPEGRD_TECHCERT,Average point score per technical certificate entry expressed as a grade,A5-KS5-Tech,KS4 + KS5  Ages 11 to 18 Mixed sex,NE
983,KS5_25,T_INSCOPE_TECHCERT_RET,Number of students in scope for retention measure where core aim is a tech cert programme,A5-KS5,KS4 + KS5  Ages 11 to 18 Mixed sex,NE
984,KS5_25,PT_RETAINED_TECHCERT_RET,Percentage of technical certificate core aims retained,A5-KS5-Facilitating,KS4 + KS5  Ages 11 to 18 Mixed sex,NE
985,KS5_25,PT_RET_ASSESSED_TECHCERT,Percentage of technical certificate core aims retained and assessed,A5-KS5,KS4 + KS5  Ages 11 to 18 Mixed sex,NE
986,KS5_25,TALLPUP_ANYL2VOC,"Number of students entered for at least one level 2 vocational,A5-KS5-Facilitating,,KS4 + KS5  Ages 11 to 18 Mixed sex,NE
987,KS5_25,TECHCERT_PER,Percentage of level 2 vocational students that are technical certificate students,A5-KS5-Attainment,KS4 + KS5  Ages 11 to 18 Mixed sex,NE
988,KS5_25,TALLPUP_1618_DIS,Number of disadvantaged students aged 16-18 at the end of 16-18 study (includes students who entered for advanced level 3 qualifications or below-level 3 qualifications),A5-KS5-Attainment,KS4 + KS5  Ages 11 to 18 Mixed sex,18
989,KS5_25,TALLPUP_ALEV_1618_DIS,Number of disadvantaged students at the end of 16-18 study who entered for at least one AS or A level qualification,A5-KS5-Disadvantaged,KS4 + KS5  Ages 11 to 18 Mixed sex,17
990,KS5_25,TALLPPE_ALEV_1618_DIS,Average point score per A level entry for disadvantaged students,A5-KS5-Attainment,KS4 + KS5  Ages 11 to 18 Mixed sex,41.95
991,KS5_25,TALLPPEGRD_ALEV_DIS,Average point score per A level entry for disadvantaged students expressed as a grade,A5-KS5-Attainment,KS4 + KS5  Ages 11 to 18 Mixed sex,B+
992,KS5_25,TALLPUP_ACAD_1618_DIS,Number of disadvantaged students at the end of 16-18 study who entered for at least one advanced (level 3) academic qualification,A5-KS5-Academic,KS4 + KS5  Ages 11 to 18 Mixed sex,17
993,KS5_25,TALLPPE_ACAD_1618_DIS,Average point score per academic entry for disadvantaged students,A5-KS5-Academic,KS4 + KS5  Ages 11 to 18 Mixed sex,41.95
994,KS5_25,TALLPPEGRD_ACAD_DIS,Average point score per academic entry for disadvantaged students expressed as a grade,A5-KS5-Academic,KS4 + KS5  Ages 11 to 18 Mixed sex,B+
995,KS5_25,TALLPUP_AGEN_DIS,Number of disadvantaged students at the end of 16-18 study who entered for at least one applied general exam entry,A5-KS5-Applied,KS4 + KS5  Ages 11 to 18 Mixed sex,NE
996,KS5_25,TALLPPE_AGEN_DIS,Average point score per applied general entry for disadvantaged students,A5-KS5-Applied,KS4 + KS5  Ages 11 to 18 Mixed sex,NE
997,KS5_25,TALLPPEGRD_AGEN_DIS,Average point score per applied general entry expressed as a grade for disadvantaged students,A5-KS5-Applied,KS4 + KS5  Ages 11 to 18 Mixed sex,NE
998,KS5_25,TALLPUP_TLEV_DIS,Number of disadvantaged students at the end of 16-18 study who entered for at least one tech level exam entry,A5-KS5-TLevels,KS4 + KS5  Ages 11 to 18 Mixed sex,NE
999,KS5_25,TALLPPE_TLEV_DIS,Average point score per tech level entry for disadvantaged students,A5-KS5-TLevels,KS4 + KS5  Ages 11 to 18 Mixed sex,NE
1000,KS5_25,TALLPPEGRD_TLEV_DIS,Average point score per tech level entry expressed as a grade for disadvantaged students,A5-KS5-TLevels,KS4 + KS5  Ages 11 to 18 Mixed sex,NE
1001,KS5_25,T_SCOPEEX_E_DIS,Number of disadvantaged students at the end of 16-18 study in scope for English progress measure,A5-KS5-Attainment,KS4 + KS5  Ages 11 to 18 Mixed sex,NE
1002,KS5_25,PROGEX_E_DIS,Average progress made in English by disadvantaged students,A5-KS5-Attainment,KS4 + KS5  Ages 11 to 18 Mixed sex,NE
1003,KS5_25,T_SCOPEEX_M_DIS,Number of disadvantaged students at the end of 16-18 study in scope for maths progress measure,A5-KS5-Attainment,KS4 + KS5  Ages 11 to 18 Mixed sex,NE
1004,KS5_25,PROGEX_M_DIS,Average progress made in maths by disadvantaged students,A5-KS5-Attainment,KS4 + KS5  Ages 11 to 18 Mixed sex,NE
1005,KS5_25,T_INSCOPE_ALEV_RET_DIS,Number of disadvantaged students in scope for retention measure where core aim is an A level qualification,A5-KS5,KS4 + KS5  Ages 11 to 18 Mixed sex,18
1006,KS5_25,PT_RETAINED_ALEV_RET_DIS,Percentage of disadvantaged students who completed an A level core aim for retention measure,A5-KS5-Facilitating,KS4 + KS5  Ages 11 to 18 Mixed sex,94.40%
1007,KS5_25,T_INSCOPE_ACAD_RET_DIS,Number of disadvantaged students in scope for retention measure where core aim is an academic qualification,A5-KS5,KS4 + KS5  Ages 11 to 18 Mixed sex,18
1008,KS5_25,PT_RETAINED_ACAD_RET_DIS,Percentage of disadvantaged students who completed an academic core aim for retention measure,A5-KS5-Facilitating,KS4 + KS5  Ages 11 to 18 Mixed sex,94.40%
1009,KS5_25,T_INSCOPE_AGEN_RET_DIS,Number of disadvantaged students in scope for retention measure where core aim is an applied general qualification,A5-KS5,KS4 + KS5  Ages 11 to 18 Mixed sex,NE
1010,KS5_25,PT_RETAINED_AGEN_RET_DIS,Percentage of disadvantaged students who completed an applied general core aim for retention measure,A5-KS5-Facilitating,KS4 + KS5  Ages 11 to 18 Mixed sex,NE
1011,KS5_25,T_INSCOPE_TLEV_RET_DIS,Number of disadvantaged students in scope for retention measure where core aim is a tech level qualification,A5-KS5,KS4 + KS5  Ages 11 to 18 Mixed sex,NE
1012,KS5_25,PT_RETAINED_TLEV_RET_DIS,Percentage of disadvantaged students who completed a tech level core aim for retention measure,A5-KS5-Facilitating,KS4 + KS5  Ages 11 to 18 Mixed sex,NE
1013,KS5_25,TALLPUP_TECHCERT_DIS,Number of disadvantaged students at the end of 16-18 study entered for at least one technical certificate qualification,A5-KS5-Tech,KS4 + KS5  Ages 11 to 18 Mixed sex,NE
1014,KS5_25,TALLPPE_TECHCERT_DIS,Average point score per technical certificate entry for disadvantaged students,A5-KS5-Tech,KS4 + KS5  Ages 11 to 18 Mixed sex,NE
1015,KS5_25,TALLPPEGRD_TECHCERT_DIS,Average point score per technical certificate entry expressed as a grade for disadvantaged students,A5-KS5-Tech,KS4 + KS5  Ages 11 to 18 Mixed sex,NE
1016,KS5_25,T_INSCOPE_TECHCERT_RET_DIS,Number of disadvantaged students in scope for retention measure where core aim is a technical certificate programme,A5-KS5,KS4 + KS5  Ages 11 to 18 Mixed sex,NE
1017,KS5_25,PT_RETAINED_TECHCERT_RET_DIS,Percentage of disadvantaged students who completed a technical certificate core aim for retention measure,A5-KS5-Facilitating,KS4 + KS5  Ages 11 to 18 Mixed sex,NE
1018,KS5_25,TALLPUP_1618_NOTDIS,Number of non-disadvantaged students aged 16-18 at the end of 16-18 study (includes students who entered for advanced level 3 qualifications or below-level 3 qualifications),A5-KS5-Attainment,KS4 + KS5  Ages 11 to 18 Mixed sex,196
1019,KS5_25,TALLPUP_ALEV_1618_NOTDIS,Number of non-disadvantaged students at the end of 16-18 study who entered for at least one A level qualification,A5-KS5-Attainment,KS4 + KS5  Ages 11 to 18 Mixed sex,195
1020,KS5_25,TALLPPE_ALEV_1618_NOTDIS,Average point score per A level entry for non-disadvantaged students,A5-KS5-Attainment,KS4 + KS5  Ages 11 to 18 Mixed sex,47.76
1021,KS5_25,TALLPPEGRD_ALEV_NOTDIS,Average point score per A level entry for non-disadvantaged students expressed as a grade,A5-KS5-Attainment,KS4 + KS5  Ages 11 to 18 Mixed sex,A-
1022,KS5_25,TALLPUP_ACAD_1618_NOTDIS,Number of non-disadvantaged students at the end of 16-18 study who entered for at least one academic qualification,A5-KS5-Academic,KS4 + KS5  Ages 11 to 18 Mixed sex,195
1023,KS5_25,TALLPPE_ACAD_1618_NOTDIS,Average point score per academic entry for non-disadvantaged students,A5-KS5-Academic,KS4 + KS5  Ages 11 to 18 Mixed sex,47.77
1024,KS5_25,TALLPPEGRD_ACAD_NOTDIS,Average point score per academic entry for non-disadvantaged students expressed as a grade,A5-KS5-Academic,KS4 + KS5  Ages 11 to 18 Mixed sex,A-
1025,KS5_25,TALLPUP_AGEN_NOTDIS,Number of non-disadvantaged students at the end of 16-18 study who entered at lest one applied general qualification,A5-KS5-Applied,KS4 + KS5  Ages 11 to 18 Mixed sex,NE
1026,KS5_25,TALLPPE_AGEN_NOTDIS,Average point score per applied general entry for non-disadvantaged students,A5-KS5-Applied,KS4 + KS5  Ages 11 to 18 Mixed sex,NE
1027,KS5_25,TALLPPEGRD_AGEN_NOTDIS,Average point score per applied general entry expressed as a grade for non-disadvantaged students,A5-KS5-Applied,KS4 + KS5  Ages 11 to 18 Mixed sex,NE
1028,KS5_25,TALLPUP_TLEV_NOTDIS,Number of non-disadvantaged students at the end of 16-18 study who entered for at least one tech level qualification,A5-KS5-TLevels,KS4 + KS5  Ages 11 to 18 Mixed sex,NE
1029,KS5_25,TALLPPE_TLEV_NOTDIS,Average point score per tech level entry for non-disadvantaged students,A5-KS5-TLevels,KS4 + KS5  Ages 11 to 18 Mixed sex,NE
1030,KS5_25,TALLPPEGRD_TLEV_NOTDIS,Average point score per tech level entry expressed as a grade for non-disadvantaged students,A5-KS5-TLevels,KS4 + KS5  Ages 11 to 18 Mixed sex,NE
1031,KS5_25,T_SCOPEEX_E_NOTDIS,Number of non-disadvantaged students at the end of 16-18 study in scope for English progress measure,A5-KS5-Attainment,KS4 + KS5  Ages 11 to 18 Mixed sex,NE
1032,KS5_25,PROGEX_E_NOTDIS,Average progress made in English by non-disadvantaged students,A5-KS5-Attainment,KS4 + KS5  Ages 11 to 18 Mixed sex,NE
1033,KS5_25,T_SCOPEEX_M_NOTDIS,Number of non-disadvantaged students at the end of 16-18 study in scope for maths progress measure,A5-KS5-Attainment,KS4 + KS5  Ages 11 to 18 Mixed sex,NE
1034,KS5_25,PROGEX_M_NOTDIS,Average progress made in maths by non-disadvantaged students,A5-KS5-Attainment,KS4 + KS5  Ages 11 to 18 Mixed sex,NE
1035,KS5_25,T_INSCOPE_ALEV_RET_NOTDIS,Number of non-disadvantaged students in scope for retention measure where core aim is an A level qualification,A5-KS5,KS4 + KS5  Ages 11 to 18 Mixed sex,196
1036,KS5_25,PT_RETAINED_ALEV_RET_NOTDIS,Percentage of non-disadvantaged students who completed an A level core aim for retention measure,A5-KS5-Facilitating,KS4 + KS5  Ages 11 to 18 Mixed sex,99.50%
1037,KS5_25,T_INSCOPE_ACAD_RET_NOTDIS,Number of non-disadvantaged students in scope for retention measure where core aim is an academic qualification,A5-KS5,KS4 + KS5  Ages 11 to 18 Mixed sex,196
1038,KS5_25,PT_RETAINED_ACAD_RET_NOTDIS,Percentage of non-disadvantaged students who completed an academic core aim for retention measure,A5-KS5-Facilitating,KS4 + KS5  Ages 11 to 18 Mixed sex,99.50%
1039,KS5_25,T_INSCOPE_AGEN_RET_NOTDIS,Number of non-disadvantaged students in scope for retention measure where core aim is an applied general qualification,A5-KS5,KS4 + KS5  Ages 11 to 18 Mixed sex,NE
1040,KS5_25,PT_RETAINED_AGEN_RET_NOTDIS,Percentage of non-disadvantaged students who completed an Applied General core aim for retention measure,A5-KS5-Facilitating,KS4 + KS5  Ages 11 to 18 Mixed sex,NE
1041,KS5_25,T_INSCOPE_TLEV_RET_NOTDIS,Number of non-disadvantaged students in scope for retention measure where core aim is a tech level qualification,A5-KS5,KS4 + KS5  Ages 11 to 18 Mixed sex,NE
1042,KS5_25,PT_RETAINED_TLEV_RET_NOTDIS,Percentage of non-disadvantaged students who completed a tech level core aim for retention measure,A5-KS5-Facilitating,KS4 + KS5  Ages 11 to 18 Mixed sex,NE
1043,KS5_25,TALLPUP_TECHCERT_NOTDIS,Number of non-disadvantaged students at the end of 16-18 study with a technical certificate qualification entry,A5-KS5-Tech,KS4 + KS5  Ages 11 to 18 Mixed sex,NE
1044,KS5_25,TALLPPE_TECHCERT_NOTDIS,Average point score per technical certificate entry for non-disadvantaged students,A5-KS5-Tech,KS4 + KS5  Ages 11 to 18 Mixed sex,NE
1045,KS5_25,TALLPPEGRD_TECHCERT_NOTDIS,Average point score per technical certificate entry expressed as a grade for non-disadvantaged students,A5-KS5-Tech,KS4 + KS5  Ages 11 to 18 Mixed sex,NE
1046,KS5_25,T_INSCOPE_TECHCERT_RET_NOTDIS,Number of non-disadvantaged students in scope for retention measure where core aim is a technical certificate programme,A5-KS5,KS4 + KS5  Ages 11 to 18 Mixed sex,NE
1047,KS5_25,PT_RETAINED_TECHCERT_RET_NOTDIS,Percentage of non-disadvantaged students who completed a technical certificate core aim for retention measure,A5-KS5-Facilitating,KS4 + KS5  Ages 11 to 18 Mixed sex,NE
1048,KS5_25,ENTRIES_ALEV,Number of A level entries included in value added measure,A5-KS5-Attainment,KS4 + KS5  Ages 11 to 18 Mixed sex,813
1049,KS5_25,VA_INS_ALEV,A level value added score,A5-KS5-Progress,KS4 + KS5  Ages 11 to 18 Mixed sex,-0.03
1050,KS5_25,UCI_INS_ALEV,A level  value added upper confidence limit,A5-KS5-Progress,KS4 + KS5  Ages 11 to 18 Mixed sex,0.05
1051,KS5_25,LCI_INS_ALEV,A level value added lower confidence limit,A5-KS5-Progress,KS4 + KS5  Ages 11 to 18 Mixed sex,-0.11
1052,KS5_25,PROGRESS_BAND_ALEV,A level progress band,A5-KS5-Progress,KS4 + KS5  Ages 11 to 18 Mixed sex,3
1053,KS5_25,ENTRIES_ACAD,Number of academic entries included in value added measure,A5-KS5-Academic,KS4 + KS5  Ages 11 to 18 Mixed sex,813
1054,KS5_25,VA_INS_ACAD,Academic value added score,A5-KS5-Progress,KS4 + KS5  Ages 11 to 18 Mixed sex,-0.03
1055,KS5_25,UCI_INS_ACAD,Academic value added upper confidence limit,A5-KS5-Progress,KS4 + KS5  Ages 11 to 18 Mixed sex,0.05
1056,KS5_25,LCI_INS_ACAD,Academic value added lower confidence limit,A5-KS5-Progress,KS4 + KS5  Ages 11 to 18 Mixed sex,-0.11
1057,KS5_25,PROGRESS_BAND_ACAD,Academic progress band,A5-KS5,KS4 + KS5  Ages 11 to 18 Mixed sex,3
1058,KS5_25,ENTRIES_AGEN,Number of applied general entries included in value added measure,A5-KS5-Applied,KS4 + KS5  Ages 11 to 18 Mixed sex,NE
1059,KS5_25,VA_INS_AGEN,Applied general value added score,A5-KS5-Progress,KS4 + KS5  Ages 11 to 18 Mixed sex,NE
1060,KS5_25,UCI_INS_AGEN,Applied general value added upper confidence limit,A5-KS5-Progress,KS4 + KS5  Ages 11 to 18 Mixed sex,NE
1061,KS5_25,LCI_INS_AGEN,Applied general value added lower confidence limit,A5-KS5-Progress,KS4 + KS5  Ages 11 to 18 Mixed sex,NE
1062,KS5_25,PROGRESS_BAND_AGEN,Applied general progress band,A5-KS5,KS4 + KS5  Ages 11 to 18 Mixed sex,NA
1063,KS5_25,ENTRIES_TLEV,Number of Tech Level entrties included in value added measure.,A5-KS5-TLevels,KS4 + KS5  Ages 11 to 18 Mixed sex,NE
1064,KS5_25,VA_INS_TLEV,Tech level value added score,A5-KS5,KS4 + KS5  Ages 11 to 18 Mixed sex,NE
1065,KS5_25,UCI_INS_TLEV,Tech level  value added upper confidence limit,A5-KS5,KS4 + KS5  Ages 11 to 18 Mixed sex,NE
1066,KS5_25,LCI_INS_TLEV,Tech level value added lower confidence limit,A5-KS5,KS4 + KS5  Ages 11 to 18 Mixed sex,NE
1067,KS5_25,PROGRESS_BAND_TLEV,Tech level progress band,A5-KS5,KS4 + KS5  Ages 11 to 18 Mixed sex,NA
1068,KS5_25,ENTRIES_TECHCERT,Number of Technical Certificate entrties included in value added measure.,A5-KS5-Tech,KS4 + KS5  Ages 11 to 18 Mixed sex,NE
1069,KS5_25,VA_INS_TECHCERT,Technical Certificate value added score,A5-KS5,KS4 + KS5  Ages 11 to 18 Mixed sex,NE
1070,KS5_25,UCI_INS_TECHCERT,Technical Certificate  value added upper confidence limit,A5-KS5,KS4 + KS5  Ages 11 to 18 Mixed sex,NE
1071,KS5_25,LCI_INS_TECHCERT,Technical Certificate value added lower confidence limit,A5-KS5,KS4 + KS5  Ages 11 to 18 Mixed sex,NE
1072,KS5_25,PROGRESS_BAND_TECHCERT,Technical Certificate progress band,A5-KS5,KS4 + KS5  Ages 11 to 18 Mixed sex,NA
1073,KS5_25,ENTRIES_ALEV_DIS,Number of A level entries by disadvantaged students included in value added measure,A5-KS5-Attainment,KS4 + KS5  Ages 11 to 18 Mixed sex,60
1074,KS5_25,VA_INS_ALEV_DIS,A level value added score for disadvantaged students,A5-KS5-Progress,KS4 + KS5  Ages 11 to 18 Mixed sex,-0.34
1075,KS5_25,UCI_INS_ALEV_DIS,A level  value added upper confidence limit for disadvantaged students,A5-KS5-Progress,KS4 + KS5  Ages 11 to 18 Mixed sex,-0.03
1076,KS5_25,LCI_INS_ALEV_DIS,A level value added lower confidence limit for disadvantaged students,A5-KS5-Progress,KS4 + KS5  Ages 11 to 18 Mixed sex,-0.64
1077,KS5_25,ENTRIES_ACAD_DIS,Number of academic entries by disadvantaged students included in value added measure,A5-KS5-Academic,KS4 + KS5  Ages 11 to 18 Mixed sex,60
1078,KS5_25,VA_INS_ACAD_DIS,Academic value added score for disadvantaged students,A5-KS5-Progress,KS4 + KS5  Ages 11 to 18 Mixed sex,-0.34
1079,KS5_25,UCI_INS_ACAD_DIS,Academic value added upper confidence limit for disadvantaged students,A5-KS5-Progress,KS4 + KS5  Ages 11 to 18 Mixed sex,-0.03
1080,KS5_25,LCI_INS_ACAD_DIS,Academic value added lower confidence limit for disadvantaged students,A5-KS5-Progress,KS4 + KS5  Ages 11 to 18 Mixed sex,-0.64
1081,KS5_25,ENTRIES_AGEN_DIS,Number of applied general entries by disadvantaged students included in value added measure,A5-KS5-Applied,KS4 + KS5  Ages 11 to 18 Mixed sex,NE
1082,KS5_25,VA_INS_AGEN_DIS,Applied general value added score for disadvantaged students,A5-KS5-Progress,KS4 + KS5  Ages 11 to 18 Mixed sex,NE
1083,KS5_25,UCI_INS_AGEN_DIS,Applied general value added upper confidence limit for disadvantaged students,A5-KS5-Progress,KS4 + KS5  Ages 11 to 18 Mixed sex,NE
1084,KS5_25,LCI_INS_AGEN_DIS,Applied general value added lower confidence limit for disadvantaged students,A5-KS5-Progress,KS4 + KS5  Ages 11 to 18 Mixed sex,NE
1085,KS5_25,ENTRIES_TLEV_DIS,Number of tech level entries by disadvantaged students included in value added measure,A5-KS5-TLevels,KS4 + KS5  Ages 11 to 18 Mixed sex,NE
1086,KS5_25,VA_INS_TLEV_DIS,Tech level value added score for disadvantaged students,A5-KS5,KS4 + KS5  Ages 11 to 18 Mixed sex,NE
1087,KS5_25,UCI_INS_TLEV_DIS,Tech level value added upper confidence limit for disadvantaged students,A5-KS5,KS4 + KS5  Ages 11 to 18 Mixed sex,NE
1088,KS5_25,LCI_INS_TLEV_DIS,Tech level value added lower confidence limit for disadvantaged students,A5-KS5,KS4 + KS5  Ages 11 to 18 Mixed sex,NE
1089,KS5_25,ENTRIES_TECHCERT_DIS,Number of Technical Certificate entries by disadvantaged students included in value added measure,A5-KS5-Tech,KS4 + KS5  Ages 11 to 18 Mixed sex,NE
1090,KS5_25,VA_INS_TECHCERT_DIS,Technical Certificate value added score for disadvantaged students,A5-KS5,KS4 + KS5  Ages 11 to 18 Mixed sex,NE
1091,KS5_25,UCI_INS_TECHCERT_DIS,Technical Certificate value added upper confidence limit for disadvantaged students,A5-KS5,KS4 + KS5  Ages 11 to 18 Mixed sex,NE
1092,KS5_25,LCI_INS_TECHCERT_DIS,Technical Certificate value added lower confidence limit for disadvantaged students,A5-KS5,KS4 + KS5  Ages 11 to 18 Mixed sex,NE
1093,KS5_25,ENTRIES_ALEV_NOTDIS,Number of A level entries by non-disadvantaged students included in value added measure,A5-KS5-Attainment,KS4 + KS5  Ages 11 to 18 Mixed sex,753
1094,KS5_25,VA_INS_ALEV_NOTDIS,A level value added score for non-disadvantaged students,A5-KS5-Progress,KS4 + KS5  Ages 11 to 18 Mixed sex,0
1095,KS5_25,UCI_INS_ALEV_NOTDIS,A level  value added upper confidence limit for non-disadvantaged students,A5-KS5-Progress,KS4 + KS5  Ages 11 to 18 Mixed sex,0.08
1096,KS5_25,LCI_INS_ALEV_NOTDIS,A level value added lower confidence limit for non-disadvantaged students,A5-KS5-Progress,KS4 + KS5  Ages 11 to 18 Mixed sex,-0.08
1097,KS5_25,ENTRIES_ACAD_NOTDIS,Number of academic entries by non-disadvantaged students included in value added measure,A5-KS5-Academic,KS4 + KS5  Ages 11 to 18 Mixed sex,753
1098,KS5_25,VA_INS_ACAD_NOTDIS,Academic value added score for non-disadvantaged students,A5-KS5-Progress,KS4 + KS5  Ages 11 to 18 Mixed sex,0
1099,KS5_25,UCI_INS_ACAD_NOTDIS,Academic value added upper confidence limit for non-disadvantaged students,A5-KS5-Progress,KS4 + KS5  Ages 11 to 18 Mixed sex,0.08
1100,KS5_25,LCI_INS_ACAD_NOTDIS,Academic value added lower confidence limit for non-disadvantaged students,A5-KS5-Progress,KS4 + KS5  Ages 11 to 18 Mixed sex,-0.08
1101,KS5_25,ENTRIES_AGEN_NOTDIS,Number of applied general entries by non-disadvantaged students included in value added measure,A5-KS5-Applied,KS4 + KS5  Ages 11 to 18 Mixed sex,NE
1102,KS5_25,VA_INS_AGEN_NOTDIS,Applied general value added score for non-disadvantaged students,A5-KS5-Progress,KS4 + KS5  Ages 11 to 18 Mixed sex,NE
1103,KS5_25,UCI_INS_AGEN_NOTDIS,Applied general value added upper confidence limit for non-disadvantaged students,A5-KS5-Progress,KS4 + KS5  Ages 11 to 18 Mixed sex,NE
1104,KS5_25,LCI_INS_AGEN_NOTDIS,Applied general value added lower confidence limit for non-disadvantaged students,A5-KS5-Progress,KS4 + KS5  Ages 11 to 18 Mixed sex,NE
1105,KS5_25,ENTRIES_TLEV_NOTDIS,Number of tech level entries by non-disadvantaged students included in value added measure,A5-KS5-TLevels,KS4 + KS5  Ages 11 to 18 Mixed sex,NE
1106,KS5_25,VA_INS_TLEV_NOTDIS,Tech level value added score for non-disadvantaged students,A5-KS5,KS4 + KS5  Ages 11 to 18 Mixed sex,NE
1107,KS5_25,UCI_INS_TLEV_NOTDIS,Tech level value added upper confidence limit for non-disadvantaged students,A5-KS5,KS4 + KS5  Ages 11 to 18 Mixed sex,NE
1108,KS5_25,LCI_INS_TLEV_NOTDIS,Tech level value added lower confidence limit for non-disadvantaged students,A5-KS5,KS4 + KS5  Ages 11 to 18 Mixed sex,NE
1109,KS5_25,ENTRIES_TECHCERT_NOTDIS,Number of Technical Certificate entries by non-disadvantaged students included in value added measure,A5-KS5-Tech,KS4 + KS5  Ages 11 to 18 Mixed sex,NE
1110,KS5_25,VA_INS_TECHCERT_NOTDIS,Technical Certificate value added score for non-disadvantaged students,A5-KS5,KS4 + KS5  Ages 11 to 18 Mixed sex,NE
1111,KS5_25,UCI_INS_TECHCERT_NOTDIS,Technical Certificate value added upper confidence limit for non-disadvantaged students,A5-KS5,KS4 + KS5  Ages 11 to 18 Mixed sex,NE
1112,KS5_25,LCI_INS_TECHCERT_NOTDIS,Technical Certificate value added lower confidence limit for non-disadvantaged students,A5-KS5,KS4 + KS5  Ages 11 to 18 Mixed sex,NE
1113,KS5_25,TALLPUP_1618_24,This is a historical variable. It holds the 2024 value of the corresponding variable. Please see the current variable for the variable description.,A5-KS5-Attainment,KS4 + KS5  Ages 11 to 18 Mixed sex,206
1114,KS5_25,TALLPUP_1618_23,This is a historical variable. It holds the 2023 value of the corresponding variable. Please see the current variable for the variable description.,A5-KS5-Attainment,KS4 + KS5  Ages 11 to 18 Mixed sex,191
1115,KS5_25,TALLPUP_1618_22,This is a historical variable. It holds the 2022 value of the corresponding variable. Please see the current variable for the variable description.,A5-KS5-Attainment,KS4 + KS5  Ages 11 to 18 Mixed sex,212
1116,KS5_25,TALLPUP_ALEV_1618_24,This is a historical variable. It holds the 2024 value of the corresponding variable. Please see the current variable for the variable description.,A5-KS5-Attainment,KS4 + KS5  Ages 11 to 18 Mixed sex,205
1117,KS5_25,TALLPUP_ALEV_1618_23,This is a historical variable. It holds the 2023 value of the corresponding variable. Please see the current variable for the variable description.,A5-KS5-Attainment,KS4 + KS5  Ages 11 to 18 Mixed sex,190
1118,KS5_25,TALLPUP_ALEV_1618_22,This is a historical variable. It holds the 2022 value of the corresponding variable. Please see the current variable for the variable description.,A5-KS5-Attainment,KS4 + KS5  Ages 11 to 18 Mixed sex,208
1119,KS5_25,TALLPPE_ALEV_1618_24,This is a historical variable. It holds the 2024 value of the corresponding variable. Please see the current variable for the variable description.,A5-KS5-Attainment,KS4 + KS5  Ages 11 to 18 Mixed sex,47.28
1120,KS5_25,TALLPPE_ALEV_1618_23,This is a historical variable. It holds the 2023 value of the corresponding variable. Please see the current variable for the variable description.,A5-KS5-Attainment,KS4 + KS5  Ages 11 to 18 Mixed sex,45.75
1121,KS5_25,TALLPPE_ALEV_1618_22,This is a historical variable. It holds the 2022 value of the corresponding variable. Please see the current variable for the variable description.,A5-KS5-Attainment,KS4 + KS5  Ages 11 to 18 Mixed sex,48.15
1122,KS5_25,TALLPPEGRD_ALEV_1618_24,This is a historical variable. It holds the 2024 value of the corresponding variable. Please see the current variable for the variable description.,A5-KS5-Attainment,KS4 + KS5  Ages 11 to 18 Mixed sex,A-
1123,KS5_25,TALLPPEGRD_ALEV_1618_23,This is a historical variable. It holds the 2023 value of the corresponding variable. Please see the current variable for the variable description.,A5-KS5-Attainment,KS4 + KS5  Ages 11 to 18 Mixed sex,A-
1124,KS5_25,TALLPPEGRD_ALEV_1618_22,This is a historical variable. It holds the 2022 value of the corresponding variable. Please see the current variable for the variable description.,A5-KS5-Attainment,KS4 + KS5  Ages 11 to 18 Mixed sex,A-
1125,KS5_25,TALLPUP_ACAD_1618_24,This is a historical variable. It holds the 2024 value of the corresponding variable. Please see the current variable for the variable description.,A5-KS5-Academic,KS4 + KS5  Ages 11 to 18 Mixed sex,205
1126,KS5_25,TALLPUP_ACAD_1618_23,This is a historical variable. It holds the 2023 value of the corresponding variable. Please see the current variable for the variable description.,A5-KS5-Academic,KS4 + KS5  Ages 11 to 18 Mixed sex,190
1127,KS5_25,TALLPUP_ACAD_1618_22,This is a historical variable. It holds the 2022 value of the corresponding variable. Please see the current variable for the variable description.,A5-KS5-Academic,KS4 + KS5  Ages 11 to 18 Mixed sex,208
1128,KS5_25,TALLPPE_ACAD_1618_24,This is a historical variable. It holds the 2024 value of the corresponding variable. Please see the current variable for the variable description.,A5-KS5-Academic,KS4 + KS5  Ages 11 to 18 Mixed sex,47.28
1129,KS5_25,TALLPPE_ACAD_1618_23,This is a historical variable. It holds the 2023 value of the corresponding variable. Please see the current variable for the variable description.,A5-KS5-Academic,KS4 + KS5  Ages 11 to 18 Mixed sex,45.75
1130,KS5_25,TALLPPE_ACAD_1618_22,This is a historical variable. It holds the 2022 value of the corresponding variable. Please see the current variable for the variable description.,A5-KS5-Academic,KS4 + KS5  Ages 11 to 18 Mixed sex,48.15
1131,KS5_25,TALLPPEGRD_ACAD_1618_24,This is a historical variable. It holds the 2024 value of the corresponding variable. Please see the current variable for the variable description.,A5-KS5-Academic,KS4 + KS5  Ages 11 to 18 Mixed sex,A-
1132,KS5_25,TALLPPEGRD_ACAD_1618_23,This is a historical variable. It holds the 2023 value of the corresponding variable. Please see the current variable for the variable description.,A5-KS5-Academic,KS4 + KS5  Ages 11 to 18 Mixed sex,A-
1133,KS5_25,TALLPPEGRD_ACAD_1618_22,This is a historical variable. It holds the 2022 value of the corresponding variable. Please see the current variable for the variable description.,A5-KS5-Academic,KS4 + KS5  Ages 11 to 18 Mixed sex,A-
1134,KS5_25,TALLPUP_AGEN_24,This is a historical variable. It holds the 2024 value of the corresponding variable. Please see the current variable for the variable description.,A5-KS5-Applied,KS4 + KS5  Ages 11 to 18 Mixed sex,NE
1135,KS5_25,TALLPUP_AGEN_23,This is a historical variable. It holds the 2023 value of the corresponding variable. Please see the current variable for the variable description.,A5-KS5-Applied,KS4 + KS5  Ages 11 to 18 Mixed sex,NE
1136,KS5_25,TALLPUP_AGEN_22,This is a historical variable. It holds the 2022 value of the corresponding variable. Please see the current variable for the variable description.,A5-KS5-Applied,KS4 + KS5  Ages 11 to 18 Mixed sex,NE
1137,KS5_25,TALLPPE_AGEN_24,This is a historical variable. It holds the 2024 value of the corresponding variable. Please see the current variable for the variable description.,A5-KS5-Applied,KS4 + KS5  Ages 11 to 18 Mixed sex,NE
1138,KS5_25,TALLPPE_AGEN_23,This is a historical variable. It holds the 2023 value of the corresponding variable. Please see the current variable for the variable description.,A5-KS5-Applied,KS4 + KS5  Ages 11 to 18 Mixed sex,NE
1139,KS5_25,TALLPPE_AGEN_22,This is a historical variable. It holds the 2022 value of the corresponding variable. Please see the current variable for the variable description.,A5-KS5-Applied,KS4 + KS5  Ages 11 to 18 Mixed sex,NE
1140,KS5_25,TALLPPEGRD_AGEN_24,This is a historical variable. It holds the 2024 value of the corresponding variable. Please see the current variable for the variable description.,A5-KS5-Applied,KS4 + KS5  Ages 11 to 18 Mixed sex,NE
1141,KS5_25,TALLPPEGRD_AGEN_23,This is a historical variable. It holds the 2023 value of the corresponding variable. Please see the current variable for the variable description.,A5-KS5-Applied,KS4 + KS5  Ages 11 to 18 Mixed sex,NE
1142,KS5_25,TALLPPEGRD_AGEN_22,This is a historical variable. It holds the 2022 value of the corresponding variable. Please see the current variable for the variable description.,A5-KS5-Applied,KS4 + KS5  Ages 11 to 18 Mixed sex,NE
1143,KS5_25,TALLPUP_TLEV_24,This is a historical variable. It holds the 2024 value of the corresponding variable. Please see the current variable for the variable description.,A5-KS5-TLevels,KS4 + KS5  Ages 11 to 18 Mixed sex,NE
1144,KS5_25,TALLPUP_TLEV_23,This is a historical variable. It holds the 2023 value of the corresponding variable. Please see the current variable for the variable description.,A5-KS5-TLevels,KS4 + KS5  Ages 11 to 18 Mixed sex,NE
1145,KS5_25,TALLPUP_TLEV_22,This is a historical variable. It holds the 2022 value of the corresponding variable. Please see the current variable for the variable description.,A5-KS5-TLevels,KS4 + KS5  Ages 11 to 18 Mixed sex,NE
1146,KS5_25,TALLPPE_TLEV_24,This is a historical variable. It holds the 2024 value of the corresponding variable. Please see the current variable for the variable description.,A5-KS5-TLevels,KS4 + KS5  Ages 11 to 18 Mixed sex,NE
1147,KS5_25,TALLPPE_TLEV_23,This is a historical variable. It holds the 2023 value of the corresponding variable. Please see the current variable for the variable description.,A5-KS5-TLevels,KS4 + KS5  Ages 11 to 18 Mixed sex,NE
1148,KS5_25,TALLPPE_TLEV_22,This is a historical variable. It holds the 2022 value of the corresponding variable. Please see the current variable for the variable description.,A5-KS5-TLevels,KS4 + KS5  Ages 11 to 18 Mixed sex,NE
1149,KS5_25,TALLPPEGRD_TLEV_24,This is a historical variable. It holds the 2024 value of the corresponding variable. Please see the current variable for the variable description.,A5-KS5-TLevels,KS4 + KS5  Ages 11 to 18 Mixed sex,NE
1150,KS5_25,TALLPPEGRD_TLEV_23,This is a historical variable. It holds the 2023 value of the corresponding variable. Please see the current variable for the variable description.,A5-KS5-TLevels,KS4 + KS5  Ages 11 to 18 Mixed sex,NE
1151,KS5_25,TALLPPEGRD_TLEV_22,This is a historical variable. It holds the 2022 value of the corresponding variable. Please see the current variable for the variable description.,A5-KS5-TLevels,KS4 + KS5  Ages 11 to 18 Mixed sex,NE
1152,KS5_25,TALLPUP_TECHCERT_24,This is a historical variable. It holds the 2024 value of the corresponding variable. Please see the current variable for the variable description.,A5-KS5-Tech,KS4 + KS5  Ages 11 to 18 Mixed sex,NE
1153,KS5_25,TALLPUP_TECHCERT_23,This is a historical variable. It holds the 2023 value of the corresponding variable. Please see the current variable for the variable description.,A5-KS5-Tech,KS4 + KS5  Ages 11 to 18 Mixed sex,NE
1154,KS5_25,TALLPUP_TECHCERT_22,This is a historical variable. It holds the 2022 value of the corresponding variable. Please see the current variable for the variable description.,A5-KS5-Tech,KS4 + KS5  Ages 11 to 18 Mixed sex,NE
1155,KS5_25,TALLPPE_TECHCERT_24,This is a historical variable. It holds the 2024 value of the corresponding variable. Please see the current variable for the variable description.,A5-KS5-Tech,KS4 + KS5  Ages 11 to 18 Mixed sex,NE
1156,KS5_25,TALLPPE_TECHCERT_23,This is a historical variable. It holds the 2023 value of the corresponding variable. Please see the current variable for the variable description.,A5-KS5-Tech,KS4 + KS5  Ages 11 to 18 Mixed sex,NE
1157,KS5_25,TALLPPE_TECHCERT_22,This is a historical variable. It holds the 2022 value of the corresponding variable. Please see the current variable for the variable description.,A5-KS5-Tech,KS4 + KS5  Ages 11 to 18 Mixed sex,NE
1158,KS5_25,TALLPPEGRD_TECHCERT_24,This is a historical variable. It holds the 2024 value of the corresponding variable. Please see the current variable for the variable description.,A5-KS5-Tech,KS4 + KS5  Ages 11 to 18 Mixed sex,NE
1159,KS5_25,TALLPPEGRD_TECHCERT_23,This is a historical variable. It holds the 2023 value of the corresponding variable. Please see the current variable for the variable description.,A5-KS5-Tech,KS4 + KS5  Ages 11 to 18 Mixed sex,NE
1160,KS5_25,TALLPPEGRD_TECHCERT_22,This is a historical variable. It holds the 2022 value of the corresponding variable. Please see the current variable for the variable description.,A5-KS5-Tech,KS4 + KS5  Ages 11 to 18 Mixed sex,NE
1161,KS5_25,T_AIMS_CA_24,This is a historical variable. It holds the 2024 value of the corresponding variable. Please see the current variable for the variable description.,A5-KS5,KS4 + KS5  Ages 11 to 18 Mixed sex,
1162,KS5_25,T_AIMS_CA_23,This is a historical variable. It holds the 2023 value of the corresponding variable. Please see the current variable for the variable description.,A5-KS5,KS4 + KS5  Ages 11 to 18 Mixed sex,
1163,KS5_25,T_AIMS_CA_22,This is a historical variable. It holds the 2022 value of the corresponding variable. Please see the current variable for the variable description.,A5-KS5,KS4 + KS5  Ages 11 to 18 Mixed sex,
1164,KS5_25,T_SCOPEEX_E_24,This is a historical variable. It holds the 2024 value of the corresponding variable. Please see the current variable for the variable description.,A5-KS5-Attainment,KS4 + KS5  Ages 11 to 18 Mixed sex,
1165,KS5_25,T_SCOPEEX_E_23,This is a historical variable. It holds the 2023 value of the corresponding variable. Please see the current variable for the variable description.,A5-KS5-Attainment,KS4 + KS5  Ages 11 to 18 Mixed sex,
1166,KS5_25,T_SCOPEEX_E_22,This is a historical variable. It holds the 2022 value of the corresponding variable. Please see the current variable for the variable description.,A5-KS5-Attainment,KS4 + KS5  Ages 11 to 18 Mixed sex,
1167,KS5_25,PROGEX_E_24,This is a historical variable. It holds the 2024 value of the corresponding variable. Please see the current variable for the variable description.,A5-KS5-Attainment,KS4 + KS5  Ages 11 to 18 Mixed sex,
1168,KS5_25,PROGEX_E_23,This is a historical variable. It holds the 2023 value of the corresponding variable. Please see the current variable for the variable description.,A5-KS5-Attainment,KS4 + KS5  Ages 11 to 18 Mixed sex,
1169,KS5_25,PROGEX_E_22,This is a historical variable. It holds the 2022 value of the corresponding variable. Please see the current variable for the variable description.,A5-KS5-Attainment,KS4 + KS5  Ages 11 to 18 Mixed sex,
1170,KS5_25,T_SCOPEEX_M_24,This is a historical variable. It holds the 2024 value of the corresponding variable. Please see the current variable for the variable description.,A5-KS5-Attainment,KS4 + KS5  Ages 11 to 18 Mixed sex,
1171,KS5_25,T_SCOPEEX_M_23,This is a historical variable. It holds the 2023 value of the corresponding variable. Please see the current variable for the variable description.,A5-KS5-Attainment,KS4 + KS5  Ages 11 to 18 Mixed sex,
1172,KS5_25,T_SCOPEEX_M_22,This is a historical variable. It holds the 2022 value of the corresponding variable. Please see the current variable for the variable description.,A5-KS5-Attainment,KS4 + KS5  Ages 11 to 18 Mixed sex,
1173,KS5_25,PROGEX_M_24,This is a historical variable. It holds the 2024 value of the corresponding variable. Please see the current variable for the variable description.,A5-KS5-Attainment,KS4 + KS5  Ages 11 to 18 Mixed sex,
1174,KS5_25,PROGEX_M_23,This is a historical variable. It holds the 2023 value of the corresponding variable. Please see the current variable for the variable description.,A5-KS5-Attainment,KS4 + KS5  Ages 11 to 18 Mixed sex,
1175,KS5_25,PROGEX_M_22,This is a historical variable. It holds the 2022 value of the corresponding variable. Please see the current variable for the variable description.,A5-KS5-Attainment,KS4 + KS5  Ages 11 to 18 Mixed sex,
1176,KS5_25,ENTRIES_ALEV_24,This is a historical variable. It holds the 2024 value of the corresponding variable. Please see the current variable for the variable description.,A5-KS5-Attainment,KS4 + KS5  Ages 11 to 18 Mixed sex,777
1177,KS5_25,ENTRIES_ALEV_23,This is a historical variable. It holds the 2023 value of the corresponding variable. Please see the current variable for the variable description.,A5-KS5-Attainment,KS4 + KS5  Ages 11 to 18 Mixed sex,
1178,KS5_25,ENTRIES_ALEV_22,This is a historical variable. It holds the 2022 value of the corresponding variable. Please see the current variable for the variable description.,A5-KS5-Attainment,KS4 + KS5  Ages 11 to 18 Mixed sex,
1179,KS5_25,VA_INS_ALEV_24,This is a historical variable. It holds the 2024 value of the corresponding variable. Please see the current variable for the variable description.,A5-KS5-Progress,KS4 + KS5  Ages 11 to 18 Mixed sex,0.01
1180,KS5_25,VA_INS_ALEV_23,This is a historical variable. It holds the 2023 value of the corresponding variable. Please see the current variable for the variable description.,A5-KS5-Progress,KS4 + KS5  Ages 11 to 18 Mixed sex,
1181,KS5_25,VA_INS_ALEV_22,This is a historical variable. It holds the 2022 value of the corresponding variable. Please see the current variable for the variable description.,A5-KS5-Progress,KS4 + KS5  Ages 11 to 18 Mixed sex,
1182,KS5_25,PROGRESS_BAND_ALEV_24,This is a historical variable. It holds the 2024 value of the corresponding variable. Please see the current variable for the variable description.,A5-KS5-Progress,KS4 + KS5  Ages 11 to 18 Mixed sex,3
1183,KS5_25,UCI_INS_ALEV_24,This is a historical variable. It holds the 2024 value of the corresponding variable. Please see the current variable for the variable description.,A5-KS5-Progress,KS4 + KS5  Ages 11 to 18 Mixed sex,0.09
1184,KS5_25,UCI_INS_ALEV_23,This is a historical variable. It holds the 2023 value of the corresponding variable. Please see the current variable for the variable description.,A5-KS5-Progress,KS4 + KS5  Ages 11 to 18 Mixed sex,
1185,KS5_25,UCI_INS_ALEV_22,This is a historical variable. It holds the 2022 value of the corresponding variable. Please see the current variable for the variable description.,A5-KS5-Progress,KS4 + KS5  Ages 11 to 18 Mixed sex,
1186,KS5_25,LCI_INS_ALEV_24,This is a historical variable. It holds the 2024 value of the corresponding variable. Please see the current variable for the variable description.,A5-KS5-Progress,KS4 + KS5  Ages 11 to 18 Mixed sex,-0.07
1187,KS5_25,LCI_INS_ALEV_23,This is a historical variable. It holds the 2023 value of the corresponding variable. Please see the current variable for the variable description.,A5-KS5-Progress,KS4 + KS5  Ages 11 to 18 Mixed sex,
1188,KS5_25,LCI_INS_ALEV_22,This is a historical variable. It holds the 2022 value of the corresponding variable. Please see the current variable for the variable description.,A5-KS5-Progress,KS4 + KS5  Ages 11 to 18 Mixed sex,
1189,KS5_25,ENTRIES_ACAD_24,This is a historical variable. It holds the 2024 value of the corresponding variable. Please see the current variable for the variable description.,A5-KS5-Academic,KS4 + KS5  Ages 11 to 18 Mixed sex,777
1190,KS5_25,ENTRIES_ACAD_23,This is a historical variable. It holds the 2023 value of the corresponding variable. Please see the current variable for the variable description.,A5-KS5-Academic,KS4 + KS5  Ages 11 to 18 Mixed sex,
1191,KS5_25,ENTRIES_ACAD_22,This is a historical variable. It holds the 2022 value of the corresponding variable. Please see the current variable for the variable description.,A5-KS5-Academic,KS4 + KS5  Ages 11 to 18 Mixed sex,
1192,KS5_25,VA_INS_ACAD_24,This is a historical variable. It holds the 2024 value of the corresponding variable. Please see the current variable for the variable description.,A5-KS5-Progress,KS4 + KS5  Ages 11 to 18 Mixed sex,0.01
1193,KS5_25,VA_INS_ACAD_23,This is a historical variable. It holds the 2023 value of the corresponding variable. Please see the current variable for the variable description.,A5-KS5-Progress,KS4 + KS5  Ages 11 to 18 Mixed sex,
1194,KS5_25,VA_INS_ACAD_22,This is a historical variable. It holds the 2022 value of the corresponding variable. Please see the current variable for the variable description.,A5-KS5-Progress,KS4 + KS5  Ages 11 to 18 Mixed sex,
1195,KS5_25,PROGRESS_BAND_ACAD_24,This is a historical variable. It holds the 2024 value of the corresponding variable. Please see the current variable for the variable description.,A5-KS5,KS4 + KS5  Ages 11 to 18 Mixed sex,3
1196,KS5_25,UCI_INS_ACAD_24,This is a historical variable. It holds the 2024 value of the corresponding variable. Please see the current variable for the variable description.,A5-KS5-Progress,KS4 + KS5  Ages 11 to 18 Mixed sex,0.09
1197,KS5_25,UCI_INS_ACAD_23,This is a historical variable. It holds the 2023 value of the corresponding variable. Please see the current variable for the variable description.,A5-KS5-Progress,KS4 + KS5  Ages 11 to 18 Mixed sex,
1198,KS5_25,UCI_INS_ACAD_22,This is a historical variable. It holds the 2022 value of the corresponding variable. Please see the current variable for the variable description.,A5-KS5-Progress,KS4 + KS5  Ages 11 to 18 Mixed sex,
1199,KS5_25,LCI_INS_ACAD_24,This is a historical variable. It holds the 2024 value of the corresponding variable. Please see the current variable for the variable description.,A5-KS5-Progress,KS4 + KS5  Ages 11 to 18 Mixed sex,-0.07
1200,KS5_25,LCI_INS_ACAD_23,This is a historical variable. It holds the 2023 value of the corresponding variable. Please see the current variable for the variable description.,A5-KS5-Progress,KS4 + KS5  Ages 11 to 18 Mixed sex,
1201,KS5_25,LCI_INS_ACAD_22,This is a historical variable. It holds the 2022 value of the corresponding variable. Please see the current variable for the variable description.,A5-KS5-Progress,KS4 + KS5  Ages 11 to 18 Mixed sex,
1202,KS5_25,ENTRIES_AGEN_24,This is a historical variable. It holds the 2024 value of the corresponding variable. Please see the current variable for the variable description.,A5-KS5-Applied,KS4 + KS5  Ages 11 to 18 Mixed sex,NE
1203,KS5_25,ENTRIES_AGEN_23,This is a historical variable. It holds the 2023 value of the corresponding variable. Please see the current variable for the variable description.,A5-KS5-Applied,KS4 + KS5  Ages 11 to 18 Mixed sex,
1204,KS5_25,ENTRIES_AGEN_22,This is a historical variable. It holds the 2022 value of the corresponding variable. Please see the current variable for the variable description.,A5-KS5-Applied,KS4 + KS5  Ages 11 to 18 Mixed sex,
1205,KS5_25,VA_INS_AGEN_24,This is a historical variable. It holds the 2024 value of the corresponding variable. Please see the current variable for the variable description.,A5-KS5-Progress,KS4 + KS5  Ages 11 to 18 Mixed sex,NE
1206,KS5_25,VA_INS_AGEN_23,This is a historical variable. It holds the 2023 value of the corresponding variable. Please see the current variable for the variable description.,A5-KS5-Progress,KS4 + KS5  Ages 11 to 18 Mixed sex,
1207,KS5_25,VA_INS_AGEN_22,This is a historical variable. It holds the 2022 value of the corresponding variable. Please see the current variable for the variable description.,A5-KS5-Progress,KS4 + KS5  Ages 11 to 18 Mixed sex,
1208,KS5_25,PROGRESS_BAND_AGEN_24,This is a historical variable. It holds the 2024 value of the corresponding variable. Please see the current variable for the variable description.,A5-KS5,KS4 + KS5  Ages 11 to 18 Mixed sex,
1209,KS5_25,UCI_INS_AGEN_24,This is a historical variable. It holds the 2024 value of the corresponding variable. Please see the current variable for the variable description.,A5-KS5-Progress,KS4 + KS5  Ages 11 to 18 Mixed sex,NE
1210,KS5_25,UCI_INS_AGEN_23,This is a historical variable. It holds the 2023 value of the corresponding variable. Please see the current variable for the variable description.,A5-KS5-Progress,KS4 + KS5  Ages 11 to 18 Mixed sex,
1211,KS5_25,UCI_INS_AGEN_22,This is a historical variable. It holds the 2022 value of the corresponding variable. Please see the current variable for the variable description.,A5-KS5-Progress,KS4 + KS5  Ages 11 to 18 Mixed sex,
1212,KS5_25,LCI_INS_AGEN_24,This is a historical variable. It holds the 2024 value of the corresponding variable. Please see the current variable for the variable description.,A5-KS5-Progress,KS4 + KS5  Ages 11 to 18 Mixed sex,NE
1213,KS5_25,LCI_INS_AGEN_23,This is a historical variable. It holds the 2023 value of the corresponding variable. Please see the current variable for the variable description.,A5-KS5-Progress,KS4 + KS5  Ages 11 to 18 Mixed sex,
1214,KS5_25,LCI_INS_AGEN_22,This is a historical variable. It holds the 2022 value of the corresponding variable. Please see the current variable for the variable description.,A5-KS5-Progress,KS4 + KS5  Ages 11 to 18 Mixed sex,
1215,KS5_25,T_INSCOPE_ALEV_RET_24,This is a historical variable. It holds the 2024 value of the corresponding variable. Please see the current variable for the variable description.,A5-KS5,KS4 + KS5  Ages 11 to 18 Mixed sex,206
1216,KS5_25,T_INSCOPE_ALEV_RET_23,This is a historical variable. It holds the 2023 value of the corresponding variable. Please see the current variable for the variable description.,A5-KS5,KS4 + KS5  Ages 11 to 18 Mixed sex,190
1217,KS5_25,T_INSCOPE_ALEV_RET_22,This is a historical variable. It holds the 2022 value of the corresponding variable. Please see the current variable for the variable description.,A5-KS5,KS4 + KS5  Ages 11 to 18 Mixed sex,211
1218,KS5_25,PT_RETAINED_ALEV_RET_24,This is a historical variable. It holds the 2024 value of the corresponding variable. Please see the current variable for the variable description.,A5-KS5-Facilitating,KS4 + KS5  Ages 11 to 18 Mixed sex,100.00%
1219,KS5_25,PT_RETAINED_ALEV_RET_23,This is a historical variable. It holds the 2023 value of the corresponding variable. Please see the current variable for the variable description.,A5-KS5-Facilitating,KS4 + KS5  Ages 11 to 18 Mixed sex,99.50%
1220,KS5_25,PT_RETAINED_ALEV_RET_22,This is a historical variable. It holds the 2022 value of the corresponding variable. Please see the current variable for the variable description.,A5-KS5-Facilitating,KS4 + KS5  Ages 11 to 18 Mixed sex,98.60%
1221,KS5_25,T_INSCOPE_ACAD_RET_24,This is a historical variable. It holds the 2024 value of the corresponding variable. Please see the current variable for the variable description.,A5-KS5,KS4 + KS5  Ages 11 to 18 Mixed sex,206
1222,KS5_25,T_INSCOPE_ACAD_RET_23,This is a historical variable. It holds the 2023 value of the corresponding variable. Please see the current variable for the variable description.,A5-KS5,KS4 + KS5  Ages 11 to 18 Mixed sex,190
1223,KS5_25,T_INSCOPE_ACAD_RET_22,This is a historical variable. It holds the 2022 value of the corresponding variable. Please see the current variable for the variable description.,A5-KS5,KS4 + KS5  Ages 11 to 18 Mixed sex,211
1224,KS5_25,PT_RETAINED_ACAD_RET_24,This is a historical variable. It holds the 2024 value of the corresponding variable. Please see the current variable for the variable description.,A5-KS5-Facilitating,KS4 + KS5  Ages 11 to 18 Mixed sex,100.00%
1225,KS5_25,PT_RETAINED_ACAD_RET_23,This is a historical variable. It holds the 2023 value of the corresponding variable. Please see the current variable for the variable description.,A5-KS5-Facilitating,KS4 + KS5  Ages 11 to 18 Mixed sex,99.50%
1226,KS5_25,PT_RETAINED_ACAD_RET_22,This is a historical variable. It holds the 2022 value of the corresponding variable. Please see the current variable for the variable description.,A5-KS5-Facilitating,KS4 + KS5  Ages 11 to 18 Mixed sex,98.60%
1227,KS5_25,T_INSCOPE_AGEN_RET_24,This is a historical variable. It holds the 2024 value of the corresponding variable. Please see the current variable for the variable description.,A5-KS5,KS4 + KS5  Ages 11 to 18 Mixed sex,NE
1228,KS5_25,T_INSCOPE_AGEN_RET_23,This is a historical variable. It holds the 2023 value of the corresponding variable. Please see the current variable for the variable description.,A5-KS5,KS4 + KS5  Ages 11 to 18 Mixed sex,NE
1229,KS5_25,T_INSCOPE_AGEN_RET_22,This is a historical variable. It holds the 2022 value of the corresponding variable. Please see the current variable for the variable description.,A5-KS5,KS4 + KS5  Ages 11 to 18 Mixed sex,NE
1230,KS5_25,PT_RETAINED_AGEN_RET_24,This is a historical variable. It holds the 2024 value of the corresponding variable. Please see the current variable for the variable description.,A5-KS5-Facilitating,KS4 + KS5  Ages 11 to 18 Mixed sex,NE
1231,KS5_25,PT_RETAINED_AGEN_RET_23,This is a historical variable. It holds the 2023 value of the corresponding variable. Please see the current variable for the variable description.,A5-KS5-Facilitating,KS4 + KS5  Ages 11 to 18 Mixed sex,NE
1232,KS5_25,PT_RETAINED_AGEN_RET_22,This is a historical variable. It holds the 2022 value of the corresponding variable. Please see the current variable for the variable description.,A5-KS5-Facilitating,KS4 + KS5  Ages 11 to 18 Mixed sex,NE
1233,KS5_25,T_INSCOPE_TLEV_RET_24,This is a historical variable. It holds the 2024 value of the corresponding variable. Please see the current variable for the variable description.,A5-KS5,KS4 + KS5  Ages 11 to 18 Mixed sex,NE
1234,KS5_25,T_INSCOPE_TLEV_RET_23,This is a historical variable. It holds the 2023 value of the corresponding variable. Please see the current variable for the variable description.,A5-KS5,KS4 + KS5  Ages 11 to 18 Mixed sex,NE
1235,KS5_25,T_INSCOPE_TLEV_RET_22,This is a historical variable. It holds the 2022 value of the corresponding variable. Please see the current variable for the variable description.,A5-KS5,KS4 + KS5  Ages 11 to 18 Mixed sex,NE
1236,KS5_25,PT_RETAINED_TLEV_RET_24,This is a historical variable. It holds the 2024 value of the corresponding variable. Please see the current variable for the variable description.,A5-KS5-Facilitating,KS4 + KS5  Ages 11 to 18 Mixed sex,NE
1237,KS5_25,PT_RETAINED_TLEV_RET_23,This is a historical variable. It holds the 2023 value of the corresponding variable. Please see the current variable for the variable description.,A5-KS5-Facilitating,KS4 + KS5  Ages 11 to 18 Mixed sex,NE
1238,KS5_25,PT_RETAINED_TLEV_RET_22,This is a historical variable. It holds the 2022 value of the corresponding variable. Please see the current variable for the variable description.,A5-KS5-Facilitating,KS4 + KS5  Ages 11 to 18 Mixed sex,NE
1239,KS5_25,T_INSCOPE_TECHCERT_RET_24,This is a historical variable. It holds the 2024 value of the corresponding variable. Please see the current variable for the variable description.,A5-KS5,KS4 + KS5  Ages 11 to 18 Mixed sex,NE
1240,KS5_25,T_INSCOPE_TECHCERT_RET_23,This is a historical variable. It holds the 2023 value of the corresponding variable. Please see the current variable for the variable description.,A5-KS5,KS4 + KS5  Ages 11 to 18 Mixed sex,NE
1241,KS5_25,T_INSCOPE_TECHCERT_RET_22,This is a historical variable. It holds the 2022 value of the corresponding variable. Please see the current variable for the variable description.,A5-KS5,KS4 + KS5  Ages 11 to 18 Mixed sex,NE
1242,KS5_25,PT_RETAINED_TECHCERT_RET_24,This is a historical variable. It holds the 2024 value of the corresponding variable. Please see the current variable for the variable description.,A5-KS5-Facilitating,KS4 + KS5  Ages 11 to 18 Mixed sex,NE
1243,KS5_25,PT_RETAINED_TECHCERT_RET_23,This is a historical variable. It holds the 2023 value of the corresponding variable. Please see the current variable for the variable description.,A5-KS5-Facilitating,KS4 + KS5  Ages 11 to 18 Mixed sex,NE
1244,KS5_25,PT_RETAINED_TECHCERT_RET_22,This is a historical variable. It holds the 2022 value of the corresponding variable. Please see the current variable for the variable description.,A5-KS5-Facilitating,KS4 + KS5  Ages 11 to 18 Mixed sex,NE
1245,KS5_25,TALLPUP_1618_DIS_24,This is a historical variable. It holds the 2024 value of the corresponding variable. Please see the current variable for the variable description.,A5-KS5-Attainment,KS4 + KS5  Ages 11 to 18 Mixed sex,14
1246,KS5_25,TALLPUP_1618_DIS_23,This is a historical variable. It holds the 2023 value of the corresponding variable. Please see the current variable for the variable description.,A5-KS5-Attainment,KS4 + KS5  Ages 11 to 18 Mixed sex,12
1247,KS5_25,TALLPUP_1618_DIS_22,This is a historical variable. It holds the 2022 value of the corresponding variable. Please see the current variable for the variable description.,A5-KS5-Attainment,KS4 + KS5  Ages 11 to 18 Mixed sex,15
1248,KS5_25,TALLPUP_ALEV_1618_DIS_24,This is a historical variable. It holds the 2024 value of the corresponding variable. Please see the current variable for the variable description.,A5-KS5-Disadvantaged,KS4 + KS5  Ages 11 to 18 Mixed sex,13
1249,KS5_25,TALLPUP_ALEV_1618_DIS_23,This is a historical variable. It holds the 2023 value of the corresponding variable. Please see the current variable for the variable description.,A5-KS5-Disadvantaged,KS4 + KS5  Ages 11 to 18 Mixed sex,12
1250,KS5_25,TALLPUP_ALEV_1618_DIS_22,This is a historical variable. It holds the 2022 value of the corresponding variable. Please see the current variable for the variable description.,A5-KS5-Disadvantaged,KS4 + KS5  Ages 11 to 18 Mixed sex,15
1251,KS5_25,TALLPPE_ALEV_1618_DIS_24,This is a historical variable. It holds the 2024 value of the corresponding variable. Please see the current variable for the variable description.,A5-KS5-Attainment,KS4 + KS5  Ages 11 to 18 Mixed sex,42.28
1252,KS5_25,TALLPPE_ALEV_1618_DIS_23,This is a historical variable. It holds the 2023 value of the corresponding variable. Please see the current variable for the variable description.,A5-KS5-Attainment,KS4 + KS5  Ages 11 to 18 Mixed sex,36.08
1253,KS5_25,TALLPPE_ALEV_1618_DIS_22,This is a historical variable. It holds the 2022 value of the corresponding variable. Please see the current variable for the variable description.,A5-KS5-Attainment,KS4 + KS5  Ages 11 to 18 Mixed sex,36.09
1254,KS5_25,TALLPPEGRD_ALEV_DIS_24,This is a historical variable. It holds the 2024 value of the corresponding variable. Please see the current variable for the variable description.,A5-KS5-Attainment,KS4 + KS5  Ages 11 to 18 Mixed sex,B+
1255,KS5_25,TALLPPEGRD_ALEV_DIS_23,This is a historical variable. It holds the 2023 value of the corresponding variable. Please see the current variable for the variable description.,A5-KS5-Attainment,KS4 + KS5  Ages 11 to 18 Mixed sex,B-
1256,KS5_25,TALLPPEGRD_ALEV_DIS_22,This is a historical variable. It holds the 2022 value of the corresponding variable. Please see the current variable for the variable description.,A5-KS5-Attainment,KS4 + KS5  Ages 11 to 18 Mixed sex,B-
1257,KS5_25,TALLPUP_ACAD_1618_DIS_24,This is a historical variable. It holds the 2024 value of the corresponding variable. Please see the current variable for the variable description.,A5-KS5-Academic,KS4 + KS5  Ages 11 to 18 Mixed sex,13
1258,KS5_25,TALLPUP_ACAD_1618_DIS_23,This is a historical variable. It holds the 2023 value of the corresponding variable. Please see the current variable for the variable description.,A5-KS5-Academic,KS4 + KS5  Ages 11 to 18 Mixed sex,12
1259,KS5_25,TALLPUP_ACAD_1618_DIS_22,This is a historical variable. It holds the 2022 value of the corresponding variable. Please see the current variable for the variable description.,A5-KS5-Academic,KS4 + KS5  Ages 11 to 18 Mixed sex,15
1260,KS5_25,TALLPPE_ACAD_1618_DIS_24,This is a historical variable. It holds the 2024 value of the corresponding variable. Please see the current variable for the variable description.,A5-KS5-Academic,KS4 + KS5  Ages 11 to 18 Mixed sex,42.28
1261,KS5_25,TALLPPE_ACAD_1618_DIS_23,This is a historical variable. It holds the 2023 value of the corresponding variable. Please see the current variable for the variable description.,A5-KS5-Academic,KS4 + KS5  Ages 11 to 18 Mixed sex,36.08
1262,KS5_25,TALLPPE_ACAD_1618_DIS_22,This is a historical variable. It holds the 2022 value of the corresponding variable. Please see the current variable for the variable description.,A5-KS5-Academic,KS4 + KS5  Ages 11 to 18 Mixed sex,36.09
1263,KS5_25,TALLPPEGRD_ACAD_DIS_24,This is a historical variable. It holds the 2024 value of the corresponding variable. Please see the current variable for the variable description.,A5-KS5-Academic,KS4 + KS5  Ages 11 to 18 Mixed sex,B+
1264,KS5_25,TALLPPEGRD_ACAD_DIS_23,This is a historical variable. It holds the 2023 value of the corresponding variable. Please see the current variable for the variable description.,A5-KS5-Academic,KS4 + KS5  Ages 11 to 18 Mixed sex,B-
1265,KS5_25,TALLPPEGRD_ACAD_DIS_22,This is a historical variable. It holds the 2022 value of the corresponding variable. Please see the current variable for the variable description.,A5-KS5-Academic,KS4 + KS5  Ages 11 to 18 Mixed sex,B-
1266,KS5_25,TALLPUP_AGEN_DIS_24,This is a historical variable. It holds the 2024 value of the corresponding variable. Please see the current variable for the variable description.,A5-KS5-Applied,KS4 + KS5  Ages 11 to 18 Mixed sex,NE
1267,KS5_25,TALLPUP_AGEN_DIS_23,This is a historical variable. It holds the 2023 value of the corresponding variable. Please see the current variable for the variable description.,A5-KS5-Applied,KS4 + KS5  Ages 11 to 18 Mixed sex,NE
1268,KS5_25,TALLPUP_AGEN_DIS_22,This is a historical variable. It holds the 2022 value of the corresponding variable. Please see the current variable for the variable description.,A5-KS5-Applied,KS4 + KS5  Ages 11 to 18 Mixed sex,NE
1269,KS5_25,TALLPPE_AGEN_DIS_24,This is a historical variable. It holds the 2024 value of the corresponding variable. Please see the current variable for the variable description.,A5-KS5-Applied,KS4 + KS5  Ages 11 to 18 Mixed sex,NE
1270,KS5_25,TALLPPE_AGEN_DIS_23,This is a historical variable. It holds the 2023 value of the corresponding variable. Please see the current variable for the variable description.,A5-KS5-Applied,KS4 + KS5  Ages 11 to 18 Mixed sex,NE
1271,KS5_25,TALLPPE_AGEN_DIS_22,This is a historical variable. It holds the 2022 value of the corresponding variable. Please see the current variable for the variable description.,A5-KS5-Applied,KS4 + KS5  Ages 11 to 18 Mixed sex,NE
1272,KS5_25,TALLPPEGRD_AGEN_DIS_24,This is a historical variable. It holds the 2024 value of the corresponding variable. Please see the current variable for the variable description.,A5-KS5-Applied,KS4 + KS5  Ages 11 to 18 Mixed sex,NE
1273,KS5_25,TALLPPEGRD_AGEN_DIS_23,This is a historical variable. It holds the 2023 value of the corresponding variable. Please see the current variable for the variable description.,A5-KS5-Applied,KS4 + KS5  Ages 11 to 18 Mixed sex,NE
1274,KS5_25,TALLPPEGRD_AGEN_DIS_22,This is a historical variable. It holds the 2022 value of the corresponding variable. Please see the current variable for the variable description.,A5-KS5-Applied,KS4 + KS5  Ages 11 to 18 Mixed sex,NE
1275,KS5_25,TALLPUP_TLEV_DIS_24,This is a historical variable. It holds the 2024 value of the corresponding variable. Please see the current variable for the variable description.,A5-KS5-TLevels,KS4 + KS5  Ages 11 to 18 Mixed sex,NE
1276,KS5_25,TALLPUP_TLEV_DIS_23,This is a historical variable. It holds the 2023 value of the corresponding variable. Please see the current variable for the variable description.,A5-KS5-TLevels,KS4 + KS5  Ages 11 to 18 Mixed sex,NE
1277,KS5_25,TALLPUP_TLEV_DIS_22,This is a historical variable. It holds the 2022 value of the corresponding variable. Please see the current variable for the variable description.,A5-KS5-TLevels,KS4 + KS5  Ages 11 to 18 Mixed sex,NE
1278,KS5_25,TALLPPE_TLEV_DIS_24,This is a historical variable. It holds the 2024 value of the corresponding variable. Please see the current variable for the variable description.,A5-KS5-TLevels,KS4 + KS5  Ages 11 to 18 Mixed sex,NE
1279,KS5_25,TALLPPE_TLEV_DIS_23,This is a historical variable. It holds the 2023 value of the corresponding variable. Please see the current variable for the variable description.,A5-KS5-TLevels,KS4 + KS5  Ages 11 to 18 Mixed sex,NE
1280,KS5_25,TALLPPE_TLEV_DIS_22,This is a historical variable. It holds the 2022 value of the corresponding variable. Please see the current variable for the variable description.,A5-KS5-TLevels,KS4 + KS5  Ages 11 to 18 Mixed sex,NE
1281,KS5_25,TALLPPEGRD_TLEV_DIS_24,This is a historical variable. It holds the 2024 value of the corresponding variable. Please see the current variable for the variable description.,A5-KS5-TLevels,KS4 + KS5  Ages 11 to 18 Mixed sex,NE
1282,KS5_25,TALLPPEGRD_TLEV_DIS_23,This is a historical variable. It holds the 2023 value of the corresponding variable. Please see the current variable for the variable description.,A5-KS5-TLevels,KS4 + KS5  Ages 11 to 18 Mixed sex,NE
1283,KS5_25,TALLPPEGRD_TLEV_DIS_22,This is a historical variable. It holds the 2022 value of the corresponding variable. Please see the current variable for the variable description.,A5-KS5-TLevels,KS4 + KS5  Ages 11 to 18 Mixed sex,NE
1284,KS5_25,TALLPUP_TECHCERT_DIS_24,This is a historical variable. It holds the 2024 value of the corresponding variable. Please see the current variable for the variable description.,A5-KS5-Tech,KS4 + KS5  Ages 11 to 18 Mixed sex,NE
1285,KS5_25,TALLPUP_TECHCERT_DIS_23,This is a historical variable. It holds the 2023 value of the corresponding variable. Please see the current variable for the variable description.,A5-KS5-Tech,KS4 + KS5  Ages 11 to 18 Mixed sex,NE
1286,KS5_25,TALLPUP_TECHCERT_DIS_22,This is a historical variable. It holds the 2022 value of the corresponding variable. Please see the current variable for the variable description.,A5-KS5-Tech,KS4 + KS5  Ages 11 to 18 Mixed sex,NE
1287,KS5_25,TALLPPE_TECHCERT_DIS_24,This is a historical variable. It holds the 2024 value of the corresponding variable. Please see the current variable for the variable description.,A5-KS5-Tech,KS4 + KS5  Ages 11 to 18 Mixed sex,NE
1288,KS5_25,TALLPPE_TECHCERT_DIS_23,This is a historical variable. It holds the 2023 value of the corresponding variable. Please see the current variable for the variable description.,A5-KS5-Tech,KS4 + KS5  Ages 11 to 18 Mixed sex,NE
1289,KS5_25,TALLPPE_TECHCERT_DIS_22,This is a historical variable. It holds the 2022 value of the corresponding variable. Please see the current variable for the variable description.,A5-KS5-Tech,KS4 + KS5  Ages 11 to 18 Mixed sex,NE
1290,KS5_25,TALLPPEGRD_TECHCERT_DIS_24,This is a historical variable. It holds the 2024 value of the corresponding variable. Please see the current variable for the variable description.,A5-KS5-Tech,KS4 + KS5  Ages 11 to 18 Mixed sex,NE
1291,KS5_25,TALLPPEGRD_TECHCERT_DIS_23,This is a historical variable. It holds the 2023 value of the corresponding variable. Please see the current variable for the variable description.,A5-KS5-Tech,KS4 + KS5  Ages 11 to 18 Mixed sex,NE
1292,KS5_25,TALLPPEGRD_TECHCERT_DIS_22,This is a historical variable. It holds the 2022 value of the corresponding variable. Please see the current variable for the variable description.,A5-KS5-Tech,KS4 + KS5  Ages 11 to 18 Mixed sex,NE
1293,KS5_25,T_SCOPEEX_E_DIS_24,This is a historical variable. It holds the 2024 value of the corresponding variable. Please see the current variable for the variable description.,A5-KS5-Attainment,KS4 + KS5  Ages 11 to 18 Mixed sex,
1294,KS5_25,T_SCOPEEX_E_DIS_23,This is a historical variable. It holds the 2023 value of the corresponding variable. Please see the current variable for the variable description.,A5-KS5-Attainment,KS4 + KS5  Ages 11 to 18 Mixed sex,
1295,KS5_25,T_SCOPEEX_E_DIS_22,This is a historical variable. It holds the 2022 value of the corresponding variable. Please see the current variable for the variable description.,A5-KS5-Attainment,KS4 + KS5  Ages 11 to 18 Mixed sex,
1296,KS5_25,PROGEX_E_DIS_24,This is a historical variable. It holds the 2024 value of the corresponding variable. Please see the current variable for the variable description.,A5-KS5-Attainment,KS4 + KS5  Ages 11 to 18 Mixed sex,
1297,KS5_25,PROGEX_E_DIS_23,This is a historical variable. It holds the 2023 value of the corresponding variable. Please see the current variable for the variable description.,A5-KS5-Attainment,KS4 + KS5  Ages 11 to 18 Mixed sex,
1298,KS5_25,PROGEX_E_DIS_22,This is a historical variable. It holds the 2022 value of the corresponding variable. Please see the current variable for the variable description.,A5-KS5-Attainment,KS4 + KS5  Ages 11 to 18 Mixed sex,
1299,KS5_25,T_SCOPEEX_M_DIS_24,This is a historical variable. It holds the 2024 value of the corresponding variable. Please see the current variable for the variable description.,A5-KS5-Attainment,KS4 + KS5  Ages 11 to 18 Mixed sex,
1300,KS5_25,T_SCOPEEX_M_DIS_23,This is a historical variable. It holds the 2023 value of the corresponding variable. Please see the current variable for the variable description.,A5-KS5-Attainment,KS4 + KS5  Ages 11 to 18 Mixed sex,
1301,KS5_25,T_SCOPEEX_M_DIS_22,This is a historical variable. It holds the 2022 value of the corresponding variable. Please see the current variable for the variable description.,A5-KS5-Attainment,KS4 + KS5  Ages 11 to 18 Mixed sex,
1302,KS5_25,PROGEX_M_DIS_24,This is a historical variable. It holds the 2024 value of the corresponding variable. Please see the current variable for the variable description.,A5-KS5-Attainment,KS4 + KS5  Ages 11 to 18 Mixed sex,
1303,KS5_25,PROGEX_M_DIS_23,This is a historical variable. It holds the 2023 value of the corresponding variable. Please see the current variable for the variable description.,A5-KS5-Attainment,KS4 + KS5  Ages 11 to 18 Mixed sex,
1304,KS5_25,PROGEX_M_DIS_22,This is a historical variable. It holds the 2022 value of the corresponding variable. Please see the current variable for the variable description.,A5-KS5-Attainment,KS4 + KS5  Ages 11 to 18 Mixed sex,
1305,KS5_25,ENTRIES_ALEV_DIS_24,This is a historical variable. It holds the 2024 value of the corresponding variable. Please see the current variable for the variable description.,A5-KS5-Attainment,KS4 + KS5  Ages 11 to 18 Mixed sex,50
1306,KS5_25,ENTRIES_ALEV_DIS_23,This is a historical variable. It holds the 2023 value of the corresponding variable. Please see the current variable for the variable description.,A5-KS5-Attainment,KS4 + KS5  Ages 11 to 18 Mixed sex,
1307,KS5_25,ENTRIES_ALEV_DIS_22,This is a historical variable. It holds the 2022 value of the corresponding variable. Please see the current variable for the variable description.,A5-KS5-Attainment,KS4 + KS5  Ages 11 to 18 Mixed sex,
1308,KS5_25,VA_INS_ALEV_DIS_24,This is a historical variable. It holds the 2024 value of the corresponding variable. Please see the current variable for the variable description.,A5-KS5-Progress,KS4 + KS5  Ages 11 to 18 Mixed sex,-0.31
1309,KS5_25,VA_INS_ALEV_DIS_23,This is a historical variable. It holds the 2023 value of the corresponding variable. Please see the current variable for the variable description.,A5-KS5-Progress,KS4 + KS5  Ages 11 to 18 Mixed sex,
1310,KS5_25,VA_INS_ALEV_DIS_22,This is a historical variable. It holds the 2022 value of the corresponding variable. Please see the current variable for the variable description.,A5-KS5-Progress,KS4 + KS5  Ages 11 to 18 Mixed sex,
1311,KS5_25,UCI_INS_ALEV_DIS_24,This is a historical variable. It holds the 2024 value of the corresponding variable. Please see the current variable for the variable description.,A5-KS5-Progress,KS4 + KS5  Ages 11 to 18 Mixed sex,0.03
1312,KS5_25,UCI_INS_ALEV_DIS_23,This is a historical variable. It holds the 2023 value of the corresponding variable. Please see the current variable for the variable description.,A5-KS5-Progress,KS4 + KS5  Ages 11 to 18 Mixed sex,
1313,KS5_25,UCI_INS_ALEV_DIS_22,This is a historical variable. It holds the 2022 value of the corresponding variable. Please see the current variable for the variable description.,A5-KS5-Progress,KS4 + KS5  Ages 11 to 18 Mixed sex,
1314,KS5_25,LCI_INS_ALEV_DIS_24,This is a historical variable. It holds the 2024 value of the corresponding variable. Please see the current variable for the variable description.,A5-KS5-Progress,KS4 + KS5  Ages 11 to 18 Mixed sex,-0.65
1315,KS5_25,LCI_INS_ALEV_DIS_23,This is a historical variable. It holds the 2023 value of the corresponding variable. Please see the current variable for the variable description.,A5-KS5-Progress,KS4 + KS5  Ages 11 to 18 Mixed sex,
1316,KS5_25,LCI_INS_ALEV_DIS_22,This is a historical variable. It holds the 2022 value of the corresponding variable. Please see the current variable for the variable description.,A5-KS5-Progress,KS4 + KS5  Ages 11 to 18 Mixed sex,
1317,KS5_25,ENTRIES_ACAD_DIS_24,This is a historical variable. It holds the 2024 value of the corresponding variable. Please see the current variable for the variable description.,A5-KS5-Academic,KS4 + KS5  Ages 11 to 18 Mixed sex,50
1318,KS5_25,ENTRIES_ACAD_DIS_23,This is a historical variable. It holds the 2023 value of the corresponding variable. Please see the current variable for the variable description.,A5-KS5-Academic,KS4 + KS5  Ages 11 to 18 Mixed sex,
1319,KS5_25,ENTRIES_ACAD_DIS_22,This is a historical variable. It holds the 2022 value of the corresponding variable. Please see the current variable for the variable description.,A5-KS5-Academic,KS4 + KS5  Ages 11 to 18 Mixed sex,
1320,KS5_25,VA_INS_ACAD_DIS_24,This is a historical variable. It holds the 2024 value of the corresponding variable. Please see the current variable for the variable description.,A5-KS5-Progress,KS4 + KS5  Ages 11 to 18 Mixed sex,-0.31
1321,KS5_25,VA_INS_ACAD_DIS_23,This is a historical variable. It holds the 2023 value of the corresponding variable. Please see the current variable for the variable description.,A5-KS5-Progress,KS4 + KS5  Ages 11 to 18 Mixed sex,
1322,KS5_25,VA_INS_ACAD_DIS_22,This is a historical variable. It holds the 2022 value of the corresponding variable. Please see the current variable for the variable description.,A5-KS5-Progress,KS4 + KS5  Ages 11 to 18 Mixed sex,
1323,KS5_25,UCI_INS_ACAD_DIS_24,This is a historical variable. It holds the 2024 value of the corresponding variable. Please see the current variable for the variable description.,A5-KS5-Progress,KS4 + KS5  Ages 11 to 18 Mixed sex,0.03
1324,KS5_25,UCI_INS_ACAD_DIS_23,This is a historical variable. It holds the 2023 value of the corresponding variable. Please see the current variable for the variable description.,A5-KS5-Progress,KS4 + KS5  Ages 11 to 18 Mixed sex,
1325,KS5_25,UCI_INS_ACAD_DIS_22,This is a historical variable. It holds the 2022 value of the corresponding variable. Please see the current variable for the variable description.,A5-KS5-Progress,KS4 + KS5  Ages 11 to 18 Mixed sex,
1326,KS5_25,LCI_INS_ACAD_DIS_24,This is a historical variable. It holds the 2024 value of the corresponding variable. Please see the current variable for the variable description.,A5-KS5-Progress,KS4 + KS5  Ages 11 to 18 Mixed sex,-0.65
1327,KS5_25,LCI_INS_ACAD_DIS_23,This is a historical variable. It holds the 2023 value of the corresponding variable. Please see the current variable for the variable description.,A5-KS5-Progress,KS4 + KS5  Ages 11 to 18 Mixed sex,
1328,KS5_25,LCI_INS_ACAD_DIS_22,This is a historical variable. It holds the 2022 value of the corresponding variable. Please see the current variable for the variable description.,A5-KS5-Progress,KS4 + KS5  Ages 11 to 18 Mixed sex,
1329,KS5_25,ENTRIES_AGEN_DIS_24,This is a historical variable. It holds the 2024 value of the corresponding variable. Please see the current variable for the variable description.,A5-KS5-Applied,KS4 + KS5  Ages 11 to 18 Mixed sex,NE
1330,KS5_25,ENTRIES_AGEN_DIS_23,This is a historical variable. It holds the 2023 value of the corresponding variable. Please see the current variable for the variable description.,A5-KS5-Applied,KS4 + KS5  Ages 11 to 18 Mixed sex,
1331,KS5_25,ENTRIES_AGEN_DIS_22,This is a historical variable. It holds the 2022 value of the corresponding variable. Please see the current variable for the variable description.,A5-KS5-Applied,KS4 + KS5  Ages 11 to 18 Mixed sex,
1332,KS5_25,VA_INS_AGEN_DIS_24,This is a historical variable. It holds the 2024 value of the corresponding variable. Please see the current variable for the variable description.,A5-KS5-Progress,KS4 + KS5  Ages 11 to 18 Mixed sex,NE
1333,KS5_25,VA_INS_AGEN_DIS_23,This is a historical variable. It holds the 2023 value of the corresponding variable. Please see the current variable for the variable description.,A5-KS5-Progress,KS4 + KS5  Ages 11 to 18 Mixed sex,
1334,KS5_25,VA_INS_AGEN_DIS_22,This is a historical variable. It holds the 2022 value of the corresponding variable. Please see the current variable for the variable description.,A5-KS5-Progress,KS4 + KS5  Ages 11 to 18 Mixed sex,
1335,KS5_25,UCI_INS_AGEN_DIS_24,This is a historical variable. It holds the 2024 value of the corresponding variable. Please see the current variable for the variable description.,A5-KS5-Progress,KS4 + KS5  Ages 11 to 18 Mixed sex,NE
1336,KS5_25,UCI_INS_AGEN_DIS_23,This is a historical variable. It holds the 2023 value of the corresponding variable. Please see the current variable for the variable description.,A5-KS5-Progress,KS4 + KS5  Ages 11 to 18 Mixed sex,
1337,KS5_25,UCI_INS_AGEN_DIS_22,This is a historical variable. It holds the 2022 value of the corresponding variable. Please see the current variable for the variable description.,A5-KS5-Progress,KS4 + KS5  Ages 11 to 18 Mixed sex,
1338,KS5_25,LCI_INS_AGEN_DIS_24,This is a historical variable. It holds the 2024 value of the corresponding variable. Please see the current variable for the variable description.,A5-KS5-Progress,KS4 + KS5  Ages 11 to 18 Mixed sex,NE
1339,KS5_25,LCI_INS_AGEN_DIS_23,This is a historical variable. It holds the 2023 value of the corresponding variable. Please see the current variable for the variable description.,A5-KS5-Progress,KS4 + KS5  Ages 11 to 18 Mixed sex,
1340,KS5_25,LCI_INS_AGEN_DIS_22,This is a historical variable. It holds the 2022 value of the corresponding variable. Please see the current variable for the variable description.,A5-KS5-Progress,KS4 + KS5  Ages 11 to 18 Mixed sex,
1341,KS5_25,T_INSCOPE_ALEV_RET_DIS_24,This is a historical variable. It holds the 2024 value of the corresponding variable. Please see the current variable for the variable description.,A5-KS5,KS4 + KS5  Ages 11 to 18 Mixed sex,14
1342,KS5_25,T_INSCOPE_ALEV_RET_DIS_23,This is a historical variable. It holds the 2023 value of the corresponding variable. Please see the current variable for the variable description.,A5-KS5,KS4 + KS5  Ages 11 to 18 Mixed sex,12
1343,KS5_25,T_INSCOPE_ALEV_RET_DIS_22,This is a historical variable. It holds the 2022 value of the corresponding variable. Please see the current variable for the variable description.,A5-KS5,KS4 + KS5  Ages 11 to 18 Mixed sex,15
1344,KS5_25,PT_RETAINED_ALEV_RET_DIS_24,This is a historical variable. It holds the 2024 value of the corresponding variable. Please see the current variable for the variable description.,A5-KS5-Facilitating,KS4 + KS5  Ages 11 to 18 Mixed sex,100.00%
1345,KS5_25,PT_RETAINED_ALEV_RET_DIS_23,This is a historical variable. It holds the 2023 value of the corresponding variable. Please see the current variable for the variable description.,A5-KS5-Facilitating,KS4 + KS5  Ages 11 to 18 Mixed sex,100.00%
1346,KS5_25,PT_RETAINED_ALEV_RET_DIS_22,This is a historical variable. It holds the 2022 value of the corresponding variable. Please see the current variable for the variable description.,A5-KS5-Facilitating,KS4 + KS5  Ages 11 to 18 Mixed sex,100.00%
1347,KS5_25,T_INSCOPE_ACAD_RET_DIS_24,This is a historical variable. It holds the 2024 value of the corresponding variable. Please see the current variable for the variable description.,A5-KS5,KS4 + KS5  Ages 11 to 18 Mixed sex,14
1348,KS5_25,T_INSCOPE_ACAD_RET_DIS_23,This is a historical variable. It holds the 2023 value of the corresponding variable. Please see the current variable for the variable description.,A5-KS5,KS4 + KS5  Ages 11 to 18 Mixed sex,12
1349,KS5_25,T_INSCOPE_ACAD_RET_DIS_22,This is a historical variable. It holds the 2022 value of the corresponding variable. Please see the current variable for the variable description.,A5-KS5,KS4 + KS5  Ages 11 to 18 Mixed sex,15
1350,KS5_25,PT_RETAINED_ACAD_RET_DIS_24,This is a historical variable. It holds the 2024 value of the corresponding variable. Please see the current variable for the variable description.,A5-KS5-Facilitating,KS4 + KS5  Ages 11 to 18 Mixed sex,100.00%
1351,KS5_25,PT_RETAINED_ACAD_RET_DIS_23,This is a historical variable. It holds the 2023 value of the corresponding variable. Please see the current variable for the variable description.,A5-KS5-Facilitating,KS4 + KS5  Ages 11 to 18 Mixed sex,100.00%
1352,KS5_25,PT_RETAINED_ACAD_RET_DIS_22,This is a historical variable. It holds the 2022 value of the corresponding variable. Please see the current variable for the variable description.,A5-KS5-Facilitating,KS4 + KS5  Ages 11 to 18 Mixed sex,100.00%
1353,KS5_25,T_INSCOPE_AGEN_RET_DIS_24,This is a historical variable. It holds the 2024 value of the corresponding variable. Please see the current variable for the variable description.,A5-KS5,KS4 + KS5  Ages 11 to 18 Mixed sex,NE
1354,KS5_25,T_INSCOPE_AGEN_RET_DIS_23,This is a historical variable. It holds the 2023 value of the corresponding variable. Please see the current variable for the variable description.,A5-KS5,KS4 + KS5  Ages 11 to 18 Mixed sex,NE
1355,KS5_25,T_INSCOPE_AGEN_RET_DIS_22,This is a historical variable. It holds the 2022 value of the corresponding variable. Please see the current variable for the variable description.,A5-KS5,KS4 + KS5  Ages 11 to 18 Mixed sex,NE
1356,KS5_25,PT_RETAINED_AGEN_RET_DIS_24,This is a historical variable. It holds the 2024 value of the corresponding variable. Please see the current variable for the variable description.,A5-KS5-Facilitating,KS4 + KS5  Ages 11 to 18 Mixed sex,NE
1357,KS5_25,PT_RETAINED_AGEN_RET_DIS_23,This is a historical variable. It holds the 2023 value of the corresponding variable. Please see the current variable for the variable description.,A5-KS5-Facilitating,KS4 + KS5  Ages 11 to 18 Mixed sex,NE
1358,KS5_25,PT_RETAINED_AGEN_RET_DIS_22,This is a historical variable. It holds the 2022 value of the corresponding variable. Please see the current variable for the variable description.,A5-KS5-Facilitating,KS4 + KS5  Ages 11 to 18 Mixed sex,NE
1359,KS5_25,T_INSCOPE_TLEV_RET_DIS_24,This is a historical variable. It holds the 2024 value of the corresponding variable. Please see the current variable for the variable description.,A5-KS5,KS4 + KS5  Ages 11 to 18 Mixed sex,NE
1360,KS5_25,T_INSCOPE_TLEV_RET_DIS_23,This is a historical variable. It holds the 2023 value of the corresponding variable. Please see the current variable for the variable description.,A5-KS5,KS4 + KS5  Ages 11 to 18 Mixed sex,NE
1361,KS5_25,T_INSCOPE_TLEV_RET_DIS_22,This is a historical variable. It holds the 2022 value of the corresponding variable. Please see the current variable for the variable description.,A5-KS5,KS4 + KS5  Ages 11 to 18 Mixed sex,NE
1362,KS5_25,PT_RETAINED_TLEV_RET_DIS_24,This is a historical variable. It holds the 2024 value of the corresponding variable. Please see the current variable for the variable description.,A5-KS5-Facilitating,KS4 + KS5  Ages 11 to 18 Mixed sex,NE
1363,KS5_25,PT_RETAINED_TLEV_RET_DIS_23,This is a historical variable. It holds the 2023 value of the corresponding variable. Please see the current variable for the variable description.,A5-KS5-Facilitating,KS4 + KS5  Ages 11 to 18 Mixed sex,NE
1364,KS5_25,PT_RETAINED_TLEV_RET_DIS_22,This is a historical variable. It holds the 2022 value of the corresponding variable. Please see the current variable for the variable description.,A5-KS5-Facilitating,KS4 + KS5  Ages 11 to 18 Mixed sex,NE
1365,KS5_25,T_INSCOPE_TECHCERT_RET_DIS_24,This is a historical variable. It holds the 2024 value of the corresponding variable. Please see the current variable for the variable description.,A5-KS5,KS4 + KS5  Ages 11 to 18 Mixed sex,NE
1366,KS5_25,T_INSCOPE_TECHCERT_RET_DIS_23,This is a historical variable. It holds the 2023 value of the corresponding variable. Please see the current variable for the variable description.,A5-KS5,KS4 + KS5  Ages 11 to 18 Mixed sex,NE
1367,KS5_25,T_INSCOPE_TECHCERT_RET_DIS_22,This is a historical variable. It holds the 2022 value of the corresponding variable. Please see the current variable for the variable description.,A5-KS5,KS4 + KS5  Ages 11 to 18 Mixed sex,NE
1368,KS5_25,PT_RETAINED_TECHCERT_RET_DIS_24,This is a historical variable. It holds the 2024 value of the corresponding variable. Please see the current variable for the variable description.,A5-KS5-Facilitating,KS4 + KS5  Ages 11 to 18 Mixed sex,NE
1369,KS5_25,PT_RETAINED_TECHCERT_RET_DIS_23,This is a historical variable. It holds the 2023 value of the corresponding variable. Please see the current variable for the variable description.,A5-KS5-Facilitating,KS4 + KS5  Ages 11 to 18 Mixed sex,NE
1370,KS5_25,PT_RETAINED_TECHCERT_RET_DIS_22,This is a historical variable. It holds the 2022 value of the corresponding variable. Please see the current variable for the variable description.,A5-KS5-Facilitating,KS4 + KS5  Ages 11 to 18 Mixed sex,NE
1371,KS5_25,TALLPUP_1618_NOTDIS_24,This is a historical variable. It holds the 2024 value of the corresponding variable. Please see the current variable for the variable description.,A5-KS5-Attainment,KS4 + KS5  Ages 11 to 18 Mixed sex,190
1372,KS5_25,TALLPUP_1618_NOTDIS_23,This is a historical variable. It holds the 2023 value of the corresponding variable. Please see the current variable for the variable description.,A5-KS5-Attainment,KS4 + KS5  Ages 11 to 18 Mixed sex,177
1373,KS5_25,TALLPUP_1618_NOTDIS_22,This is a historical variable. It holds the 2022 value of the corresponding variable. Please see the current variable for the variable description.,A5-KS5-Attainment,KS4 + KS5  Ages 11 to 18 Mixed sex,197
1374,KS5_25,TALLPUP_ALEV_1618_NOTDIS_24,This is a historical variable. It holds the 2024 value of the corresponding variable. Please see the current variable for the variable description.,A5-KS5-Attainment,KS4 + KS5  Ages 11 to 18 Mixed sex,190
1375,KS5_25,TALLPUP_ALEV_1618_NOTDIS_23,This is a historical variable. It holds the 2023 value of the corresponding variable. Please see the current variable for the variable description.,A5-KS5-Attainment,KS4 + KS5  Ages 11 to 18 Mixed sex,176
1376,KS5_25,TALLPUP_ALEV_1618_NOTDIS_22,This is a historical variable. It holds the 2022 value of the corresponding variable. Please see the current variable for the variable description.,A5-KS5-Attainment,KS4 + KS5  Ages 11 to 18 Mixed sex,193
1377,KS5_25,TALLPPE_ALEV_1618_NOTDIS_24,This is a historical variable. It holds the 2024 value of the corresponding variable. Please see the current variable for the variable description.,A5-KS5-Attainment,KS4 + KS5  Ages 11 to 18 Mixed sex,47.53
1378,KS5_25,TALLPPE_ALEV_1618_NOTDIS_23,This is a historical variable. It holds the 2023 value of the corresponding variable. Please see the current variable for the variable description.,A5-KS5-Attainment,KS4 + KS5  Ages 11 to 18 Mixed sex,46.25
1379,KS5_25,TALLPPE_ALEV_1618_NOTDIS_22,This is a historical variable. It holds the 2022 value of the corresponding variable. Please see the current variable for the variable description.,A5-KS5-Attainment,KS4 + KS5  Ages 11 to 18 Mixed sex,49.09
1380,KS5_25,TALLPPEGRD_ALEV_NOTDIS_24,This is a historical variable. It holds the 2024 value of the corresponding variable. Please see the current variable for the variable description.,A5-KS5-Attainment,KS4 + KS5  Ages 11 to 18 Mixed sex,A-
1381,KS5_25,TALLPPEGRD_ALEV_NOTDIS_23,This is a historical variable. It holds the 2023 value of the corresponding variable. Please see the current variable for the variable description.,A5-KS5-Attainment,KS4 + KS5  Ages 11 to 18 Mixed sex,A-
1382,KS5_25,TALLPPEGRD_ALEV_NOTDIS_22,This is a historical variable. It holds the 2022 value of the corresponding variable. Please see the current variable for the variable description.,A5-KS5-Attainment,KS4 + KS5  Ages 11 to 18 Mixed sex,A
1383,KS5_25,TALLPUP_ACAD_1618_NOTDIS_24,This is a historical variable. It holds the 2024 value of the corresponding variable. Please see the current variable for the variable description.,A5-KS5-Academic,KS4 + KS5  Ages 11 to 18 Mixed sex,190
1384,KS5_25,TALLPUP_ACAD_1618_NOTDIS_23,This is a historical variable. It holds the 2023 value of the corresponding variable. Please see the current variable for the variable description.,A5-KS5-Academic,KS4 + KS5  Ages 11 to 18 Mixed sex,176
1385,KS5_25,TALLPUP_ACAD_1618_NOTDIS_22,This is a historical variable. It holds the 2022 value of the corresponding variable. Please see the current variable for the variable description.,A5-KS5-Academic,KS4 + KS5  Ages 11 to 18 Mixed sex,193
1386,KS5_25,TALLPPE_ACAD_1618_NOTDIS_24,This is a historical variable. It holds the 2024 value of the corresponding variable. Please see the current variable for the variable description.,A5-KS5-Academic,KS4 + KS5  Ages 11 to 18 Mixed sex,47.53
1387,KS5_25,TALLPPE_ACAD_1618_NOTDIS_23,This is a historical variable. It holds the 2023 value of the corresponding variable. Please see the current variable for the variable description.,A5-KS5-Academic,KS4 + KS5  Ages 11 to 18 Mixed sex,46.25
1388,KS5_25,TALLPPE_ACAD_1618_NOTDIS_22,This is a historical variable. It holds the 2022 value of the corresponding variable. Please see the current variable for the variable description.,A5-KS5-Academic,KS4 + KS5  Ages 11 to 18 Mixed sex,49.09
1389,KS5_25,TALLPPEGRD_ACAD_NOTDIS_24,This is a historical variable. It holds the 2024 value of the corresponding variable. Please see the current variable for the variable description.,A5-KS5-Academic,KS4 + KS5  Ages 11 to 18 Mixed sex,A-
1390,KS5_25,TALLPPEGRD_ACAD_NOTDIS_23,This is a historical variable. It holds the 2023 value of the corresponding variable. Please see the current variable for the variable description.,A5-KS5-Academic,KS4 + KS5  Ages 11 to 18 Mixed sex,A-
1391,KS5_25,TALLPPEGRD_ACAD_NOTDIS_22,This is a historical variable. It holds the 2022 value of the corresponding variable. Please see the current variable for the variable description.,A5-KS5-Academic,KS4 + KS5  Ages 11 to 18 Mixed sex,A
1392,KS5_25,TALLPUP_AGEN_NOTDIS_24,This is a historical variable. It holds the 2024 value of the corresponding variable. Please see the current variable for the variable description.,A5-KS5-Applied,KS4 + KS5  Ages 11 to 18 Mixed sex,NE
1393,KS5_25,TALLPUP_AGEN_NOTDIS_23,This is a historical variable. It holds the 2023 value of the corresponding variable. Please see the current variable for the variable description.,A5-KS5-Applied,KS4 + KS5  Ages 11 to 18 Mixed sex,NE
1394,KS5_25,TALLPUP_AGEN_NOTDIS_22,This is a historical variable. It holds the 2022 value of the corresponding variable. Please see the current variable for the variable description.,A5-KS5-Applied,KS4 + KS5  Ages 11 to 18 Mixed sex,NE
1395,KS5_25,TALLPPE_AGEN_NOTDIS_24,This is a historical variable. It holds the 2024 value of the corresponding variable. Please see the current variable for the variable description.,A5-KS5-Applied,KS4 + KS5  Ages 11 to 18 Mixed sex,NE
1396,KS5_25,TALLPPE_AGEN_NOTDIS_23,This is a historical variable. It holds the 2023 value of the corresponding variable. Please see the current variable for the variable description.,A5-KS5-Applied,KS4 + KS5  Ages 11 to 18 Mixed sex,NE
1397,KS5_25,TALLPPE_AGEN_NOTDIS_22,This is a historical variable. It holds the 2022 value of the corresponding variable. Please see the current variable for the variable description.,A5-KS5-Applied,KS4 + KS5  Ages 11 to 18 Mixed sex,NE
1398,KS5_25,TALLPPEGRD_AGEN_NOTDIS_24,This is a historical variable. It holds the 2024 value of the corresponding variable. Please see the current variable for the variable description.,A5-KS5-Applied,KS4 + KS5  Ages 11 to 18 Mixed sex,NE
1399,KS5_25,TALLPPEGRD_AGEN_NOTDIS_23,This is a historical variable. It holds the 2023 value of the corresponding variable. Please see the current variable for the variable description.,A5-KS5-Applied,KS4 + KS5  Ages 11 to 18 Mixed sex,NE
1400,KS5_25,TALLPPEGRD_AGEN_NOTDIS_22,This is a historical variable. It holds the 2022 value of the corresponding variable. Please see the current variable for the variable description.,A5-KS5-Applied,KS4 + KS5  Ages 11 to 18 Mixed sex,NE
1401,KS5_25,TALLPUP_TLEV_NOTDIS_24,This is a historical variable. It holds the 2024 value of the corresponding variable. Please see the current variable for the variable description.,A5-KS5-TLevels,KS4 + KS5  Ages 11 to 18 Mixed sex,NE
1402,KS5_25,TALLPUP_TLEV_NOTDIS_23,This is a historical variable. It holds the 2023 value of the corresponding variable. Please see the current variable for the variable description.,A5-KS5-TLevels,KS4 + KS5  Ages 11 to 18 Mixed sex,NE
1403,KS5_25,TALLPUP_TLEV_NOTDIS_22,This is a historical variable. It holds the 2022 value of the corresponding variable. Please see the current variable for the variable description.,A5-KS5-TLevels,KS4 + KS5  Ages 11 to 18 Mixed sex,NE
1404,KS5_25,TALLPPE_TLEV_NOTDIS_24,This is a historical variable. It holds the 2024 value of the corresponding variable. Please see the current variable for the variable description.,A5-KS5-TLevels,KS4 + KS5  Ages 11 to 18 Mixed sex,NE
1405,KS5_25,TALLPPE_TLEV_NOTDIS_23,This is a historical variable. It holds the 2023 value of the corresponding variable. Please see the current variable for the variable description.,A5-KS5-TLevels,KS4 + KS5  Ages 11 to 18 Mixed sex,NE
1406,KS5_25,TALLPPE_TLEV_NOTDIS_22,This is a historical variable. It holds the 2022 value of the corresponding variable. Please see the current variable for the variable description.,A5-KS5-TLevels,KS4 + KS5  Ages 11 to 18 Mixed sex,NE
1407,KS5_25,TALLPPEGRD_TLEV_NOTDIS_24,This is a historical variable. It holds the 2024 value of the corresponding variable. Please see the current variable for the variable description.,A5-KS5-TLevels,KS4 + KS5  Ages 11 to 18 Mixed sex,NE
1408,KS5_25,TALLPPEGRD_TLEV_NOTDIS_23,This is a historical variable. It holds the 2023 value of the corresponding variable. Please see the current variable for the variable description.,A5-KS5-TLevels,KS4 + KS5  Ages 11 to 18 Mixed sex,NE
1409,KS5_25,TALLPPEGRD_TLEV_NOTDIS_22,This is a historical variable. It holds the 2022 value of the corresponding variable. Please see the current variable for the variable description.,A5-KS5-TLevels,KS4 + KS5  Ages 11 to 18 Mixed sex,NE
1410,KS5_25,TALLPUP_TECHCERT_NOTDIS_24,This is a historical variable. It holds the 2024 value of the corresponding variable. Please see the current variable for the variable description.,A5-KS5-Tech,KS4 + KS5  Ages 11 to 18 Mixed sex,NE
1411,KS5_25,TALLPUP_TECHCERT_NOTDIS_23,This is a historical variable. It holds the 2023 value of the corresponding variable. Please see the current variable for the variable description.,A5-KS5-Tech,KS4 + KS5  Ages 11 to 18 Mixed sex,NE
1412,KS5_25,TALLPUP_TECHCERT_NOTDIS_22,This is a historical variable. It holds the 2022 value of the corresponding variable. Please see the current variable for the variable description.,A5-KS5-Tech,KS4 + KS5  Ages 11 to 18 Mixed sex,NE
1413,KS5_25,TALLPPE_TECHCERT_NOTDIS_24,This is a historical variable. It holds the 2024 value of the corresponding variable. Please see the current variable for the variable description.,A5-KS5-Tech,KS4 + KS5  Ages 11 to 18 Mixed sex,NE
1414,KS5_25,TALLPPE_TECHCERT_NOTDIS_23,This is a historical variable. It holds the 2023 value of the corresponding variable. Please see the current variable for the variable description.,A5-KS5-Tech,KS4 + KS5  Ages 11 to 18 Mixed sex,NE
1415,KS5_25,TALLPPE_TECHCERT_NOTDIS_22,This is a historical variable. It holds the 2022 value of the corresponding variable. Please see the current variable for the variable description.,A5-KS5-Tech,KS4 + KS5  Ages 11 to 18 Mixed sex,NE
1416,KS5_25,TALLPPEGRD_TECHCERT_NOTDIS_24,This is a historical variable. It holds the 2024 value of the corresponding variable. Please see the current variable for the variable description.,A5-KS5-Tech,KS4 + KS5  Ages 11 to 18 Mixed sex,NE
1417,KS5_25,TALLPPEGRD_TECHCERT_NOTDIS_23,This is a historical variable. It holds the 2023 value of the corresponding variable. Please see the current variable for the variable description.,A5-KS5-Tech,KS4 + KS5  Ages 11 to 18 Mixed sex,NE
1418,KS5_25,TALLPPEGRD_TECHCERT_NOTDIS_22,This is a historical variable. It holds the 2022 value of the corresponding variable. Please see the current variable for the variable description.,A5-KS5-Tech,KS4 + KS5  Ages 11 to 18 Mixed sex,NE
1419,KS5_25,T_SCOPEEX_E_NOTDIS_24,This is a historical variable. It holds the 2024 value of the corresponding variable. Please see the current variable for the variable description.,A5-KS5-Attainment,KS4 + KS5  Ages 11 to 18 Mixed sex,
1420,KS5_25,T_SCOPEEX_E_NOTDIS_23,This is a historical variable. It holds the 2023 value of the corresponding variable. Please see the current variable for the variable description.,A5-KS5-Attainment,KS4 + KS5  Ages 11 to 18 Mixed sex,
1421,KS5_25,T_SCOPEEX_E_NOTDIS_22,This is a historical variable. It holds the 2022 value of the corresponding variable. Please see the current variable for the variable description.,A5-KS5-Attainment,KS4 + KS5  Ages 11 to 18 Mixed sex,
1422,KS5_25,PROGEX_E_NOTDIS_24,This is a historical variable. It holds the 2024 value of the corresponding variable. Please see the current variable for the variable description.,A5-KS5-Attainment,KS4 + KS5  Ages 11 to 18 Mixed sex,
1423,KS5_25,PROGEX_E_NOTDIS_23,This is a historical variable. It holds the 2023 value of the corresponding variable. Please see the current variable for the variable description.,A5-KS5-Attainment,KS4 + KS5  Ages 11 to 18 Mixed sex,
1424,KS5_25,PROGEX_E_NOTDIS_22,This is a historical variable. It holds the 2022 value of the corresponding variable. Please see the current variable for the variable description.,A5-KS5-Attainment,KS4 + KS5  Ages 11 to 18 Mixed sex,
1425,KS5_25,T_SCOPEEX_M_NOTDIS_24,This is a historical variable. It holds the 2024 value of the corresponding variable. Please see the current variable for the variable description.,A5-KS5-Attainment,KS4 + KS5  Ages 11 to 18 Mixed sex,
1426,KS5_25,T_SCOPEEX_M_NOTDIS_23,This is a historical variable. It holds the 2023 value of the corresponding variable. Please see the current variable for the variable description.,A5-KS5-Attainment,KS4 + KS5  Ages 11 to 18 Mixed sex,
1427,KS5_25,T_SCOPEEX_M_NOTDIS_22,This is a historical variable. It holds the 2022 value of the corresponding variable. Please see the current variable for the variable description.,A5-KS5-Attainment,KS4 + KS5  Ages 11 to 18 Mixed sex,
1428,KS5_25,PROGEX_M_NOTDIS_24,This is a historical variable. It holds the 2024 value of the corresponding variable. Please see the current variable for the variable description.,A5-KS5-Attainment,KS4 + KS5  Ages 11 to 18 Mixed sex,
1429,KS5_25,PROGEX_M_NOTDIS_23,This is a historical variable. It holds the 2023 value of the corresponding variable. Please see the current variable for the variable description.,A5-KS5-Attainment,KS4 + KS5  Ages 11 to 18 Mixed sex,
1430,KS5_25,PROGEX_M_NOTDIS_22,This is a historical variable. It holds the 2022 value of the corresponding variable. Please see the current variable for the variable description.,A5-KS5-Attainment,KS4 + KS5  Ages 11 to 18 Mixed sex,
1431,KS5_25,ENTRIES_ALEV_NOTDIS_24,This is a historical variable. It holds the 2024 value of the corresponding variable. Please see the current variable for the variable description.,A5-KS5-Attainment,KS4 + KS5  Ages 11 to 18 Mixed sex,727
1432,KS5_25,ENTRIES_ALEV_NOTDIS_23,This is a historical variable. It holds the 2023 value of the corresponding variable. Please see the current variable for the variable description.,A5-KS5-Attainment,KS4 + KS5  Ages 11 to 18 Mixed sex,
1433,KS5_25,ENTRIES_ALEV_NOTDIS_22,This is a historical variable. It holds the 2022 value of the corresponding variable. Please see the current variable for the variable description.,A5-KS5-Attainment,KS4 + KS5  Ages 11 to 18 Mixed sex,
1434,KS5_25,VA_INS_ALEV_NOTDIS_24,This is a historical variable. It holds the 2024 value of the corresponding variable. Please see the current variable for the variable description.,A5-KS5-Progress,KS4 + KS5  Ages 11 to 18 Mixed sex,0.03
1435,KS5_25,VA_INS_ALEV_NOTDIS_23,This is a historical variable. It holds the 2023 value of the corresponding variable. Please see the current variable for the variable description.,A5-KS5-Progress,KS4 + KS5  Ages 11 to 18 Mixed sex,
1436,KS5_25,VA_INS_ALEV_NOTDIS_22,This is a historical variable. It holds the 2022 value of the corresponding variable. Please see the current variable for the variable description.,A5-KS5-Progress,KS4 + KS5  Ages 11 to 18 Mixed sex,
1437,KS5_25,UCI_INS_ALEV_NOTDIS_24,This is a historical variable. It holds the 2024 value of the corresponding variable. Please see the current variable for the variable description.,A5-KS5-Progress,KS4 + KS5  Ages 11 to 18 Mixed sex,0.12
1438,KS5_25,UCI_INS_ALEV_NOTDIS_23,This is a historical variable. It holds the 2023 value of the corresponding variable. Please see the current variable for the variable description.,A5-KS5-Progress,KS4 + KS5  Ages 11 to 18 Mixed sex,
1439,KS5_25,UCI_INS_ALEV_NOTDIS_22,This is a historical variable. It holds the 2022 value of the corresponding variable. Please see the current variable for the variable description.,A5-KS5-Progress,KS4 + KS5  Ages 11 to 18 Mixed sex,
1440,KS5_25,LCI_INS_ALEV_NOTDIS_24,This is a historical variable. It holds the 2024 value of the corresponding variable. Please see the current variable for the variable description.,A5-KS5-Progress,KS4 + KS5  Ages 11 to 18 Mixed sex,-0.05
1441,KS5_25,LCI_INS_ALEV_NOTDIS_23,This is a historical variable. It holds the 2023 value of the corresponding variable. Please see the current variable for the variable description.,A5-KS5-Progress,KS4 + KS5  Ages 11 to 18 Mixed sex,
1442,KS5_25,LCI_INS_ALEV_NOTDIS_22,This is a historical variable. It holds the 2022 value of the corresponding variable. Please see the current variable for the variable description.,A5-KS5-Progress,KS4 + KS5  Ages 11 to 18 Mixed sex,
1443,KS5_25,ENTRIES_ACAD_NOTDIS_24,This is a historical variable. It holds the 2024 value of the corresponding variable. Please see the current variable for the variable description.,A5-KS5-Academic,KS4 + KS5  Ages 11 to 18 Mixed sex,727
1444,KS5_25,ENTRIES_ACAD_NOTDIS_23,This is a historical variable. It holds the 2023 value of the corresponding variable. Please see the current variable for the variable description.,A5-KS5-Academic,KS4 + KS5  Ages 11 to 18 Mixed sex,
1445,KS5_25,ENTRIES_ACAD_NOTDIS_22,This is a historical variable. It holds the 2022 value of the corresponding variable. Please see the current variable for the variable description.,A5-KS5-Academic,KS4 + KS5  Ages 11 to 18 Mixed sex,
1446,KS5_25,VA_INS_ACAD_NOTDIS_24,This is a historical variable. It holds the 2024 value of the corresponding variable. Please see the current variable for the variable description.,A5-KS5-Progress,KS4 + KS5  Ages 11 to 18 Mixed sex,0.03
1447,KS5_25,VA_INS_ACAD_NOTDIS_23,This is a historical variable. It holds the 2023 value of the corresponding variable. Please see the current variable for the variable description.,A5-KS5-Progress,KS4 + KS5  Ages 11 to 18 Mixed sex,
1448,KS5_25,VA_INS_ACAD_NOTDIS_22,This is a historical variable. It holds the 2022 value of the corresponding variable. Please see the current variable for the variable description.,A5-KS5-Progress,KS4 + KS5  Ages 11 to 18 Mixed sex,
1449,KS5_25,UCI_INS_ACAD_NOTDIS_24,This is a historical variable. It holds the 2024 value of the corresponding variable. Please see the current variable for the variable description.,A5-KS5-Progress,KS4 + KS5  Ages 11 to 18 Mixed sex,0.12
1450,KS5_25,UCI_INS_ACAD_NOTDIS_23,This is a historical variable. It holds the 2023 value of the corresponding variable. Please see the current variable for the variable description.,A5-KS5-Progress,KS4 + KS5  Ages 11 to 18 Mixed sex,
1451,KS5_25,UCI_INS_ACAD_NOTDIS_22,This is a historical variable. It holds the 2022 value of the corresponding variable. Please see the current variable for the variable description.,A5-KS5-Progress,KS4 + KS5  Ages 11 to 18 Mixed sex,
1452,KS5_25,LCI_INS_ACAD_NOTDIS_24,This is a historical variable. It holds the 2024 value of the corresponding variable. Please see the current variable for the variable description.,A5-KS5-Progress,KS4 + KS5  Ages 11 to 18 Mixed sex,-0.05
1453,KS5_25,LCI_INS_ACAD_NOTDIS_23,This is a historical variable. It holds the 2023 value of the corresponding variable. Please see the current variable for the variable description.,A5-KS5-Progress,KS4 + KS5  Ages 11 to 18 Mixed sex,
1454,KS5_25,LCI_INS_ACAD_NOTDIS_22,This is a historical variable. It holds the 2022 value of the corresponding variable. Please see the current variable for the variable description.,A5-KS5-Progress,KS4 + KS5  Ages 11 to 18 Mixed sex,
1455,KS5_25,ENTRIES_AGEN_NOTDIS_24,This is a historical variable. It holds the 2024 value of the corresponding variable. Please see the current variable for the variable description.,A5-KS5-Applied,KS4 + KS5  Ages 11 to 18 Mixed sex,NE
1456,KS5_25,ENTRIES_AGEN_NOTDIS_23,This is a historical variable. It holds the 2023 value of the corresponding variable. Please see the current variable for the variable description.,A5-KS5-Applied,KS4 + KS5  Ages 11 to 18 Mixed sex,
1457,KS5_25,ENTRIES_AGEN_NOTDIS_22,This is a historical variable. It holds the 2022 value of the corresponding variable. Please see the current variable for the variable description.,A5-KS5-Applied,KS4 + KS5  Ages 11 to 18 Mixed sex,
1458,KS5_25,VA_INS_AGEN_NOTDIS_24,This is a historical variable. It holds the 2024 value of the corresponding variable. Please see the current variable for the variable description.,A5-KS5-Progress,KS4 + KS5  Ages 11 to 18 Mixed sex,NE
1459,KS5_25,VA_INS_AGEN_NOTDIS_23,This is a historical variable. It holds the 2023 value of the corresponding variable. Please see the current variable for the variable description.,A5-KS5-Progress,KS4 + KS5  Ages 11 to 18 Mixed sex,
1460,KS5_25,VA_INS_AGEN_NOTDIS_22,This is a historical variable. It holds the 2022 value of the corresponding variable. Please see the current variable for the variable description.,A5-KS5-Progress,KS4 + KS5  Ages 11 to 18 Mixed sex,
1461,KS5_25,UCI_INS_AGEN_NOTDIS_24,This is a historical variable. It holds the 2024 value of the corresponding variable. Please see the current variable for the variable description.,A5-KS5-Progress,KS4 + KS5  Ages 11 to 18 Mixed sex,NE
1462,KS5_25,UCI_INS_AGEN_NOTDIS_23,This is a historical variable. It holds the 2023 value of the corresponding variable. Please see the current variable for the variable description.,A5-KS5-Progress,KS4 + KS5  Ages 11 to 18 Mixed sex,
1463,KS5_25,UCI_INS_AGEN_NOTDIS_22,This is a historical variable. It holds the 2022 value of the corresponding variable. Please see the current variable for the variable description.,A5-KS5-Progress,KS4 + KS5  Ages 11 to 18 Mixed sex,
1464,KS5_25,LCI_INS_AGEN_NOTDIS_24,This is a historical variable. It holds the 2024 value of the corresponding variable. Please see the current variable for the variable description.,A5-KS5-Progress,KS4 + KS5  Ages 11 to 18 Mixed sex,NE
1465,KS5_25,LCI_INS_AGEN_NOTDIS_23,This is a historical variable. It holds the 2023 value of the corresponding variable. Please see the current variable for the variable description.,A5-KS5-Progress,KS4 + KS5  Ages 11 to 18 Mixed sex,
1466,KS5_25,LCI_INS_AGEN_NOTDIS_22,This is a historical variable. It holds the 2022 value of the corresponding variable. Please see the current variable for the variable description.,A5-KS5-Progress,KS4 + KS5  Ages 11 to 18 Mixed sex,
1467,KS5_25,T_INSCOPE_ALEV_RET_NOTDIS_24,This is a historical variable. It holds the 2024 value of the corresponding variable. Please see the current variable for the variable description.,A5-KS5,KS4 + KS5  Ages 11 to 18 Mixed sex,190
1468,KS5_25,T_INSCOPE_ALEV_RET_NOTDIS_23,This is a historical variable. It holds the 2023 value of the corresponding variable. Please see the current variable for the variable description.,A5-KS5,KS4 + KS5  Ages 11 to 18 Mixed sex,176
1469,KS5_25,T_INSCOPE_ALEV_RET_NOTDIS_22,This is a historical variable. It holds the 2022 value of the corresponding variable. Please see the current variable for the variable description.,A5-KS5,KS4 + KS5  Ages 11 to 18 Mixed sex,196
1470,KS5_25,PT_RETAINED_ALEV_RET_NOTDIS_24,This is a historical variable. It holds the 2024 value of the corresponding variable. Please see the current variable for the variable description.,A5-KS5-Facilitating,KS4 + KS5  Ages 11 to 18 Mixed sex,100.00%
1471,KS5_25,PT_RETAINED_ALEV_RET_NOTDIS_23,This is a historical variable. It holds the 2023 value of the corresponding variable. Please see the current variable for the variable description.,A5-KS5-Facilitating,KS4 + KS5  Ages 11 to 18 Mixed sex,99.40%
1472,KS5_25,PT_RETAINED_ALEV_RET_NOTDIS_22,This is a historical variable. It holds the 2022 value of the corresponding variable. Please see the current variable for the variable description.,A5-KS5-Facilitating,KS4 + KS5  Ages 11 to 18 Mixed sex,98.50%
1473,KS5_25,T_INSCOPE_ACAD_RET_NOTDIS_24,This is a historical variable. It holds the 2024 value of the corresponding variable. Please see the current variable for the variable description.,A5-KS5,KS4 + KS5  Ages 11 to 18 Mixed sex,190
1474,KS5_25,T_INSCOPE_ACAD_RET_NOTDIS_23,This is a historical variable. It holds the 2023 value of the corresponding variable. Please see the current variable for the variable description.,A5-KS5,KS4 + KS5  Ages 11 to 18 Mixed sex,176
1475,KS5_25,T_INSCOPE_ACAD_RET_NOTDIS_22,This is a historical variable. It holds the 2022 value of the corresponding variable. Please see the current variable for the variable description.,A5-KS5,KS4 + KS5  Ages 11 to 18 Mixed sex,196
1476,KS5_25,PT_RETAINED_ACAD_RET_NOTDIS_24,This is a historical variable. It holds the 2024 value of the corresponding variable. Please see the current variable for the variable description.,A5-KS5-Facilitating,KS4 + KS5  Ages 11 to 18 Mixed sex,100.00%
1477,KS5_25,PT_RETAINED_ACAD_RET_NOTDIS_23,This is a historical variable. It holds the 2023 value of the corresponding variable. Please see the current variable for the variable description.,A5-KS5-Facilitating,KS4 + KS5  Ages 11 to 18 Mixed sex,99.40%
1478,KS5_25,PT_RETAINED_ACAD_RET_NOTDIS_22,This is a historical variable. It holds the 2022 value of the corresponding variable. Please see the current variable for the variable description.,A5-KS5-Facilitating,KS4 + KS5  Ages 11 to 18 Mixed sex,98.50%
1479,KS5_25,T_INSCOPE_AGEN_RET_NOTDIS_24,This is a historical variable. It holds the 2024 value of the corresponding variable. Please see the current variable for the variable description.,A5-KS5,KS4 + KS5  Ages 11 to 18 Mixed sex,NE
1480,KS5_25,T_INSCOPE_AGEN_RET_NOTDIS_23,This is a historical variable. It holds the 2023 value of the corresponding variable. Please see the current variable for the variable description.,A5-KS5,KS4 + KS5  Ages 11 to 18 Mixed sex,NE
1481,KS5_25,T_INSCOPE_AGEN_RET_NOTDIS_22,This is a historical variable. It holds the 2022 value of the corresponding variable. Please see the current variable for the variable description.,A5-KS5,KS4 + KS5  Ages 11 to 18 Mixed sex,NE
1482,KS5_25,PT_RETAINED_AGEN_RET_NOTDIS_24,This is a historical variable. It holds the 2024 value of the corresponding variable. Please see the current variable for the variable description.,A5-KS5-Facilitating,KS4 + KS5  Ages 11 to 18 Mixed sex,NE
1483,KS5_25,PT_RETAINED_AGEN_RET_NOTDIS_23,This is a historical variable. It holds the 2023 value of the corresponding variable. Please see the current variable for the variable description.,A5-KS5-Facilitating,KS4 + KS5  Ages 11 to 18 Mixed sex,NE
1484,KS5_25,PT_RETAINED_AGEN_RET_NOTDIS_22,This is a historical variable. It holds the 2022 value of the corresponding variable. Please see the current variable for the variable description.,A5-KS5-Facilitating,KS4 + KS5  Ages 11 to 18 Mixed sex,NE
1485,KS5_25,T_INSCOPE_TLEV_RET_NOTDIS_24,This is a historical variable. It holds the 2024 value of the corresponding variable. Please see the current variable for the variable description.,A5-KS5,KS4 + KS5  Ages 11 to 18 Mixed sex,NE
1486,KS5_25,T_INSCOPE_TLEV_RET_NOTDIS_23,This is a historical variable. It holds the 2023 value of the corresponding variable. Please see the current variable for the variable description.,A5-KS5,KS4 + KS5  Ages 11 to 18 Mixed sex,NE
1487,KS5_25,T_INSCOPE_TLEV_RET_NOTDIS_22,This is a historical variable. It holds the 2022 value of the corresponding variable. Please see the current variable for the variable description.,A5-KS5,KS4 + KS5  Ages 11 to 18 Mixed sex,NE
1488,KS5_25,PT_RETAINED_TLEV_RET_NOTDIS_24,This is a historical variable. It holds the 2024 value of the corresponding variable. Please see the current variable for the variable description.,A5-KS5-Facilitating,KS4 + KS5  Ages 11 to 18 Mixed sex,NE
1489,KS5_25,PT_RETAINED_TLEV_RET_NOTDIS_23,This is a historical variable. It holds the 2023 value of the corresponding variable. Please see the current variable for the variable description.,A5-KS5-Facilitating,KS4 + KS5  Ages 11 to 18 Mixed sex,NE
1490,KS5_25,PT_RETAINED_TLEV_RET_NOTDIS_22,This is a historical variable. It holds the 2022 value of the corresponding variable. Please see the current variable for the variable description.,A5-KS5-Facilitating,KS4 + KS5  Ages 11 to 18 Mixed sex,NE
1491,KS5_25,T_INSCOPE_TECHCERT_RET_NOTDIS_24,This is a historical variable. It holds the 2024 value of the corresponding variable. Please see the current variable for the variable description.,A5-KS5,KS4 + KS5  Ages 11 to 18 Mixed sex,NE
1492,KS5_25,T_INSCOPE_TECHCERT_RET_NOTDIS_23,This is a historical variable. It holds the 2023 value of the corresponding variable. Please see the current variable for the variable description.,A5-KS5,KS4 + KS5  Ages 11 to 18 Mixed sex,NE
1493,KS5_25,T_INSCOPE_TECHCERT_RET_NOTDIS_22,This is a historical variable. It holds the 2022 value of the corresponding variable. Please see the current variable for the variable description.,A5-KS5,KS4 + KS5  Ages 11 to 18 Mixed sex,NE
1494,KS5_25,PT_RETAINED_TECHCERT_RET_NOTDIS_24,This is a historical variable. It holds the 2024 value of the corresponding variable. Please see the current variable for the variable description.,A5-KS5-Facilitating,KS4 + KS5  Ages 11 to 18 Mixed sex,NE
1495,KS5_25,PT_RETAINED_TECHCERT_RET_NOTDIS_23,This is a historical variable. It holds the 2023 value of the corresponding variable. Please see the current variable for the variable description.,A5-KS5-Facilitating,KS4 + KS5  Ages 11 to 18 Mixed sex,NE
1496,KS5_25,PT_RETAINED_TECHCERT_RET_NOTDIS_22,This is a historical variable. It holds the 2022 value of the corresponding variable. Please see the current variable for the variable description.,A5-KS5-Facilitating,KS4 + KS5  Ages 11 to 18 Mixed sex,NE
1497,KS5_25,EDITION,,A5-KS5,KS4 + KS5  Ages 11 to 18 Mixed sex,Final
No,Namespace,Variable,Description,,Category,Value
1,L,URN,School unique reference number,,Private Ages 4 to 18 Mixed sex,100065
2,L,LANAME,Local authority name,,Private Ages 4 to 18 Mixed sex,Camden
3,L,LA,Local authority number,,Private Ages 4 to 18 Mixed sex,202
4,L,ESTAB,Establishment number,,Private Ages 4 to 18 Mixed sex,6018
5,L,LAESTAB,DfE number,,Private Ages 4 to 18 Mixed sex,2026018
6,L,SCHNAME,School name,A1,Private Ages 4 to 18 Mixed sex,University College School
7,L,STREET,School address (1),A1,Private Ages 4 to 18 Mixed sex,Frognal
8,L,LOCALITY,School address (2),A1,Private Ages 4 to 18 Mixed sex,Hampstead
9,L,ADDRESS3,School address (3),,Private Ages 4 to 18 Mixed sex,
10,L,TOWN,School town,A1,Private Ages 4 to 18 Mixed sex,London
11,L,POSTCODE,School postcode,A1,Private Ages 4 to 18 Mixed sex,NW3 6XH
12,L,SCHSTATUS,School open / closed status,A1,Private Ages 4 to 18 Mixed sex,Open
13,L,OPENDATE,Open date of school (if opened on or after 12 September 2024),A1,Private Ages 4 to 18 Mixed sex,
14,L,CLOSEDATE,Date the school closed,A1,Private Ages 4 to 18 Mixed sex,
15,L,MINORGROUP,Type of school / college eg maintained school,A1,Private Ages 4 to 18 Mixed sex,Independent school
16,L,SCHOOLTYPE,School Type eg Voluntary Aided school,A1,Private Ages 4 to 18 Mixed sex,Other independent school
17,L,ISPRIMARY,"Does the school provide primary education? ( 0 = No,A1,,Private Ages 4 to 18 Mixed sex,1
18,L,ISSECONDARY,"Does the school provide secondary education? ( 0 = No,A1,,Private Ages 4 to 18 Mixed sex,1
19,L,ISPOST16,"Does the school provide post 16 education? (  0 = No,A1,,Private Ages 4 to 18 Mixed sex,1
20,L,AGELOW,Lowest age of entry,A1,Private Ages 4 to 18 Mixed sex,4
21,L,AGEHIGH,Highest age of entry,A1,Private Ages 4 to 18 Mixed sex,18
22,L,GENDER,Indicates whether it's a mixed or single sex school,A1,Private Ages 4 to 18 Mixed sex,Mixed
23,L,RELCHAR,Religious character,A1,Private Ages 4 to 18 Mixed sex,None
24,L,ADMPOL,Admissions Policy,A1,Private Ages 4 to 18 Mixed sex,Not applicable
25,CENSUS_25,URN,School Unique Reference Number,,Private Ages 4 to 18 Mixed sex,100065
26,CENSUS_25,LA,LA number,,Private Ages 4 to 18 Mixed sex,202
27,CENSUS_25,ESTAB,ESTAB number,,Private Ages 4 to 18 Mixed sex,6018
28,CENSUS_25,SCHOOLTYPE,Type of school,,Private Ages 4 to 18 Mixed sex,Independent school
29,CENSUS_25,NOR,Total number of pupils on roll,A4-Census,Private Ages 4 to 18 Mixed sex,1305
30,CENSUS_25,NORG,Number of girls on roll,A4-Census,Private Ages 4 to 18 Mixed sex,109
31,CENSUS_25,NORB,Number of boys on roll,A4-Census,Private Ages 4 to 18 Mixed sex,1196
32,CENSUS_25,PNORG,Percentage of girls on roll,A4-Census,Private Ages 4 to 18 Mixed sex,8.35%
33,CENSUS_25,PNORB,Percentage of boys on roll,A4-Census,Private Ages 4 to 18 Mixed sex,91.65%
34,CENSUS_25,TSENELSE,Number of eligible pupils with an EHC plan,A4-Census,Private Ages 4 to 18 Mixed sex,1
35,CENSUS_25,PSENELSE,Percentage of eligible pupils with an EHC plan,A4-Census,Private Ages 4 to 18 Mixed sex,0.08%
36,CENSUS_25,TSENELK,Number of eligible pupils with SEN support,A4-Census,Private Ages 4 to 18 Mixed sex,224
37,CENSUS_25,PSENELK,Percentage of eligible pupils with SEN support,A4-Census,Private Ages 4 to 18 Mixed sex,17.16%
38,CENSUS_25,NUMEAL,No.  pupils where English not first language,A4-Census,Private Ages 4 to 18 Mixed sex,
39,CENSUS_25,NUMENGFL,No. pupils with English first language,A4-Census,Private Ages 4 to 18 Mixed sex,
40,CENSUS_25,NUMUNCFL,No. pupils where first language is unclassified,A4-Census,Private Ages 4 to 18 Mixed sex,
41,CENSUS_25,PNUMEAL,%  pupils where English not first language,A4-Census,Private Ages 4 to 18 Mixed sex,
42,CENSUS_25,PNUMENGFL,% pupils with English first language,A4-Census,Private Ages 4 to 18 Mixed sex,
43,CENSUS_25,PNUMUNCLF,,A4-Census,Private Ages 4 to 18 Mixed sex,
44,CENSUS_25,NUMFSM,No. pupils eligible for free school meals,A4-Census,Private Ages 4 to 18 Mixed sex,
45,CENSUS_25,NUMFSMEVER,Number of pupils eligible for FSM at any time during the past 6 years,A4-Census,Private Ages 4 to 18 Mixed sex,NA
46,CENSUS_25,NORFSMEVER,Total pupils for FSMEver,A4-Census,Private Ages 4 to 18 Mixed sex,NA
47,CENSUS_25,PNUMFSMEVER,Percentage of pupils eligible for FSM at any time during the past 6 years,A4-Census,Private Ages 4 to 18 Mixed sex,0.00%
48,CENSUS_25,EDITION,,,Private Ages 4 to 18 Mixed sex,Final
49,KS4_25,YEAR,,A5-KS4,Private Ages 4 to 18 Mixed sex,2025
50,KS4_25,RECTYPE,Record type (1=mainstream school; 2=special school; 4=local authority; 5=National (all schools); 7=National (maintained schools)),A5-KS4,Private Ages 4 to 18 Mixed sex,1
51,KS4_25,LEA,Local authority code (see separate list of local authorities and their codes),A5-KS4,Private Ages 4 to 18 Mixed sex,202
52,KS4_25,ESTAB,Establishment number,A5-KS4,Private Ages 4 to 18 Mixed sex,6018
53,KS4_25,URN,School Unique Reference Number,A5-KS4,Private Ages 4 to 18 Mixed sex,100065
54,KS4_25,SCHNAME,School name,A5-KS4,Private Ages 4 to 18 Mixed sex,University College School
55,KS4_25,SCHNAME_AC,School now known as (used if the school has converted to an academy on or after 12 Sept 2024),A5-KS4,Private Ages 4 to 18 Mixed sex,
56,KS4_25,ADDRESS1,School address (1),A5-KS4,Private Ages 4 to 18 Mixed sex,Frognal
57,KS4_25,ADDRESS2,School address (2),A5-KS4,Private Ages 4 to 18 Mixed sex,Hampstead
58,KS4_25,ADDRESS3,School address (3),A5-KS4,Private Ages 4 to 18 Mixed sex,
59,KS4_25,TOWN,School town,A5-KS4,Private Ages 4 to 18 Mixed sex,London
60,KS4_25,PCODE,School postcode,A5-KS4,Private Ages 4 to 18 Mixed sex,NW3 6XH
61,KS4_25,TELNUM,School telephone number,A5-KS4,Private Ages 4 to 18 Mixed sex,02074352215
62,KS4_25,PCON_CODE,Parliamentary constituency code,A5-KS4,Private Ages 4 to 18 Mixed sex,E14001265
63,KS4_25,PCON_NAME,Parliamentary constituency name,A5-KS4,Private Ages 4 to 18 Mixed sex,Hampstead and Highgate
64,KS4_25,CONTFLAG,Contingency flag - school results 'significantly affected'. This field is zero for all schools.,A5-KS4,Private Ages 4 to 18 Mixed sex,0
65,KS4_25,ICLOSE,"Closed school flag (0=open; 1=closed; 2=open,A5-KS4,,Private Ages 4 to 18 Mixed sex,0
66,KS4_25,NFTYPE,School type (see separate list of abbreviations used in the tables),A5-KS4,Private Ages 4 to 18 Mixed sex,IND
67,KS4_25,RELDENOM,School religious character,A5-KS4,Private Ages 4 to 18 Mixed sex,None
68,KS4_25,ADMPOL,School admissions policy (self-declared by schools on Get Information About Schools),A5-KS4,Private Ages 4 to 18 Mixed sex,
69,KS4_25,ADMPOL_PT,School admissions policy - new definition from 2019,A5-KS4,Private Ages 4 to 18 Mixed sex,NA
70,KS4_25,EGENDER,School gender of entry,A5-KS4,Private Ages 4 to 18 Mixed sex,MIXED
71,KS4_25,FEEDER,Indicates whether school is a feeder school for sixth form centre/consortia (0=No; 1=Yes),A5-KS4,Private Ages 4 to 18 Mixed sex,0
72,KS4_25,AGERANGE,Age range,A5-KS4,Private Ages 4 to 18 Mixed sex,4 to 18
73,KS4_25,TOTPUPS,Number of pupils on roll (all ages),A5-KS4,Private Ages 4 to 18 Mixed sex,1305
74,KS4_25,NUMBOYS,Total boys on roll (including part-time pupils),A5-KS4,Private Ages 4 to 18 Mixed sex,1196
75,KS4_25,NUMGIRLS,Total girls on roll (including part-time pupils),A5-KS4,Private Ages 4 to 18 Mixed sex,109
76,KS4_25,TPUP,Number of pupils at the end of key stage 4,A5-KS4-Cohort,Private Ages 4 to 18 Mixed sex,183
77,KS4_25,BPUP,Number of boys at the end of key stage 4,A5-KS4-Cohort,Private Ages 4 to 18 Mixed sex,127
78,KS4_25,PBPUP,% of pupils at the end of key stage 4 who are boys,A5-KS4-Cohort,Private Ages 4 to 18 Mixed sex,69.4%
79,KS4_25,GPUP,Number of girls at the end of key stage 4,A5-KS4-Cohort,Private Ages 4 to 18 Mixed sex,56
80,KS4_25,PGPUP,% of pupils at the end key stage 4 who are girls,A5-KS4-Cohort,Private Ages 4 to 18 Mixed sex,30.6%
81,KS4_25,KS2ASS,KS4 cohort average KS2 Scaled Score (average of English reading and maths),A5-KS4,Private Ages 4 to 18 Mixed sex,NA
82,KS4_25,TPRIORLO,Number of pupils at the end of key stage 4 with low prior attainment at the end of key stage 2,A5-KS4,Private Ages 4 to 18 Mixed sex,NA
83,KS4_25,PTPRIORLO,% of pupils at the end of key stage 4 with low prior attainment at the end of key stage 2,A5-KS4,Private Ages 4 to 18 Mixed sex,NA
84,KS4_25,TPRIORAV,Number of pupils at the end of key stage 4 with middle prior attainment at the end of key stage 2,A5-KS4,Private Ages 4 to 18 Mixed sex,NA
85,KS4_25,PTPRIORAV,% of pupils at the end of key stage 4 with middle prior attainment at the end of key stage 2,A5-KS4,Private Ages 4 to 18 Mixed sex,NA
86,KS4_25,TPRIORHI,Number of pupils at the end of key stage 4 with high prior attainment at the end of key stage 2,A5-KS4,Private Ages 4 to 18 Mixed sex,NA
87,KS4_25,PTPRIORHI,% of pupils at the end of key stage 4 with high prior attainment at the end of key stage 2,A5-KS4,Private Ages 4 to 18 Mixed sex,NA
88,KS4_25,TFSM6CLA1A,Number of disadvantaged pupils at the end of key stage 4,A5-KS4-Cohort,Private Ages 4 to 18 Mixed sex,NP
89,KS4_25,PTFSM6CLA1A,% of pupils at the end of key stage 4 who are disadvantaged,A5-KS4-Cohort,Private Ages 4 to 18 Mixed sex,NP
90,KS4_25,TNOTFSM6CLA1A,Number of non-disadvantaged pupils at the end of key stage 4,A5-KS4-Cohort,Private Ages 4 to 18 Mixed sex,NP
91,KS4_25,PTNOTFSM6CLA1A,% of pupils at the end of key stage 4 who are not disadvantaged,A5-KS4-Cohort,Private Ages 4 to 18 Mixed sex,NP
92,KS4_25,TEALGRP2,Number of pupils at the end of key stage 4 with English as additional language (EAL),A5-KS4-Cohort,Private Ages 4 to 18 Mixed sex,NP
93,KS4_25,PTEALGRP2,% of pupils at the end of key stage 4 with English as additional language (EAL),A5-KS4-Cohort,Private Ages 4 to 18 Mixed sex,NP
94,KS4_25,TEALGRP1,Number of pupils at the end of key stage 4 with English as their first language,A5-KS4-Cohort,Private Ages 4 to 18 Mixed sex,NP
95,KS4_25,PTEALGRP1,% of pupils at the end of key stage 4 with English as their first language,A5-KS4-Cohort,Private Ages 4 to 18 Mixed sex,NP
96,KS4_25,TEALGRP3,Number of pupils at the end of key stage 4 whose first language is unclassified,A5-KS4-Cohort,Private Ages 4 to 18 Mixed sex,NP
97,KS4_25,PTEALGRP3,% of pupils at the end of key stage 4 whose first language is unclassified,A5-KS4-Cohort,Private Ages 4 to 18 Mixed sex,NP
98,KS4_25,TNMOB,Number of pupils at the end of key stage 4 who are non-mobile,A5-KS4-Cohort,Private Ages 4 to 18 Mixed sex,NP
99,KS4_25,PTNMOB,% of pupils at the end of key stage 4 who are non-mobile,A5-KS4-Cohort,Private Ages 4 to 18 Mixed sex,NP
100,KS4_25,SENE4,"Number of pupils at the end of key stage 4 with special educational needs (SEN) with an Education,A5-KS4,,Private Ages 4 to 18 Mixed sex,NA
101,KS4_25,PSENE4,"% of pupils at the end of key stage 4 with special educational needs (SEN) with an Education,A5-KS4,,Private Ages 4 to 18 Mixed sex,NA
102,KS4_25,SEN_ALL4,"Number of pupils at the end of key stage 4 with special educational needs (SEN) including those with or without an Education,A5-KS4,,Private Ages 4 to 18 Mixed sex,NA
103,KS4_25,PSEN_ALL4,"% of pupils at the end of key stage 4 with special educational needs (SEN) including those with or without an Education,A5-KS4,,Private Ages 4 to 18 Mixed sex,NA
104,KS4_25,SENK4,"Number of pupils at the end of key stage 4 with special educational needs (SEN) without an Education,A5-KS4,,Private Ages 4 to 18 Mixed sex,NA
105,KS4_25,PSENK4,"% of pupils at the end of key stage 4 with special educational needs (SEN) without an Education,A5-KS4,,Private Ages 4 to 18 Mixed sex,NA
106,KS4_25,TOTATT8,Total sum of Attainment 8 scores,A5-KS4,Private Ages 4 to 18 Mixed sex,2910.66
107,KS4_25,ATT8SCR,Average Attainment 8 score per pupil,A5-KS4-Attainment8,Private Ages 4 to 18 Mixed sex,15.9
108,KS4_25,TOTATT8ENG,Total sum of Attainment 8 scores for English element,A5-KS4,Private Ages 4 to 18 Mixed sex,0
109,KS4_25,ATT8SCRENG,Average Attainment 8 score per pupil for English element,A5-KS4-Attainment8,Private Ages 4 to 18 Mixed sex,0
110,KS4_25,TOTATT8MAT,Total sum of Attainment 8 scores for mathematics element,A5-KS4,Private Ages 4 to 18 Mixed sex,18
111,KS4_25,ATT8SCRMAT,Average Attainment 8 score per pupil for mathematics element,A5-KS4-Attainment8,Private Ages 4 to 18 Mixed sex,0.1
112,KS4_25,TOTATT8EBAC,Total sum of Attainment 8 scores for EBacc element,A5-KS4,Private Ages 4 to 18 Mixed sex,1607
113,KS4_25,ATT8SCREBAC,Average Attainment 8 score per pupil for EBacc element,A5-KS4-Attainment8,Private Ages 4 to 18 Mixed sex,8.8
114,KS4_25,TOTATT8OPEN,Total sum of Attainment 8 scores for open element,A5-KS4,Private Ages 4 to 18 Mixed sex,1285.66
115,KS4_25,ATT8SCROPEN,Average Attainment 8 score per pupil for open element,A5-KS4-Attainment8,Private Ages 4 to 18 Mixed sex,7
116,KS4_25,TOTATT8OPENG,Total sum of Attainment 8 scores for open element - GCSE only,A5-KS4,Private Ages 4 to 18 Mixed sex,1067
117,KS4_25,ATT8SCROPENG,Average Attainment 8 score per pupil for open element - GCSE only,A5-KS4-Attainment8,Private Ages 4 to 18 Mixed sex,5.8
118,KS4_25,TOTATT8OPENNG,Total sum of Attainment 8 scores for open element - non-GCSE only,A5-KS4,Private Ages 4 to 18 Mixed sex,218.66
119,KS4_25,ATT8SCROPENNG,Average Attainment 8 score per pupil for open element - non-GCSE only,A5-KS4-Attainment8,Private Ages 4 to 18 Mixed sex,1.2
120,KS4_25,AVGEBACFILL,Average number of EBacc slots filled in Attainment 8 per pupil,A5-KS4-EBacc,Private Ages 4 to 18 Mixed sex,1.1
121,KS4_25,AVGOPENFILL,Average number of Open slots filled in Attainment 8 per pupil,A5-KS4-EBacc,Private Ages 4 to 18 Mixed sex,1
122,KS4_25,P8PUP,Number of pupils included in Progress 8 measure,A5-KS4-Progress8,Private Ages 4 to 18 Mixed sex,NA
123,KS4_25,TP8ADJ,Number of pupils who have had P8 score adjusted in average,A5-KS4,Private Ages 4 to 18 Mixed sex,NA
124,KS4_25,P8MEACOV,% of pupils at the end of key stage 4 included in Progress 8 measure,A5-KS4-Progress8,Private Ages 4 to 18 Mixed sex,NA
125,KS4_25,P8MEA,Progress 8 measure after adjustment for extreme scores,A5-KS4-Progress8,Private Ages 4 to 18 Mixed sex,NA
126,KS4_25,P8CILOW,Progress 8 lower 95% confidence interval for adjusted average,A5-KS4-Progress8,Private Ages 4 to 18 Mixed sex,NA
127,KS4_25,P8CIUPP,Progress 8 upper 95% confidence interval for adjusted average,A5-KS4-Progress8,Private Ages 4 to 18 Mixed sex,NA
128,KS4_25,P8MEA_ORIG,Progress 8 measure based on unadjusted pupil scores,A5-KS4-Progress8,Private Ages 4 to 18 Mixed sex,NA
129,KS4_25,P8CILOW_ORIG,Progress 8 lower 95% confidence interval for unadjusted average,A5-KS4-Progress8,Private Ages 4 to 18 Mixed sex,NA
130,KS4_25,P8CIUPP_ORIG,Progress 8 upper 95% confidence interval for unadjusted average,A5-KS4-Progress8,Private Ages 4 to 18 Mixed sex,NA
131,KS4_25,P8MEAENG,Progress 8 measure for English element,A5-KS4-Progress8,Private Ages 4 to 18 Mixed sex,NA
132,KS4_25,P8MEAENG_CILOW,Lower 95% confidence interval for Progress 8 English element,A5-KS4-Progress8,Private Ages 4 to 18 Mixed sex,NA
133,KS4_25,P8MEAENG_CIUPP,Upper 95% confidence interval for Progress 8 English element,A5-KS4-Progress8,Private Ages 4 to 18 Mixed sex,NA
134,KS4_25,P8MEAMAT,Progress 8 measure for mathematics element,A5-KS4-Progress8,Private Ages 4 to 18 Mixed sex,NA
135,KS4_25,P8MEAMAT_CILOW,Lower 95% confidence interval for Progress 8 maths element,A5-KS4-Progress8,Private Ages 4 to 18 Mixed sex,NA
136,KS4_25,P8MEAMAT_CIUPP,Upper 95% confidence interval for Progress 8 maths element,A5-KS4-Progress8,Private Ages 4 to 18 Mixed sex,NA
137,KS4_25,P8MEAEBAC,Progress 8 measure for EBacc element,A5-KS4-Progress8,Private Ages 4 to 18 Mixed sex,NA
138,KS4_25,P8MEAEBAC_CILOW,Lower 95% confidence interval for Progress 8 EBacc element,A5-KS4-Progress8,Private Ages 4 to 18 Mixed sex,NA
139,KS4_25,P8MEAEBAC_CIUPP,Upper 95% confidence interval for Progress 8 EBacc element,A5-KS4-Progress8,Private Ages 4 to 18 Mixed sex,NA
140,KS4_25,P8MEAOPEN,Progress 8 measure for open element,A5-KS4-Progress8,Private Ages 4 to 18 Mixed sex,NA
141,KS4_25,P8MEAOPEN_CILOW,Lower 95% confidence interval for Progress 8 open element,A5-KS4-Progress8,Private Ages 4 to 18 Mixed sex,NA
142,KS4_25,P8MEAOPEN_CIUPP,Upper 95% confidence interval for Progress 8 open element,A5-KS4-Progress8,Private Ages 4 to 18 Mixed sex,NA
143,KS4_25,PTL2BASICS_94,% of pupils achieving standard 9-4 passes in both English and mathematics GCSEs,A5-KS4-Grades,Private Ages 4 to 18 Mixed sex,0.0%
144,KS4_25,PTL2BASICS_95,% of pupils achieving strong 9-5 passes in both English and mathematics GCSEs,A5-KS4-Grades,Private Ages 4 to 18 Mixed sex,0.0%
145,KS4_25,TOTEBACCAPS,Total EBacc APS score per pupil,A5-KS4,Private Ages 4 to 18 Mixed sex,124.97
146,KS4_25,EBACCAPS,Average EBacc APS score per pupil,A5-KS4-EBacc,Private Ages 4 to 18 Mixed sex,0.68
147,KS4_25,EBACCAPS_FSM6CLA1A,Average EBacc APS score per disadvantaged pupil,A5-KS4-EBacc,Private Ages 4 to 18 Mixed sex,NP
148,KS4_25,EBACCAPS_NFSM6CLA1A,Average EBacc APS score per non-disadvantaged pupil,A5-KS4-EBacc,Private Ages 4 to 18 Mixed sex,NP
149,KS4_25,EBACCAPS_LO,Average EBacc APS score per pupil with low prior attainment,A5-KS4-EBacc,Private Ages 4 to 18 Mixed sex,NA
150,KS4_25,EBACCAPS_MID,Average EBacc APS score per pupil with middle prior attainment,A5-KS4-EBacc,Private Ages 4 to 18 Mixed sex,NA
151,KS4_25,EBACCAPS_HI,Average EBacc APS score per pupil with high prior attainment,A5-KS4-EBacc,Private Ages 4 to 18 Mixed sex,NA
152,KS4_25,EBACCAPS_EAL,Average EBacc APS score per pupil for whom English is an additional language,A5-KS4-EBacc,Private Ages 4 to 18 Mixed sex,NP
153,KS4_25,EBACCAPS_GIRLS,Average EBacc APS score per girl,A5-KS4-EBacc,Private Ages 4 to 18 Mixed sex,0
154,KS4_25,EBACCAPS_BOYS,Average EBacc APS score per boy,A5-KS4-EBacc,Private Ages 4 to 18 Mixed sex,0.98
155,KS4_25,EBACCAPS_NMOB,Average EBacc APS score per non-mobile pupil,A5-KS4-EBacc,Private Ages 4 to 18 Mixed sex,NP
156,KS4_25,TEBACC_E_PTQ_EE,Number of key stage 4 pupils with entries in all English Baccalaureate subject areas,A5-KS4-EBacc,Private Ages 4 to 18 Mixed sex,0
157,KS4_25,PTEBACC_E_PTQ_EE,% of key stage 4 pupils with entries in all English Baccalaureate subject areas,A5-KS4-EBacc,Private Ages 4 to 18 Mixed sex,0.0%
158,KS4_25,PTEBACC_94,% of pupils achieving the English Baccalaureate with 9-4 passes,A5-KS4-EBacc,Private Ages 4 to 18 Mixed sex,0.0%
159,KS4_25,PTEBACC_95,% of pupils achieving the English Baccalaureate with 9-5 passes,A5-KS4-EBacc,Private Ages 4 to 18 Mixed sex,0.0%
160,KS4_25,TEBACENG_E_PTQ_EE,Number of pupils entering the English Baccalaureate English subject area,A5-KS4,Private Ages 4 to 18 Mixed sex,0
161,KS4_25,PTEBACENG_E_PTQ_EE,% of pupils entering the English Baccalaureate English subject area,A5-KS4-EBacc,Private Ages 4 to 18 Mixed sex,0.0%
162,KS4_25,TEBACMAT_E_PTQ_EE,Number of pupils entering the English Baccalaureate Maths subject area,A5-KS4,Private Ages 4 to 18 Mixed sex,1
163,KS4_25,PTEBACMAT_E_PTQ_EE,% of pupils entering the English Baccalaureate Maths subject area,A5-KS4-EBacc,Private Ages 4 to 18 Mixed sex,0.5%
164,KS4_25,TEBAC2SCI_E_PTQ_EE,Number of pupils entering the English Baccalaureate Science subject area,A5-KS4,Private Ages 4 to 18 Mixed sex,0
165,KS4_25,PTEBAC2SCI_E_PTQ_EE,%  of pupils entering the English Baccalaureate Science subject area,A5-KS4-EBacc,Private Ages 4 to 18 Mixed sex,0.0%
166,KS4_25,TEBACHUM_E_PTQ_EE,Number of pupils entering the English Baccalaureate Humanities subject area,A5-KS4,Private Ages 4 to 18 Mixed sex,0
167,KS4_25,PTEBACHUM_E_PTQ_EE,%  of pupils entering the English Baccalaureate Humanities subject area,A5-KS4-EBacc,Private Ages 4 to 18 Mixed sex,0.0%
168,KS4_25,TEBACLAN_E_PTQ_EE,Number of pupils entering the English Baccalaureate Language subject area,A5-KS4,Private Ages 4 to 18 Mixed sex,89
169,KS4_25,PTEBACLAN_E_PTQ_EE,%  of pupils entering the English Baccalaureate Language subject area,A5-KS4-EBacc,Private Ages 4 to 18 Mixed sex,48.6%
170,KS4_25,PTEBACENG_94,% of pupils achieving the EBacc English subject area with a standard 9-4 pass,A5-KS4-EBacc,Private Ages 4 to 18 Mixed sex,0.0%
171,KS4_25,PTEBACENG_95,% of pupils achieving the EBacc English subject area with a strong 9-5 pass,A5-KS4-EBacc,Private Ages 4 to 18 Mixed sex,0.0%
172,KS4_25,PTEBACMAT_94,% of pupils achieving the EBacc Maths subject area with a standard 9-4 pass,A5-KS4-EBacc,Private Ages 4 to 18 Mixed sex,0.5%
173,KS4_25,PTEBACMAT_95,% of pupils achieving the EBacc Maths subject area with a strong 9-5 pass,A5-KS4-EBacc,Private Ages 4 to 18 Mixed sex,0.5%
174,KS4_25,PTEBAC2SCI_94,% of entered pupils achieving the EBacc Science subject area with a 9-4 pass,A5-KS4-EBacc,Private Ages 4 to 18 Mixed sex,NE
175,KS4_25,PTEBAC2SCI_95,% of entered pupils achieving the EBacc Science subject area with a 9-5 pass,A5-KS4-EBacc,Private Ages 4 to 18 Mixed sex,NE
176,KS4_25,PTEBACHUM_94,% of entered pupils achieving the EBacc Humanities subject area with a 9-4 pass,A5-KS4-EBacc,Private Ages 4 to 18 Mixed sex,NE
177,KS4_25,PTEBACHUM_95,% of entered pupils achieving the EBacc Humanities subject area with a 9-5 pass,A5-KS4-EBacc,Private Ages 4 to 18 Mixed sex,NE
178,KS4_25,PTEBACLAN_94,% of entered pupils achieving the EBacc Language subject area with a 9-4 pass,A5-KS4-EBacc,Private Ages 4 to 18 Mixed sex,100.0%
179,KS4_25,PTEBACLAN_95,% of entered pupils achieving the EBacc Language subject area with a 9-5 pass,A5-KS4-EBacc,Private Ages 4 to 18 Mixed sex,100.0%
180,KS4_25,SCIVAPUP_PTQ_EE,Number of pupils included in English Baccalaureate Science Value Added measure,A5-KS4,Private Ages 4 to 18 Mixed sex,NA
181,KS4_25,SCIVACOV_PTQ_EE,Coverage of the English Baccalaureate Science Value Added indicators of those who entered for science,A5-KS4,Private Ages 4 to 18 Mixed sex,NA
182,KS4_25,HUMVAPUP_PTQ_EE,Number of pupils included in English Baccalaureate Humanities Value Added measure,A5-KS4,Private Ages 4 to 18 Mixed sex,NA
183,KS4_25,HUMVACOV_PTQ_EE,Coverage of the English Baccalaureate Humanities Value Added indicators of those who entered for humanities,A5-KS4,Private Ages 4 to 18 Mixed sex,NA
184,KS4_25,LANVAPUP_PTQ_EE,Number of pupils included in English Baccalaureate Language Value Added measure,A5-KS4,Private Ages 4 to 18 Mixed sex,NA
185,KS4_25,LANVACOV_PTQ_EE,Coverage of the English Baccalaureate Language Value Added indicators of those who entered for languages,A5-KS4,Private Ages 4 to 18 Mixed sex,NA
186,KS4_25,SCIVAMEA_PTQ_EE,English Baccalaureate Science Value Added measure,A5-KS4,Private Ages 4 to 18 Mixed sex,NA
187,KS4_25,SCIVALOW_PTQ_EE,English Baccalaureate Science Value Added lower 95% confidence limit,A5-KS4,Private Ages 4 to 18 Mixed sex,NA
188,KS4_25,SCIVAUPP_PTQ_EE,English Baccalaureate Science Value Added upper 95% confidence limit,A5-KS4,Private Ages 4 to 18 Mixed sex,NA
189,KS4_25,HUMVAMEA_PTQ_EE,English Baccalaureate Humanities Value Added measure,A5-KS4,Private Ages 4 to 18 Mixed sex,NA
190,KS4_25,HUMVALOW_PTQ_EE,English Baccalaureate Humanities Value Added lower 95% confidence limit,A5-KS4,Private Ages 4 to 18 Mixed sex,NA
191,KS4_25,HUMVAUPP_PTQ_EE,English Baccalaureate Humanities Value Added upper 95% confidence limit,A5-KS4,Private Ages 4 to 18 Mixed sex,NA
192,KS4_25,LANVAMEA_PTQ_EE,English Baccalaureate Languages Value Added measure,A5-KS4,Private Ages 4 to 18 Mixed sex,NA
193,KS4_25,LANVALOW_PTQ_EE,English Baccalaureate Languages Value Added lower 95% confidence limit,A5-KS4,Private Ages 4 to 18 Mixed sex,NA
194,KS4_25,LANVAUPP_PTQ_EE,English Baccalaureate Languages Value Added upper 95% confidence limit,A5-KS4,Private Ages 4 to 18 Mixed sex,NA
195,KS4_25,TEBACENG_94,Number of pupils achieving EBacc English subject area with a standard 9-4 pass,A5-KS4,Private Ages 4 to 18 Mixed sex,0
196,KS4_25,TEBACENG_95,Number of pupils achieving EBacc English subject area with a strong 9-5 pass,A5-KS4,Private Ages 4 to 18 Mixed sex,0
197,KS4_25,TEBACMAT_94,Number of pupils achieving EBacc Maths subject area with a standard 9-4 pass,A5-KS4,Private Ages 4 to 18 Mixed sex,1
198,KS4_25,TEBACMAT_95,Number of pupils achieving EBacc Maths subject area with a strong 9-5 pass,A5-KS4,Private Ages 4 to 18 Mixed sex,1
199,KS4_25,TEBAC2SCI_94,Number of pupils achieving EBacc Science subject area with a 9-4 pass,A5-KS4,Private Ages 4 to 18 Mixed sex,NE
200,KS4_25,TEBAC2SCI_95,Number of pupils achieving EBacc Science subject area with a 9-5 pass,A5-KS4,Private Ages 4 to 18 Mixed sex,NE
201,KS4_25,TEBACHUM_94,Number of pupils achieving EBacc Humanities subject area with a 9-4 pass,A5-KS4,Private Ages 4 to 18 Mixed sex,NE
202,KS4_25,TEBACHUM_95,Number of pupils achieving EBacc Humanities subject area with a 9-5 pass,A5-KS4,Private Ages 4 to 18 Mixed sex,NE
203,KS4_25,TEBACLAN_94,Number of pupils achieving EBacc Language subject area with a 9-4 pass,A5-KS4,Private Ages 4 to 18 Mixed sex,89
204,KS4_25,TEBACLAN_95,Number of pupils achieving EBacc Language subject area with a 9-5 pass,A5-KS4,Private Ages 4 to 18 Mixed sex,89
205,KS4_25,TEBACC91,Number of pupils achieving the English Baccalaureate at grades 9-1,A5-KS4-EBacc,Private Ages 4 to 18 Mixed sex,0
206,KS4_25,PTEBACC91,% of pupils achieving the English Baccalaureate at grades 9-1,A5-KS4-EBacc,Private Ages 4 to 18 Mixed sex,0.0%
207,KS4_25,TEBACENG91,Number of pupils achieving EBacc English subject area at grade 9-1,A5-KS4,Private Ages 4 to 18 Mixed sex,0
208,KS4_25,PTEBACENG91,% of pupils achieving the EBacc English subject area at grade 9-1,A5-KS4-EBacc,Private Ages 4 to 18 Mixed sex,0.0%
209,KS4_25,TEBACMAT91,Number of pupils achieving EBacc Maths subject area at grade 9-1,A5-KS4,Private Ages 4 to 18 Mixed sex,1
210,KS4_25,PTEBACMAT91,% of pupils achieving the EBacc Maths subject area at grade 9-1,A5-KS4-EBacc,Private Ages 4 to 18 Mixed sex,0.5%
211,KS4_25,TEBAC2SCI91,Number of pupils achieving EBacc Science subject area with grades 9-1,A5-KS4,Private Ages 4 to 18 Mixed sex,NE
212,KS4_25,PTEBAC2SCI91,% entered pupils achieving the EBacc Science subject area with grades 9-1,A5-KS4-EBacc,Private Ages 4 to 18 Mixed sex,NE
213,KS4_25,TEBACHUM91,Number of pupils achieving EBacc Humanities subject area with grades 9-1,A5-KS4,Private Ages 4 to 18 Mixed sex,NE
214,KS4_25,PTEBACHUM91,% entered pupils achieving the EBacc Humanities subject area with grades 9-1,A5-KS4-EBacc,Private Ages 4 to 18 Mixed sex,NE
215,KS4_25,TEBACLAN91,Number of pupils achieving EBacc Language subject area with grades 9-1,A5-KS4,Private Ages 4 to 18 Mixed sex,89
216,KS4_25,PTEBACLAN91,% of entered pupils achieving the EBacc Language subject area with grades 9-1,A5-KS4-EBacc,Private Ages 4 to 18 Mixed sex,100.0%
217,KS4_25,ATT8SCR_FSM6CLA1A,Average Attainment 8 score per disadvantaged pupil,A5-KS4-Attainment8,Private Ages 4 to 18 Mixed sex,NP
218,KS4_25,P8PUP_FSM6CLA1A,Number of disadvantaged pupils in Progress 8 measure,A5-KS4-Progress8,Private Ages 4 to 18 Mixed sex,NA
219,KS4_25,TP8ADJ_FSM6CLA1A,Number of disadvantaged pupils in Progress 8 measure with adjusted scores,A5-KS4,Private Ages 4 to 18 Mixed sex,NA
220,KS4_25,P8MEA_FSM6CLA1A,Adjusted Progress 8 measure - disadvantaged pupils,A5-KS4-Progress8,Private Ages 4 to 18 Mixed sex,NA
221,KS4_25,P8CILOW_FSM6CLA1A,Adjusted Progress 8 lower 95% confidence interval - disadvantaged pupils,A5-KS4-Progress8,Private Ages 4 to 18 Mixed sex,NA
222,KS4_25,P8CIUPP_FSM6CLA1A,Adjusted Progress 8 upper 95% confidence interval - disadvantaged pupils,A5-KS4-Progress8,Private Ages 4 to 18 Mixed sex,NA
223,KS4_25,P8MEA_FSM6CLA1A_ORIG,Unadjusted Progress 8 measure - disadvantaged pupils,A5-KS4-Progress8,Private Ages 4 to 18 Mixed sex,NA
224,KS4_25,P8CILOW_FSM6CLA1A_ORIG,Unadjusted Progress 8 lower 95% confidence interval - disadvantaged pupils,A5-KS4-Progress8,Private Ages 4 to 18 Mixed sex,NA
225,KS4_25,P8CIUPP_FSM6CLA1A_ORIG,Unadjusted Progress 8 upper 95% confidence interval - disadvantaged pupils,A5-KS4-Progress8,Private Ages 4 to 18 Mixed sex,NA
226,KS4_25,ATT8SCR_NFSM6CLA1A,Average Attainment 8 score per non-disadvantaged pupil,A5-KS4-Attainment8,Private Ages 4 to 18 Mixed sex,NP
227,KS4_25,P8PUP_NFSM6CLA1A,Number of non-disadvantaged pupils in Progress 8 measure,A5-KS4-Progress8,Private Ages 4 to 18 Mixed sex,NA
228,KS4_25,TP8ADJ_NFSM6CLA1A,Number of non-disadvantaged pupils in progress measure with adjusted scores,A5-KS4,Private Ages 4 to 18 Mixed sex,NA
229,KS4_25,P8MEA_NFSM6CLA1A,Adjusted Progress 8 measure - non-disadvantaged pupils,A5-KS4-Progress8,Private Ages 4 to 18 Mixed sex,NA
230,KS4_25,P8CILOW_NFSM6CLA1A,Progress 8 lower 95% confidence interval - non-disadvantaged pupils,A5-KS4-Progress8,Private Ages 4 to 18 Mixed sex,NA
231,KS4_25,P8CIUPP_NFSM6CLA1A,Progress 8 upper 95% confidence interval - non-disadvantaged pupils,A5-KS4-Progress8,Private Ages 4 to 18 Mixed sex,NA
232,KS4_25,P8MEA_NFSM6CLA1A_ORIG,Unadjusted Progress 8 measure - non-disadvantaged pupils,A5-KS4-Progress8,Private Ages 4 to 18 Mixed sex,NA
233,KS4_25,P8CILOW_NFSM6CLA1A_ORIG,Unadjusted Progress 8 lower 95% confidence interval - non-disadvantaged pupils,A5-KS4-Progress8,Private Ages 4 to 18 Mixed sex,NA
234,KS4_25,P8CIUPP_NFSM6CLA1A_ORIG,Unadjusted Progress 8 upper 95% confidence interval - non-disadvantaged pupils,A5-KS4-Progress8,Private Ages 4 to 18 Mixed sex,NA
235,KS4_25,ATT8SCRENG_FSM6CLA1A,Average Attainment 8 score per disadvantaged pupil for English element,A5-KS4-Attainment8,Private Ages 4 to 18 Mixed sex,NP
236,KS4_25,P8MEAENG_FSM6CLA1A,Progress 8 measure for English element - disadvantaged pupils,A5-KS4-Progress8,Private Ages 4 to 18 Mixed sex,NA
237,KS4_25,P8MEAENG_CILOW_FSM6CLA1A,Lower 95% confidence interval for Progress 8 English element for disadvantaged pupils,A5-KS4-Progress8,Private Ages 4 to 18 Mixed sex,NA
238,KS4_25,P8MEAENG_CIUPP_FSM6CLA1A,Upper 95% confidence interval for Progress 8 English element for disadvantaged pupils,A5-KS4-Progress8,Private Ages 4 to 18 Mixed sex,NA
239,KS4_25,ATT8SCRMAT_FSM6CLA1A,Average Attainment 8 score per disadvantaged pupil for mathematics element,A5-KS4-Attainment8,Private Ages 4 to 18 Mixed sex,NP
240,KS4_25,P8MEAMAT_FSM6CLA1A,Progress 8 measure for maths element - disadvantaged pupils,A5-KS4-Progress8,Private Ages 4 to 18 Mixed sex,NA
241,KS4_25,P8MEAMAT_CILOW_FSM6CLA1A,Lower 95% confidence interval for Progress 8 maths element for disadvantaged pupils,A5-KS4-Progress8,Private Ages 4 to 18 Mixed sex,NA
242,KS4_25,P8MEAMAT_CIUPP_FSM6CLA1A,Upper 95% confidence interval for Progress 8 maths element for disadvantaged pupils,A5-KS4-Progress8,Private Ages 4 to 18 Mixed sex,NA
243,KS4_25,ATT8SCREBAC_FSM6CLA1A,Average Attainment 8 score per disadvantaged pupil for EBacc element,A5-KS4-Attainment8,Private Ages 4 to 18 Mixed sex,NP
244,KS4_25,P8MEAEBAC_FSM6CLA1A,Progress 8 measure for EBacc element - disadvantaged pupils,A5-KS4-Progress8,Private Ages 4 to 18 Mixed sex,NA
245,KS4_25,P8MEAEBAC_CILOW_FSM6CLA1A,Lower 95% confidence interval for Progress 8 EBacc element for disadvantaged pupils,A5-KS4-Progress8,Private Ages 4 to 18 Mixed sex,NA
246,KS4_25,P8MEAEBAC_CIUPP_FSM6CLA1A,Upper 95% confidence interval for Progress 8 EBacc element for disadvantaged pupils,A5-KS4-Progress8,Private Ages 4 to 18 Mixed sex,NA
247,KS4_25,ATT8SCROPEN_FSM6CLA1A,Average Attainment 8 score per disadvantaged pupil for open element,A5-KS4-Attainment8,Private Ages 4 to 18 Mixed sex,NP
248,KS4_25,P8MEAOPEN_FSM6CLA1A,Progress 8 measure for open element - disadvantaged pupils,A5-KS4-Progress8,Private Ages 4 to 18 Mixed sex,NA
249,KS4_25,P8MEAOPEN_CILOW_FSM6CLA1A,Lower 95% confidence interval for Progress 8 open element for disadvantaged pupils,A5-KS4-Progress8,Private Ages 4 to 18 Mixed sex,NA
250,KS4_25,P8MEAOPEN_CIUPP_FSM6CLA1A,Upper 95% confidence interval for Progress 8 open element for disadvantaged pupils,A5-KS4-Progress8,Private Ages 4 to 18 Mixed sex,NA
251,KS4_25,ATT8SCRENG_NFSM6CLA1A,Average Attainment 8 score per non-disadvantaged pupil for English element,A5-KS4-Attainment8,Private Ages 4 to 18 Mixed sex,NP
252,KS4_25,P8MEAENG_NFSM6CLA1A,Progress 8 measure for English element - non-disadvantaged pupils,A5-KS4-Progress8,Private Ages 4 to 18 Mixed sex,NA
253,KS4_25,P8MEAENG_CILOW_NFSM6CLA1A,Lower 95% confidence interval for Progress 8 English element for non-disadvantaged pupils,A5-KS4-Progress8,Private Ages 4 to 18 Mixed sex,NA
254,KS4_25,P8MEAENG_CIUPP_NFSM6CLA1A,Upper 95% confidence interval for Progress 8 English element for non-disadvantaged pupils,A5-KS4-Progress8,Private Ages 4 to 18 Mixed sex,NA
255,KS4_25,ATT8SCRMAT_NFSM6CLA1A,Average Attainment 8 score per non-disadvantaged pupil for mathematics element,A5-KS4-Attainment8,Private Ages 4 to 18 Mixed sex,NP
256,KS4_25,P8MEAMAT_NFSM6CLA1A,Progress 8 measure for maths element - non-disadvantaged pupils,A5-KS4-Progress8,Private Ages 4 to 18 Mixed sex,NA
257,KS4_25,P8MEAMAT_CILOW_NFSM6CLA1A,Lower 95% confidence interval for Progress 8 maths element for non-disadvantaged pupils,A5-KS4-Progress8,Private Ages 4 to 18 Mixed sex,NA
258,KS4_25,P8MEAMAT_CIUPP_NFSM6CLA1A,Upper 95% confidence interval for Progress 8 maths element for non-disadvantaged pupils,A5-KS4-Progress8,Private Ages 4 to 18 Mixed sex,NA
259,KS4_25,ATT8SCREBAC_NFSM6CLA1A,Average Attainment 8 score per non-disadvantaged pupil for EBacc element,A5-KS4-Attainment8,Private Ages 4 to 18 Mixed sex,NP
260,KS4_25,P8MEAEBAC_NFSM6CLA1A,Progress 8 measure for EBacc element - non-disadvantaged pupils,A5-KS4-Progress8,Private Ages 4 to 18 Mixed sex,NA
261,KS4_25,P8MEAEBAC_CILOW_NFSM6CLA1A,Lower 95% confidence interval for Progress 8 EBacc element for non-disadvantaged pupils,A5-KS4-Progress8,Private Ages 4 to 18 Mixed sex,NA
262,KS4_25,P8MEAEBAC_CIUPP_NFSM6CLA1A,Upper 95% confidence interval for Progress 8 EBacc element for non-disadvantaged pupils,A5-KS4-Progress8,Private Ages 4 to 18 Mixed sex,NA
263,KS4_25,ATT8SCROPEN_NFSM6CLA1A,Average Attainment 8 score per non-disadvantaged pupil for open element,A5-KS4-Attainment8,Private Ages 4 to 18 Mixed sex,NP
264,KS4_25,P8MEAOPEN_NFSM6CLA1A,Progress 8 measure for open element - non-disadvantaged pupils,A5-KS4-Progress8,Private Ages 4 to 18 Mixed sex,NA
265,KS4_25,P8MEAOPEN_CILOW_NFSM6CLA1A,Lower 95% confidence interval for Progress 8 open element for non-disadvantaged pupils,A5-KS4-Progress8,Private Ages 4 to 18 Mixed sex,NA
266,KS4_25,P8MEAOPEN_CIUPP_NFSM6CLA1A,Upper 95% confidence interval for Progress 8 open element for non-disadvantaged pupils,A5-KS4-Progress8,Private Ages 4 to 18 Mixed sex,NA
267,KS4_25,ATT8SCROPENG_FSM6CLA1A,Average Attainment 8 score per disadvantaged pupil for open element - GCSE only,A5-KS4-Attainment8,Private Ages 4 to 18 Mixed sex,NP
268,KS4_25,ATT8SCROPENNG_FSM6CLA1A,Average Attainment 8 score per disadvantaged pupil for open element - non-GCSE only,A5-KS4-Attainment8,Private Ages 4 to 18 Mixed sex,NP
269,KS4_25,ATT8SCROPENG_NFSM6CLA1A,Average Attainment 8 score per non-disadvantaged pupil for open element - GCSE only,A5-KS4-Attainment8,Private Ages 4 to 18 Mixed sex,NP
270,KS4_25,ATT8SCROPENNG_NFSM6CLA1A,Average Attainment 8 score per non-disadvantaged pupil for open element - non-GCSE only,A5-KS4-Attainment8,Private Ages 4 to 18 Mixed sex,NP
271,KS4_25,DIFFN_ATT8,Difference between Attainment 8 for disadvantaged pupils in school/LA and non-disadvantaged pupils nationally,A5-KS4,Private Ages 4 to 18 Mixed sex,NP
272,KS4_25,DIFFN_P8MEA,Difference between Progress 8 measure for disadvantaged pupils in school/LA and non-disadvantaged pupils nationally,A5-KS4,Private Ages 4 to 18 Mixed sex,NA
273,KS4_25,ATT8SCR_LO,Average Attainment 8 score per pupil with low prior attainment,A5-KS4-Attainment8,Private Ages 4 to 18 Mixed sex,NA
274,KS4_25,P8PUP_LO,Number of pupils with low prior attainment included in Progress 8 measure,A5-KS4-Progress8,Private Ages 4 to 18 Mixed sex,NA
275,KS4_25,TP8ADJ_LO,Number of pupils with low prior attainment in progress measure with adjusted scores,A5-KS4,Private Ages 4 to 18 Mixed sex,NA
276,KS4_25,P8MEA_LO,Adjusted Progress 8 measure - pupils with low prior attainment,A5-KS4-Progress8,Private Ages 4 to 18 Mixed sex,NA
277,KS4_25,P8CILOW_LO,Adjusted Progress 8 lower 95% confidence interval - pupils with low prior attainment,A5-KS4-Progress8,Private Ages 4 to 18 Mixed sex,NA
278,KS4_25,P8CIUPP_LO,Adjusted Progress 8 upper 95% confidence interval - pupils with low prior attainment,A5-KS4-Progress8,Private Ages 4 to 18 Mixed sex,NA
279,KS4_25,P8MEA_LO_ORIG,Unadjusted Progress 8 measure - pupils with low prior attainment,A5-KS4-Progress8,Private Ages 4 to 18 Mixed sex,NA
280,KS4_25,P8CILOW_LO_ORIG,Unadjusted Progress 8 lower 95% confidence interval - pupils with low prior attainment,A5-KS4-Progress8,Private Ages 4 to 18 Mixed sex,NA
281,KS4_25,P8CIUPP_LO_ORIG,Unadjusted Progress 8 upper 95% confidence interval - pupils with low prior attainment,A5-KS4-Progress8,Private Ages 4 to 18 Mixed sex,NA
282,KS4_25,ATT8SCR_MID,Average Attainment 8 score per pupil with middle prior attainment,A5-KS4-Attainment8,Private Ages 4 to 18 Mixed sex,NA
283,KS4_25,P8PUP_MID,Number of pupils with middle prior attainment included in Progress 8 measure,A5-KS4-Progress8,Private Ages 4 to 18 Mixed sex,NA
284,KS4_25,TP8ADJ_MID,Number of pupils with middle prior attainment in progress measure with adjusted scores,A5-KS4,Private Ages 4 to 18 Mixed sex,NA
285,KS4_25,P8MEA_MID,Adjusted Progress 8 measure - pupils with middle prior attainment,A5-KS4-Progress8,Private Ages 4 to 18 Mixed sex,NA
286,KS4_25,P8CILOW_MID,Progress 8 lower 95% confidence interval - pupils with middle prior attainment,A5-KS4-Progress8,Private Ages 4 to 18 Mixed sex,NA
287,KS4_25,P8CIUPP_MID,Progress 8 upper 95% confidence interval - pupils with middle prior attainment,A5-KS4-Progress8,Private Ages 4 to 18 Mixed sex,NA
288,KS4_25,P8MEA_MID_ORIG,Unadjusted Progress 8 measure - pupils with middle prior attainment,A5-KS4-Progress8,Private Ages 4 to 18 Mixed sex,NA
289,KS4_25,P8CILOW_MID_ORIG,Unadjusted Progress 8 lower 95% confidence interval - pupils with middle prior attainment,A5-KS4-Progress8,Private Ages 4 to 18 Mixed sex,NA
290,KS4_25,P8CIUPP_MID_ORIG,Unadjusted Progress 8 upper 95% confidence interval - pupils with middle prior attainment,A5-KS4-Progress8,Private Ages 4 to 18 Mixed sex,NA
291,KS4_25,ATT8SCR_HI,Average Attainment 8 score per pupil with high prior attainment,A5-KS4-Attainment8,Private Ages 4 to 18 Mixed sex,NA
292,KS4_25,P8PUP_HI,Number of pupils with high prior attainment included in Progress 8 measure,A5-KS4-Progress8,Private Ages 4 to 18 Mixed sex,NA
293,KS4_25,TP8ADJ_HI,Number of pupils with high prior attainment in progress measure with adjusted scores,A5-KS4,Private Ages 4 to 18 Mixed sex,NA
294,KS4_25,P8MEA_HI,Adjusted Progress 8 measure - pupils with high prior attainment,A5-KS4-Progress8,Private Ages 4 to 18 Mixed sex,NA
295,KS4_25,P8CILOW_HI,Progress 8 lower 95% confidence interval - pupils with high prior attainment,A5-KS4-Progress8,Private Ages 4 to 18 Mixed sex,NA
296,KS4_25,P8CIUPP_HI,Progress 8 upper 95% confidence interval - pupils with high prior attainment,A5-KS4-Progress8,Private Ages 4 to 18 Mixed sex,NA
297,KS4_25,P8MEA_HI_ORIG,Unadjusted Progress 8 measure - pupils with high prior attainment,A5-KS4-Progress8,Private Ages 4 to 18 Mixed sex,NA
298,KS4_25,P8CILOW_HI_ORIG,Unadjusted Progress 8 lower 95% confidence interval - pupils with high prior attainment,A5-KS4-Progress8,Private Ages 4 to 18 Mixed sex,NA
299,KS4_25,P8CIUPP_HI_ORIG,Unadjusted Progress 8 upper 95% confidence interval - pupils with high prior attainment,A5-KS4-Progress8,Private Ages 4 to 18 Mixed sex,NA
300,KS4_25,ATT8SCR_EAL,Average Attainment 8 score per pupil for whom English is an additional language,A5-KS4-Attainment8,Private Ages 4 to 18 Mixed sex,NP
301,KS4_25,ATT8SCRENG_EAL,Average Attainment 8 score per pupil for whom English is an additional language for English element,A5-KS4-Attainment8,Private Ages 4 to 18 Mixed sex,NP
302,KS4_25,ATT8SCRMAT_EAL,Average Attainment 8 score per pupil for whom English is an additional language for mathematics element,A5-KS4-Attainment8,Private Ages 4 to 18 Mixed sex,NP
303,KS4_25,ATT8SCREBAC_EAL,Average Attainment 8 score per pupil for whom English is an additional language for EBacc element,A5-KS4-Attainment8,Private Ages 4 to 18 Mixed sex,NP
304,KS4_25,ATT8SCROPEN_EAL,Average Attainment 8 score per pupil for whom English is an additional language for open element,A5-KS4-Attainment8,Private Ages 4 to 18 Mixed sex,NP
305,KS4_25,ATT8SCROPENG_EAL,Average Attainment 8 score per pupil for whom English is an additional language - GCSE only,A5-KS4-Attainment8,Private Ages 4 to 18 Mixed sex,NP
306,KS4_25,ATT8SCROPENNG_EAL,Average Attainment 8 score per pupil for whom English is an additional language - non-GCSE only,A5-KS4-Attainment8,Private Ages 4 to 18 Mixed sex,NP
307,KS4_25,P8PUP_EAL,Number of pupils for whom English is an additional language included in Progress 8 measure,A5-KS4-Progress8,Private Ages 4 to 18 Mixed sex,NA
308,KS4_25,TP8ADJ_EAL,Number of pupils for whom English is an additional language in progress measure with adjusted scores,A5-KS4,Private Ages 4 to 18 Mixed sex,NA
309,KS4_25,P8MEA_EAL,Adjusted Progress 8 measure - pupils for whom English is an additional language,A5-KS4-Progress8,Private Ages 4 to 18 Mixed sex,NA
310,KS4_25,P8CILOW_EAL,Adjusted Progress 8 lower 95% confidence interval - pupils for whom English is an additional language,A5-KS4-Progress8,Private Ages 4 to 18 Mixed sex,NA
311,KS4_25,P8CIUPP_EAL,Adjusted Progress 8 upper 95% confidence interval - pupils for whom English is an additional language,A5-KS4-Progress8,Private Ages 4 to 18 Mixed sex,NA
312,KS4_25,P8MEA_EAL_ORIG,Unadjusted Progress 8 measure - pupils for whom English is an additional language,A5-KS4-Progress8,Private Ages 4 to 18 Mixed sex,NA
313,KS4_25,P8CILOW_EAL_ORIG,Unadjusted Progress 8 lower 95% confidence interval - pupils for whom English is an additional language,A5-KS4-Progress8,Private Ages 4 to 18 Mixed sex,NA
314,KS4_25,P8CIUPP_EAL_ORIG,Unadjusted Progress 8 upper 95% confidence interval - pupils for whom English is an additional language,A5-KS4-Progress8,Private Ages 4 to 18 Mixed sex,NA
315,KS4_25,ATT8SCR_GIRLS,Average Attainment 8 score per girl,A5-KS4-Attainment8,Private Ages 4 to 18 Mixed sex,0
316,KS4_25,ATT8SCRENG_GIRLS,Average Attainment 8 score per girl for English element,A5-KS4-Attainment8,Private Ages 4 to 18 Mixed sex,0
317,KS4_25,ATT8SCRMAT_GIRLS,Average Attainment 8 score per girl for mathematics element,A5-KS4-Attainment8,Private Ages 4 to 18 Mixed sex,0
318,KS4_25,ATT8SCREBAC_GIRLS,Average Attainment 8 score per girl for EBacc element,A5-KS4-Attainment8,Private Ages 4 to 18 Mixed sex,0
319,KS4_25,ATT8SCROPEN_GIRLS,Average Attainment 8 score per girl for open element,A5-KS4-Attainment8,Private Ages 4 to 18 Mixed sex,0
320,KS4_25,ATT8SCROPENG_GIRLS,Average Attainment 8 score per girl - GCSE only,A5-KS4-Attainment8,Private Ages 4 to 18 Mixed sex,0
321,KS4_25,ATT8SCROPENNG_GIRLS,Average Attainment 8 score per girl - non-GCSE only,A5-KS4-Attainment8,Private Ages 4 to 18 Mixed sex,0
322,KS4_25,P8PUP_GIRLS,Number of girls included in Progress 8 measure,A5-KS4-Progress8,Private Ages 4 to 18 Mixed sex,NA
323,KS4_25,TP8ADJ_GIRLS,Number of girls in progress measure with adjusted scores,A5-KS4,Private Ages 4 to 18 Mixed sex,NA
324,KS4_25,P8MEA_GIRLS,Adjusted Progress 8 measure - girls,A5-KS4-Progress8,Private Ages 4 to 18 Mixed sex,NA
325,KS4_25,P8CILOW_GIRLS,Adjusted Progress 8 lower 95% confidence interval - girls,A5-KS4-Progress8,Private Ages 4 to 18 Mixed sex,NA
326,KS4_25,P8CIUPP_GIRLS,Adjusted Progress 8 upper 95% confidence interval - girls,A5-KS4-Progress8,Private Ages 4 to 18 Mixed sex,NA
327,KS4_25,P8MEA_GIRLS_ORIG,Unadjusted Progress 8 measure - girls,A5-KS4-Progress8,Private Ages 4 to 18 Mixed sex,NA
328,KS4_25,P8CILOW_GIRLS_ORIG,Unadjusted Progress 8 lower 95% confidence interval - girls,A5-KS4-Progress8,Private Ages 4 to 18 Mixed sex,NA
329,KS4_25,P8CIUPP_GIRLS_ORIG,Unadjusted Progress 8 upper 95% confidence interval - girls,A5-KS4-Progress8,Private Ages 4 to 18 Mixed sex,NA
330,KS4_25,ATT8SCR_BOYS,Average Attainment 8 score per boy,A5-KS4-Attainment8,Private Ages 4 to 18 Mixed sex,22.9
331,KS4_25,ATT8SCRENG_BOYS,Average Attainment 8 score per boy for English element,A5-KS4-Attainment8,Private Ages 4 to 18 Mixed sex,0
332,KS4_25,ATT8SCRMAT_BOYS,Average Attainment 8 score per boy for mathematics element,A5-KS4-Attainment8,Private Ages 4 to 18 Mixed sex,0.1
333,KS4_25,ATT8SCREBAC_BOYS,Average Attainment 8 score per boy for EBacc element,A5-KS4-Attainment8,Private Ages 4 to 18 Mixed sex,12.7
334,KS4_25,ATT8SCROPEN_BOYS,Average Attainment 8 score per boy for open element,A5-KS4-Attainment8,Private Ages 4 to 18 Mixed sex,10.1
335,KS4_25,ATT8SCROPENG_BOYS,Average Attainment 8 score per boy - GCSE only,A5-KS4-Attainment8,Private Ages 4 to 18 Mixed sex,8.4
336,KS4_25,ATT8SCROPENNG_BOYS,Average Attainment 8 score per boy - non-GCSE only,A5-KS4-Attainment8,Private Ages 4 to 18 Mixed sex,1.7
337,KS4_25,P8PUP_BOYS,Number of boys included in Progress 8 measure,A5-KS4-Progress8,Private Ages 4 to 18 Mixed sex,NA
338,KS4_25,TP8ADJ_BOYS,Number of boys in progress measure with adjusted scores,A5-KS4,Private Ages 4 to 18 Mixed sex,NA
339,KS4_25,P8MEA_BOYS,Adjusted Progress 8 measure - boys,A5-KS4-Progress8,Private Ages 4 to 18 Mixed sex,NA
340,KS4_25,P8CILOW_BOYS,Adjusted Progress 8 lower 95% confidence interval - boys,A5-KS4-Progress8,Private Ages 4 to 18 Mixed sex,NA
341,KS4_25,P8CIUPP_BOYS,Adjusted Progress 8 upper 95% confidence interval - boys,A5-KS4-Progress8,Private Ages 4 to 18 Mixed sex,NA
342,KS4_25,P8MEA_BOYS_ORIG,Unadjusted Progress 8 measure - boys,A5-KS4-Progress8,Private Ages 4 to 18 Mixed sex,NA
343,KS4_25,P8CILOW_BOYS_ORIG,Unadjusted Progress 8 lower 95% confidence interval - boys,A5-KS4-Progress8,Private Ages 4 to 18 Mixed sex,NA
344,KS4_25,P8CIUPP_BOYS_ORIG,Unadjusted Progress 8 upper 95% confidence interval - boys,A5-KS4-Progress8,Private Ages 4 to 18 Mixed sex,NA
345,KS4_25,ATT8SCR_NMOB,Average Attainment 8 score per non-mobile pupil,A5-KS4-Attainment8,Private Ages 4 to 18 Mixed sex,NP
346,KS4_25,ATT8SCRENG_NMOB,Average Attainment 8 score per non-mobile pupil for English element,A5-KS4-Attainment8,Private Ages 4 to 18 Mixed sex,NP
347,KS4_25,ATT8SCRMAT_NMOB,Average Attainment 8 score per non-mobile pupil for mathematics element,A5-KS4-Attainment8,Private Ages 4 to 18 Mixed sex,NP
348,KS4_25,ATT8SCREBAC_NMOB,Average Attainment 8 score per non-mobile pupil for EBacc element,A5-KS4-Attainment8,Private Ages 4 to 18 Mixed sex,NP
349,KS4_25,ATT8SCROPEN_NMOB,Average Attainment 8 score per non-mobile pupil for open element,A5-KS4-Attainment8,Private Ages 4 to 18 Mixed sex,NP
350,KS4_25,ATT8SCROPENG_NMOB,Average Attainment 8 score per non-mobile pupil - GCSE only,A5-KS4-Attainment8,Private Ages 4 to 18 Mixed sex,NP
351,KS4_25,ATT8SCROPENNG_NMOB,Average Attainment 8 score per non-mobile pupil - non-GCSE only,A5-KS4-Attainment8,Private Ages 4 to 18 Mixed sex,NP
352,KS4_25,P8PUP_NMOB,Number of non-mobile pupils included in Progress 8 measure,A5-KS4-Progress8,Private Ages 4 to 18 Mixed sex,NA
353,KS4_25,TP8ADJ_NMOB,Number of non-mobile pupils in progress measure with adjusted scores,A5-KS4,Private Ages 4 to 18 Mixed sex,NA
354,KS4_25,P8MEA_NMOB,Adjusted Progress 8 measure - non-mobile pupils,A5-KS4-Progress8,Private Ages 4 to 18 Mixed sex,NA
355,KS4_25,P8CILOW_NMOB,Adjusted Progress 8 lower 95% confidence interval - non-mobile pupils,A5-KS4-Progress8,Private Ages 4 to 18 Mixed sex,NA
356,KS4_25,P8CIUPP_NMOB,Adjusted Progress 8 upper 95% confidence interval - non-mobile pupils,A5-KS4-Progress8,Private Ages 4 to 18 Mixed sex,NA
357,KS4_25,P8MEA_NMOB_ORIG,Unadjusted Progress 8 measure - non-mobile pupils,A5-KS4-Progress8,Private Ages 4 to 18 Mixed sex,NA
358,KS4_25,P8CILOW_NMOB_ORIG,Unadjusted Progress 8 lower 95% confidence interval - non-mobile pupils,A5-KS4-Progress8,Private Ages 4 to 18 Mixed sex,NA
359,KS4_25,P8CIUPP_NMOB_ORIG,Unadjusted Progress 8 upper 95% confidence interval - non-mobile pupils,A5-KS4-Progress8,Private Ages 4 to 18 Mixed sex,NA
360,KS4_25,TEBACC_ELO_PTQ_EE,Number of pupils in low prior attainment band with entries in all EBacc subject areas,A5-KS4-EBacc,Private Ages 4 to 18 Mixed sex,NA
361,KS4_25,PTEBACC_ELO_PTQ_EE,EBacc entered % by low prior attainment,A5-KS4-EBacc,Private Ages 4 to 18 Mixed sex,NA
362,KS4_25,PTEBACCLO_94,EBacc achieved % by low prior attainment - with standard 9-4 passes in English and maths,A5-KS4-EBacc,Private Ages 4 to 18 Mixed sex,NA
363,KS4_25,PTEBACCLO_95,EBacc achieved % by low prior attainment - with 9-5 passes,A5-KS4-EBacc,Private Ages 4 to 18 Mixed sex,NA
364,KS4_25,TEBACC_EAV_PTQ_EE,Number of pupils in middle prior attainment band with entries in all EBacc subject areas,A5-KS4-EBacc,Private Ages 4 to 18 Mixed sex,NA
365,KS4_25,PTEBACC_EAV_PTQ_EE,EBacc entered % by middle prior attainment,A5-KS4-EBacc,Private Ages 4 to 18 Mixed sex,NA
366,KS4_25,PTEBACCAV_94,EBacc achieved % by middle prior attainment - with 9-4 passes,A5-KS4-EBacc,Private Ages 4 to 18 Mixed sex,NA
367,KS4_25,PTEBACCAV_95,EBacc achieved % by middle prior attainment - with 9-5 passes,A5-KS4-EBacc,Private Ages 4 to 18 Mixed sex,NA
368,KS4_25,TEBACC_EHI_PTQ_EE,Number of pupils in high prior attainment band with entries in all EBacc subject areas,A5-KS4-EBacc,Private Ages 4 to 18 Mixed sex,NA
369,KS4_25,PTEBACC_EHI_PTQ_EE,EBacc entered % by high prior attainment,A5-KS4-EBacc,Private Ages 4 to 18 Mixed sex,NA
370,KS4_25,PTEBACCHI_94,EBacc achieved % by high prior attainment - with 9-4 passes,A5-KS4-EBacc,Private Ages 4 to 18 Mixed sex,NA
371,KS4_25,PTEBACCHI_95,EBacc achieved % by high prior attainment - with 9-5 passes,A5-KS4-EBacc,Private Ages 4 to 18 Mixed sex,NA
372,KS4_25,PTEBACC_EFSM6CLA1A_PTQ_EE,% of disadvantaged pupils entering all English Baccalaureate subject areas,A5-KS4-EBacc,Private Ages 4 to 18 Mixed sex,NP
373,KS4_25,PTEBACC_ENFSM6CLA1A_PTQ_EE,% of non-disadvantaged pupils entering all English Baccalaureate subject areas,A5-KS4-EBacc,Private Ages 4 to 18 Mixed sex,NP
374,KS4_25,PTEBACC_94_FSM6CLA1A,% of disadvantaged pupils achieving the English Baccalaureate - with 9-4 passes,A5-KS4-EBacc,Private Ages 4 to 18 Mixed sex,NP
375,KS4_25,PTEBACC_95_FSM6CLA1A,% of disadvantaged pupils achieving the English Baccalaureate - with 9-5 passes,A5-KS4-EBacc,Private Ages 4 to 18 Mixed sex,NP
376,KS4_25,PTEBACC_94_NFSM6CLA1A,% of non-disadvantaged pupils achieving the English Baccalaureate - with 9-4 passes,A5-KS4-EBacc,Private Ages 4 to 18 Mixed sex,NP
377,KS4_25,PTEBACC_95_NFSM6CLA1A,% of non-disadvantaged pupils achieving the English Baccalaureate - with 9-5 passes,A5-KS4-EBacc,Private Ages 4 to 18 Mixed sex,NP
378,KS4_25,SCIVAMEA_LO_PTQ_EE,English Baccalaureate Science Value Added measure for pupils with low prior attainment,A5-KS4,Private Ages 4 to 18 Mixed sex,NA
379,KS4_25,SCIVAMEA_MID_PTQ_EE,English Baccalaureate Science Value Added measure for pupils with middle prior attainment,A5-KS4,Private Ages 4 to 18 Mixed sex,NA
380,KS4_25,SCIVAMEA_HI_PTQ_EE,English Baccalaureate Science Value Added measure for pupils with high prior attainment,A5-KS4,Private Ages 4 to 18 Mixed sex,NA
381,KS4_25,SCIVAMEA_FSM6CLA1A_PTQ_EE,English Baccalaureate Science Value Added measure for disadvantaged pupils,A5-KS4,Private Ages 4 to 18 Mixed sex,NA
382,KS4_25,SCIVAMEA_NFSM6CLA1A_PTQ_EE,English Baccalaureate Science Value Added measure for non-disadvantaged pupils,A5-KS4,Private Ages 4 to 18 Mixed sex,NA
383,KS4_25,HUMVAMEA_LO_PTQ_EE,English Baccalaureate Humanities Value Added measure for pupils with low prior attainment,A5-KS4,Private Ages 4 to 18 Mixed sex,NA
384,KS4_25,HUMVAMEA_MID_PTQ_EE,English Baccalaureate Humanities Value Added measure for pupils with middle prior attainment,A5-KS4,Private Ages 4 to 18 Mixed sex,NA
385,KS4_25,HUMVAMEA_HI_PTQ_EE,English Baccalaureate Humanities Value Added measure for pupils with high prior attainment,A5-KS4,Private Ages 4 to 18 Mixed sex,NA
386,KS4_25,HUMVAMEA_FSM6CLA1A_PTQ_EE,English Baccalaureate Humanities Value Added measure for disadvantaged pupils,A5-KS4,Private Ages 4 to 18 Mixed sex,NA
387,KS4_25,HUMVAMEA_NFSM6CLA1A_PTQ_EE,English Baccalaureate Humanities Value Added measure for non-disadvantaged pupils,A5-KS4,Private Ages 4 to 18 Mixed sex,NA
388,KS4_25,LANVAMEA_LO_PTQ_EE,English Baccalaureate Languages Value Added measure for pupils with low prior attainment,A5-KS4,Private Ages 4 to 18 Mixed sex,NA
389,KS4_25,LANVAMEA_MID_PTQ_EE,English Baccalaureate Languages Value Added measure for pupils with middle prior attainment,A5-KS4,Private Ages 4 to 18 Mixed sex,NA
390,KS4_25,LANVAMEA_HI_PTQ_EE,English Baccalaureate Languages Value Added measure for pupils with high prior attainment,A5-KS4,Private Ages 4 to 18 Mixed sex,NA
391,KS4_25,LANVAMEA_FSM6CLA1A_PTQ_EE,English Baccalaureate Languages Value Added measure for disadvantaged pupils,A5-KS4,Private Ages 4 to 18 Mixed sex,NA
392,KS4_25,LANVAMEA_NFSM6CLA1A_PTQ_EE,English Baccalaureate Languages Value Added measure for non-disadvantaged pupils,A5-KS4,Private Ages 4 to 18 Mixed sex,NA
393,KS4_25,SCIVAUPP_FSM6CLA1A_PTQ_EE,Upper 95% confidence limit for English Baccalaureate Science Value Added measure for disadvantaged pupils,A5-KS4,Private Ages 4 to 18 Mixed sex,NA
394,KS4_25,SCIVALOW_FSM6CLA1A_PTQ_EE,Lower 95% confidence limit for English Baccalaureate Science Value Added measure for disadvantaged pupils,A5-KS4,Private Ages 4 to 18 Mixed sex,NA
395,KS4_25,SCIVAUPP_NFSM6CLA1A_PTQ_EE,Upper 95% confidence limit for English Baccalaureate Science Value Added measure for non-disadvantaged pupils,A5-KS4,Private Ages 4 to 18 Mixed sex,NA
396,KS4_25,SCIVALOW_NFSM6CLA1A_PTQ_EE,Lower 95% confidence limit for English Baccalaureate Science Value Added measure for non-disadvantaged pupils,A5-KS4,Private Ages 4 to 18 Mixed sex,NA
397,KS4_25,SCIVAUPP_LO_PTQ_EE,Upper 95% confidence limit for English Baccalaureate Science Value Added measure for pupils with low prior attainment,A5-KS4,Private Ages 4 to 18 Mixed sex,NA
398,KS4_25,SCIVALOW_LO_PTQ_EE,Lower 95% confidence limit for English Baccalaureate Science Value Added measure for pupils with low prior attainment,A5-KS4,Private Ages 4 to 18 Mixed sex,NA
399,KS4_25,SCIVAUPP_MID_PTQ_EE,Upper 95% confidence limit for English Baccalaureate Science Value Added measure for pupils with middle prior attainment,A5-KS4,Private Ages 4 to 18 Mixed sex,NA
400,KS4_25,SCIVALOW_MID_PTQ_EE,Lower 95% confidence limit for English Baccalaureate Science Value Added measure for pupils with middle prior attainment,A5-KS4,Private Ages 4 to 18 Mixed sex,NA
401,KS4_25,SCIVAUPP_HI_PTQ_EE,Upper 95% confidence limit for English Baccalaureate Science Value Added measure for pupils with high prior attainment,A5-KS4,Private Ages 4 to 18 Mixed sex,NA
402,KS4_25,SCIVALOW_HI_PTQ_EE,Lower 95% confidence limit for English Baccalaureate Science Value Added measure for pupils with high prior attainment,A5-KS4,Private Ages 4 to 18 Mixed sex,NA
403,KS4_25,HUMVAUPP_FSM6CLA1A_PTQ_EE,Upper 95% confidence limit for English Baccalaureate Humanities Value Added measure for disadvantaged pupils,A5-KS4,Private Ages 4 to 18 Mixed sex,NA
404,KS4_25,HUMVALOW_FSM6CLA1A_PTQ_EE,Lower 95% confidence limit for English Baccalaureate Humanities Value Added measure for disadvantaged pupils,A5-KS4,Private Ages 4 to 18 Mixed sex,NA
405,KS4_25,HUMVAUPP_NFSM6CLA1A_PTQ_EE,Upper 95% confidence limit for English Baccalaureate Humanities Value Added measure for non-disadvantaged pupils,A5-KS4,Private Ages 4 to 18 Mixed sex,NA
406,KS4_25,HUMVALOW_NFSM6CLA1A_PTQ_EE,Lower 95% confidence limit for English Baccalaureate Humanities Value Added measure for non-disadvantaged pupils,A5-KS4,Private Ages 4 to 18 Mixed sex,NA
407,KS4_25,HUMVAUPP_LO_PTQ_EE,Upper 95% confidence limit for English Baccalaureate Humanities Value Added measure for pupils with low prior attainment,A5-KS4,Private Ages 4 to 18 Mixed sex,NA
408,KS4_25,HUMVALOW_LO_PTQ_EE,Lower 95% confidence limit for English Baccalaureate Humanities Value Added measure for pupils with low prior attainment,A5-KS4,Private Ages 4 to 18 Mixed sex,NA
409,KS4_25,HUMVAUPP_MID_PTQ_EE,Upper 95% confidence limit for English Baccalaureate Humanities Value Added measure for pupils with middle prior attainment,A5-KS4,Private Ages 4 to 18 Mixed sex,NA
410,KS4_25,HUMVALOW_MID_PTQ_EE,Lower 95% confidence limit for English Baccalaureate Humanities Value Added measure for pupils with middle prior attainment,A5-KS4,Private Ages 4 to 18 Mixed sex,NA
411,KS4_25,HUMVAUPP_HI_PTQ_EE,Upper 95% confidence limit for English Baccalaureate Humanities Value Added measure for pupils with high prior attainment,A5-KS4,Private Ages 4 to 18 Mixed sex,NA
412,KS4_25,HUMVALOW_HI_PTQ_EE,Lower 95% confidence limit for English Baccalaureate Humanities Value Added measure for pupils with high prior attainment,A5-KS4,Private Ages 4 to 18 Mixed sex,NA
413,KS4_25,LANVAUPP_FSM6CLA1A_PTQ_EE,Upper 95% confidence limit for English Baccalaureate Languages Value Added measure for disadvantaged pupils,A5-KS4,Private Ages 4 to 18 Mixed sex,NA
414,KS4_25,LANVALOW_FSM6CLA1A_PTQ_EE,Lower 95% confidence limit for English Baccalaureate Languages Value Added measure for disadvantaged pupils,A5-KS4,Private Ages 4 to 18 Mixed sex,NA
415,KS4_25,LANVAUPP_NFSM6CLA1A_PTQ_EE,Upper 95% confidence limit for English Baccalaureate Languages Value Added measure for non-disadvantaged pupils,A5-KS4,Private Ages 4 to 18 Mixed sex,NA
416,KS4_25,LANVALOW_NFSM6CLA1A_PTQ_EE,Lower 95% confidence limit for English Baccalaureate Languages Value Added measure for non-disadvantaged pupils,A5-KS4,Private Ages 4 to 18 Mixed sex,NA
417,KS4_25,LANVAUPP_LO_PTQ_EE,Upper 95% confidence limit for English Baccalaureate Languages Value Added measure for pupils with low prior attainment,A5-KS4,Private Ages 4 to 18 Mixed sex,NA
418,KS4_25,LANVALOW_LO_PTQ_EE,Lower 95% confidence limit for English Baccalaureate Languages Value Added measure for pupils with low prior attainment,A5-KS4,Private Ages 4 to 18 Mixed sex,NA
419,KS4_25,LANVAUPP_MID_PTQ_EE,Upper 95% confidence limit for English Baccalaureate Languages Value Added measure for pupils with middle prior attainment,A5-KS4,Private Ages 4 to 18 Mixed sex,NA
420,KS4_25,LANVALOW_MID_PTQ_EE,Lower 95% confidence limit for English Baccalaureate Languages Value Added measure for pupils with middle prior attainment,A5-KS4,Private Ages 4 to 18 Mixed sex,NA
421,KS4_25,LANVAUPP_HI_PTQ_EE,Upper 95% confidence limit for English Baccalaureate Languages Value Added measure for pupils with high prior attainment,A5-KS4,Private Ages 4 to 18 Mixed sex,NA
422,KS4_25,LANVALOW_HI_PTQ_EE,Lower 95% confidence limit for English Baccalaureate Languages Value Added measure for pupils with high prior attainment,A5-KS4,Private Ages 4 to 18 Mixed sex,NA
423,KS4_25,PBEBACC_E_PTQ_EE,% of boys with entries in all English Baccalaureate subject areas,A5-KS4-EBacc,Private Ages 4 to 18 Mixed sex,0.0%
424,KS4_25,PBEBACC_94,% of KS4 boys achieving the Ebacc - with 9-4 passes,A5-KS4-EBacc,Private Ages 4 to 18 Mixed sex,0.0%
425,KS4_25,PBEBACC_95,% of KS4 boys achieving the Ebacc - with 9-5 passes,A5-KS4-EBacc,Private Ages 4 to 18 Mixed sex,0.0%
426,KS4_25,PGEBACC_E_PTQ_EE,% of girls with entries in all English Baccalaureate subject areas,A5-KS4-EBacc,Private Ages 4 to 18 Mixed sex,0.0%
427,KS4_25,PGEBACC_94,% of KS4 girls achieving the Ebacc - with 9-4 passes,A5-KS4-EBacc,Private Ages 4 to 18 Mixed sex,0.0%
428,KS4_25,PGEBACC_95,% of KS4 girls achieving the Ebacc - with 9-5 passes,A5-KS4-EBacc,Private Ages 4 to 18 Mixed sex,0.0%
429,KS4_25,PTEBACC_ENMOB_PTQ_EE,% of non-mobile pupils with entries in all English Baccalaureate subject areas,A5-KS4-EBacc,Private Ages 4 to 18 Mixed sex,NP
430,KS4_25,PTEBACCNMOB_94,% of non-mobile pupils achieving the English Baccalaureate with 9-4 passes,A5-KS4-EBacc,Private Ages 4 to 18 Mixed sex,NP
431,KS4_25,PTEBACCNMOB_95,% of non-mobile pupils achieving the English Baccalaureate with 9-5 passes,A5-KS4-EBacc,Private Ages 4 to 18 Mixed sex,NP
432,KS4_25,PTEBACC_EEAL_PTQ_EE,% of pupils for whom English is an additional language with entries in all English Baccalaureate subject areas,A5-KS4-EBacc,Private Ages 4 to 18 Mixed sex,NP
433,KS4_25,PTEBACCEAL_94,% of pupils for whom English as an additional language achieving the English Baccalaureate with 9-4 passes,A5-KS4-EBacc,Private Ages 4 to 18 Mixed sex,NP
434,KS4_25,PTEBACCEAL_95,% of pupils for whom English as an additional language achieving the English Baccalaureate with 9-5 passes,A5-KS4-EBacc,Private Ages 4 to 18 Mixed sex,NP
435,KS4_25,PT5EM_94,% of pupils achieving Level 2 threshold including standard passes 9-4 in both English and Maths GCSEs,A5-KS4-Grades,Private Ages 4 to 18 Mixed sex,0.0%
436,KS4_25,PTANYQ_PTQ_EE,% of pupils achieving any qualifications,A5-KS4,Private Ages 4 to 18 Mixed sex,66.1%
437,KS4_25,PTFSM6CLA1ABASICS_94,% of disadvantaged pupils achieving standard 9-4 passes in GCSE English and maths,A5-KS4-Grades,Private Ages 4 to 18 Mixed sex,NP
438,KS4_25,PTNOTFSM6CLA1ABASICS_94,% of non-disadvantaged pupils achieving standard 9-4 passes in GCSE English and maths,A5-KS4-Grades,Private Ages 4 to 18 Mixed sex,NP
439,KS4_25,TBASICSLO_94,Number of pupils in low prior attainment band who achieved standard 9-4 passes in English and maths,A5-KS4,Private Ages 4 to 18 Mixed sex,NA
440,KS4_25,PTBASICSLO_94,% of pupils in low prior attainment band who achieved standard 9-4 passes in English and maths,A5-KS4,Private Ages 4 to 18 Mixed sex,NA
441,KS4_25,TBASICSAV_94,Number of pupils in middle prior attainment band who achieved standard 9-4 passes in English and maths,A5-KS4,Private Ages 4 to 18 Mixed sex,NA
442,KS4_25,PTBASICSAV_94,% pupils in middle prior attainment band who achieved standard 9-4 passes in English and maths,A5-KS4,Private Ages 4 to 18 Mixed sex,NA
443,KS4_25,TBASICSHI_94,Number of pupils in high prior attainment band who achieved standard 9-4 passes in English and maths,A5-KS4,Private Ages 4 to 18 Mixed sex,NA
444,KS4_25,PTBASICSHI_94,% pupils in high prior attainment band who achieved standard 9-4 passes in English and maths,A5-KS4,Private Ages 4 to 18 Mixed sex,NA
445,KS4_25,PBL2BASICS_94,% of boys achieving standard 9-4 passes in both English and mathematics GCSEs,A5-KS4-Grades,Private Ages 4 to 18 Mixed sex,0.0%
446,KS4_25,PGL2BASICS_94,% of girls achieving standard 9-4 passes in both English and mathematics GCSEs,A5-KS4-Grades,Private Ages 4 to 18 Mixed sex,0.0%
447,KS4_25,PTL2BASICSEAL_94,% of pupils achieving standard 9-4 passes in both English and mathematics GCSEs and for whom English is an additional language,A5-KS4-Grades,Private Ages 4 to 18 Mixed sex,NP
448,KS4_25,PTL2BASICSNMOB_94,% of non-mobile pupils achieving standard 9-4 passes in both English and mathematics GCSEs,A5-KS4-Grades,Private Ages 4 to 18 Mixed sex,NP
449,KS4_25,PTFSM6CLA1ABASICS_95,% of disadvantaged pupils achieving strong 9-5 passes in GCSE English and maths,A5-KS4-Grades,Private Ages 4 to 18 Mixed sex,NP
450,KS4_25,PTNOTFSM6CLA1ABASICS_95,% of non-disadvantaged pupils achieving strong 9-5 passes in GCSE English and maths,A5-KS4-Grades,Private Ages 4 to 18 Mixed sex,NP
451,KS4_25,TBASICSLO_95,Number of pupils in low prior attainment band who achieved strong 9-5 passes in English and maths,A5-KS4,Private Ages 4 to 18 Mixed sex,NA
452,KS4_25,PTBASICSLO_95,% of pupils in low prior attainment band who achieved strong 9-5 passes in English and maths,A5-KS4,Private Ages 4 to 18 Mixed sex,NA
453,KS4_25,TBASICSAV_95,Number of pupils in middle prior attainment band who achieved strong 9-5 passes in English and maths,A5-KS4,Private Ages 4 to 18 Mixed sex,NA
454,KS4_25,PTBASICSAV_95,% pupils in middle prior attainment band who achieved strong 9-5 passes in English and maths,A5-KS4,Private Ages 4 to 18 Mixed sex,NA
455,KS4_25,TBASICSHI_95,Number of pupils in high prior attainment band who achieved strong 9-5 passes in English and maths,A5-KS4,Private Ages 4 to 18 Mixed sex,NA
456,KS4_25,PTBASICSHI_95,% pupils in high prior attainment band who achieved strong 9-5 passes in English and maths,A5-KS4,Private Ages 4 to 18 Mixed sex,NA
457,KS4_25,PBL2BASICS_95,% of boys achieving strong 9-5 passes in both English and mathematics GCSEs,A5-KS4-Grades,Private Ages 4 to 18 Mixed sex,0.0%
458,KS4_25,PGL2BASICS_95,% of girls achieving strong 9-5 passes in both English and mathematics GCSEs,A5-KS4-Grades,Private Ages 4 to 18 Mixed sex,0.0%
459,KS4_25,PTL2BASICSEAL_95,% of pupils achieving strong 9-5 passes in both English and mathematics GCSEs and for whom English is an additional language,A5-KS4-Grades,Private Ages 4 to 18 Mixed sex,NP
460,KS4_25,PTL2BASICSNMOB_95,% of non-mobile pupils achieving strong 9-5 passes in both English and mathematics GCSEs,A5-KS4-Grades,Private Ages 4 to 18 Mixed sex,NP
461,KS4_25,PTMULTILAN_E,% of pupils entering more than one foreign language,A5-KS4-EBacc,Private Ages 4 to 18 Mixed sex,27.3%
462,KS4_25,PTTRIPLESCI_E,"% of pupils entering biology,A5-KS4-EBacc,,Private Ages 4 to 18 Mixed sex,0.0%
463,KS4_25,TAVENT_E_3NG_PTQ_EE,Average number of KS4 entries per pupil,A5-KS4,Private Ages 4 to 18 Mixed sex,2
464,KS4_25,TAVENT_E_3NG_LO_PTQ_EE,Average number of KS4 entries per pupil with low prior attainment,A5-KS4,Private Ages 4 to 18 Mixed sex,NA
465,KS4_25,TAVENT_E_3NG_MID_PTQ_EE,Average number of KS4 entries per pupil with middle prior attainment,A5-KS4,Private Ages 4 to 18 Mixed sex,NA
466,KS4_25,TAVENT_E_3NG_HI_PTQ_EE,Average number of KS4 entries per pupil with high prior attainment,A5-KS4,Private Ages 4 to 18 Mixed sex,NA
467,KS4_25,TAVENT_E_3NG_FSM6CLA1A_PTQ_EE,Average number of KS4 entries per disadvantaged pupil,A5-KS4,Private Ages 4 to 18 Mixed sex,NP
468,KS4_25,TAVENT_E_3NG_NFSM6CLA1A_PTQ_EE,Average number of KS4 entries per non-disadvantaged pupil,A5-KS4,Private Ages 4 to 18 Mixed sex,NP
469,KS4_25,TAVENT_G_PTQ_EE,Average number of GCSE entries per pupil,A5-KS4,Private Ages 4 to 18 Mixed sex,1.8
470,KS4_25,TAVENT_GLO_PTQ_EE,Average number of GCSE entries per pupil with low prior attainment,A5-KS4,Private Ages 4 to 18 Mixed sex,NA
471,KS4_25,TAVENT_GAV_PTQ_EE,Average number of GCSE entries per pupil with middle prior attainment,A5-KS4,Private Ages 4 to 18 Mixed sex,NA
472,KS4_25,TAVENT_GHI_PTQ_EE,Average number of GCSE entries per pupil with high prior attainment,A5-KS4,Private Ages 4 to 18 Mixed sex,NA
473,KS4_25,TAVENT_GFSM6CLA1A_PTQ_EE,Average number of GCSE entries per disadvantaged pupil,A5-KS4,Private Ages 4 to 18 Mixed sex,NP
474,KS4_25,TAVENT_GNFSM6CLA1A_PTQ_EE,Average number of GCSE entries per non-disadvantaged pupil,A5-KS4,Private Ages 4 to 18 Mixed sex,NP
475,KS4_25,TTOTENT_E_TOTAL_PTQ_EE,Total volume of entries without discounting,A5-KS4,Private Ages 4 to 18 Mixed sex,381
476,KS4_25,TTOTENT_E_COVID_IMPACTED_PTQ_EE,Total volume of covid-impacted entries without discounting,A5-KS4,Private Ages 4 to 18 Mixed sex,0
477,KS4_25,PTOTENT_E_COVID_IMPACTED_PTQ_EE,% of covid-impacted entries out of total number of entries,A5-KS4-EBacc,Private Ages 4 to 18 Mixed sex,0%
478,KS4_25,P8_BANDING,Progress 8 banding shown on school performance tables website,A5-KS4-Progress8,Private Ages 4 to 18 Mixed sex,
480,KS4_25,EBACCAPS_PREV,Average EBacc APS score per pupil in 2024,A5-KS4-EBacc,Private Ages 4 to 18 Mixed sex,1.37
481,KS4_25,EBACCAPS_PREV2,Average EBacc APS score per pupil in 2023,A5-KS4-EBacc,Private Ages 4 to 18 Mixed sex,1.27
482,KS4_25,EBACCAPS_FSM6CLA1A_PREV,Average EBacc APS score per disadvantaged pupil in 2024,A5-KS4-EBacc,Private Ages 4 to 18 Mixed sex,NP
483,KS4_25,EBACCAPS_FSM6CLA1A_PREV2,Average EBacc APS score per disadvantaged pupil in 2023,A5-KS4-EBacc,Private Ages 4 to 18 Mixed sex,NP
484,KS4_25,EBACCAPS_NFSM6CLA1A_PREV,Average EBacc APS score per non-disadvantaged pupil in 2024,A5-KS4-EBacc,Private Ages 4 to 18 Mixed sex,NP
485,KS4_25,EBACCAPS_NFSM6CLA1A_PREV2,Average EBacc APS score per non-disadvantaged pupil in 2023,A5-KS4-EBacc,Private Ages 4 to 18 Mixed sex,NP
486,KS4_25,ATT8SCR_PREV,Average Attainment 8 score per pupil - 2024,A5-KS4-Attainment8,Private Ages 4 to 18 Mixed sex,20.3
487,KS4_25,ATT8SCR_PREV2,Average Attainment 8 score per pupil  - 2023,A5-KS4-Attainment8,Private Ages 4 to 18 Mixed sex,18.7
488,KS4_25,P8PUP_PREV,Number of pupils in progress measure - 2024,A5-KS4-Progress8,Private Ages 4 to 18 Mixed sex,NP
489,KS4_25,P8PUP_PREV2,Number of pupils in progress measure - 2023,A5-KS4-Progress8,Private Ages 4 to 18 Mixed sex,NP
490,KS4_25,P8MEA_PREV,Progress 8 measure - 2024,A5-KS4-Progress8,Private Ages 4 to 18 Mixed sex,NP
491,KS4_25,P8MEA_PREV2,Progress 8 measure - 2023,A5-KS4-Progress8,Private Ages 4 to 18 Mixed sex,NP
492,KS4_25,P8CILOW_PREV,Progress 8 lower 95% confidence interval - 2024,A5-KS4-Progress8,Private Ages 4 to 18 Mixed sex,NP
493,KS4_25,P8CILOW_PREV2,Progress 8 lower 95% confidence interval - 2023,A5-KS4-Progress8,Private Ages 4 to 18 Mixed sex,NP
494,KS4_25,P8CIUPP_PREV,Progress 8 upper 95% confidence interval - 2024,A5-KS4-Progress8,Private Ages 4 to 18 Mixed sex,NP
495,KS4_25,P8CIUPP_PREV2,Progress 8 upper 95% confidence interval - 2023,A5-KS4-Progress8,Private Ages 4 to 18 Mixed sex,NP
496,KS4_25,ATT8SCR_FSM6CLA1A_PREV,Average Attainment 8 score per disadvantaged pupil - 2024,A5-KS4-Attainment8,Private Ages 4 to 18 Mixed sex,NP
497,KS4_25,ATT8SCR_FSM6CLA1A_PREV2,Average Attainment 8 score per disadvantaged pupil - 2023,A5-KS4-Attainment8,Private Ages 4 to 18 Mixed sex,NP
498,KS4_25,ATT8SCR_NFSM6CLA1A_PREV,Average Attainment 8 score per non-disadvantaged pupil  - 2024,A5-KS4-Attainment8,Private Ages 4 to 18 Mixed sex,NP
499,KS4_25,ATT8SCR_NFSM6CLA1A_PREV2,Average Attainment 8 score per non-disadvantaged pupil - 2023,A5-KS4-Attainment8,Private Ages 4 to 18 Mixed sex,NP
500,KS4_25,PTEBACC_E_PTQ_EE_PREV,% of  pupils entering all English Baccalaureate subject areas in 2024,A5-KS4-EBacc,Private Ages 4 to 18 Mixed sex,0.0%
501,KS4_25,PTEBACC_E_PTQ_EE_PREV2,% of pupils entering all English Baccalaureate subject areas in 2023,A5-KS4-EBacc,Private Ages 4 to 18 Mixed sex,0.0%
502,KS4_25,PTEBACC_94_PREV,% of KS4 pupils achieving the Ebacc - with standard 9-4 passes in English and maths in 2024,A5-KS4-EBacc,Private Ages 4 to 18 Mixed sex,0.0%
503,KS4_25,PTEBACC_94_PREV2,% of KS4 pupils achieving the Ebacc - with standard 9-4 passes in English and maths in 2023,A5-KS4-EBacc,Private Ages 4 to 18 Mixed sex,0.0%
504,KS4_25,PTEBACC_95_PREV,% of KS4 pupils achieving the Ebacc - with strong 9-5 passes in English and maths in 2024,A5-KS4-EBacc,Private Ages 4 to 18 Mixed sex,0.0%
505,KS4_25,PTEBACC_95_PREV2,% of KS4 pupils achieving the Ebacc - with strong 9-5 passes in English and maths in 2023,A5-KS4-EBacc,Private Ages 4 to 18 Mixed sex,0.0%
506,KS4_25,PTEBACC_EFSM6CLA1A_PTQ_EE_PREV,% of disadvantaged pupils entering all English Baccalaureate subject areas in 2024,A5-KS4-EBacc,Private Ages 4 to 18 Mixed sex,NP
507,KS4_25,PTEBACC_EFSM6CLA1A_PTQ_EE_PREV2,% of disadvantaged pupils entering all English Baccalaureate subject areas in 2023,A5-KS4-EBacc,Private Ages 4 to 18 Mixed sex,NP
508,KS4_25,PTEBACC_94_FSM6CLA1A_PREV,% of disadvantaged pupils achieving the English Baccalaureate including 9-4 passes in English and maths in 2024,A5-KS4-EBacc,Private Ages 4 to 18 Mixed sex,NP
509,KS4_25,PTEBACC_94_FSM6CLA1A_PREV2,% of disadvantaged pupils achieving the English Baccalaureate at grades 9-4 in 2023,A5-KS4-EBacc,Private Ages 4 to 18 Mixed sex,NP
510,KS4_25,PTEBACC_95_FSM6CLA1A_PREV,% of disadvantaged pupils achieving the English Baccalaureate including 9-5 passes in English and maths in 2024,A5-KS4-EBacc,Private Ages 4 to 18 Mixed sex,NP
511,KS4_25,PTEBACC_95_FSM6CLA1A_PREV2,% of disadvantaged pupils achieving the English Baccalaureate at grades 9-5 in 2023,A5-KS4-EBacc,Private Ages 4 to 18 Mixed sex,NP
512,KS4_25,PTEBACC_ENFSM6CLA1A_PTQ_EE_PREV,% of non-disadvantaged pupils entering all English Baccalaureate subject areas in 2024,A5-KS4-EBacc,Private Ages 4 to 18 Mixed sex,NP
513,KS4_25,PTEBACC_ENFSM6CLA1A_PTQ_EE_PREV2,% of non-disadvantaged pupils entering all English Baccalaureate subject areas in 2023,A5-KS4-EBacc,Private Ages 4 to 18 Mixed sex,NP
514,KS4_25,PTEBACC_94_NFSM6CLA1A_PREV,% of non-disadvantaged pupils achieving the English Baccalaureate including 9-4 passes in English and maths in 2024,A5-KS4-EBacc,Private Ages 4 to 18 Mixed sex,NP
515,KS4_25,PTEBACC_94_NFSM6CLA1A_PREV2,% of non-disadvantaged pupils achieving the English Baccalaureate at grade 9-4 in 2023,A5-KS4-EBacc,Private Ages 4 to 18 Mixed sex,NP
516,KS4_25,PTEBACC_95_NFSM6CLA1A_PREV,% of non-disadvantaged pupils achieving the English Baccalaureate including 9-5 passes in English and maths in 2024,A5-KS4-EBacc,Private Ages 4 to 18 Mixed sex,NP
517,KS4_25,PTEBACC_95_NFSM6CLA1A_PREV2,% of non-disadvantaged pupils achieving the English Baccalaureate at grade 9-5 in 2023,A5-KS4-EBacc,Private Ages 4 to 18 Mixed sex,NP
518,KS4_25,PT5EM_94_PREV,% of pupils achieving Level 2 threshold including standard passes 9-4 in both English and Maths GCSEs in 2024,A5-KS4-Grades,Private Ages 4 to 18 Mixed sex,0.0%
519,KS4_25,PT5EM_94_PREV2,% of pupils achieving Level 2 threshold including standard passes 9-4 in both English and Maths GCSEs in 2023,A5-KS4-Grades,Private Ages 4 to 18 Mixed sex,0.0%
520,KS4_25,PTL2BASICS_94_PREV,% of pupils achieving 9-4 passes in GCSE English and maths in 2024,A5-KS4-Grades,Private Ages 4 to 18 Mixed sex,0.0%
521,KS4_25,PTL2BASICS_94_PREV2,% of pupils achieving 9-4 passes in GCSE English and maths in 2023,A5-KS4-Grades,Private Ages 4 to 18 Mixed sex,0.0%
522,KS4_25,PTL2BASICS_95_PREV,% of pupils achieving 9-5 passes in GCSE English and maths in 2024,A5-KS4-Grades,Private Ages 4 to 18 Mixed sex,0.0%
523,KS4_25,PTL2BASICS_95_PREV2,% of pupils achieving 9-5 passes in GCSE English and maths in 2023,A5-KS4-Grades,Private Ages 4 to 18 Mixed sex,0.0%
524,KS4_25,PTFSM6CLA1ABASICS_94_PREV,% of disadvantaged pupils achieving 9-4 passes in GCSE English and maths in 2024,A5-KS4-Grades,Private Ages 4 to 18 Mixed sex,NP
525,KS4_25,PTFSM6CLA1ABASICS_94_PREV2,% of disadvantaged pupils achieving 9-4 in GCSE English and maths in 2023,A5-KS4-Grades,Private Ages 4 to 18 Mixed sex,NP
526,KS4_25,PTFSM6CLA1ABASICS_95_PREV,% of disadvantaged pupils achieving 9-5 passes in GCSE English and maths in 2024,A5-KS4-Grades,Private Ages 4 to 18 Mixed sex,NP
527,KS4_25,PTFSM6CLA1ABASICS_95_PREV2,% of disadvantaged pupils achieving 9-5 passes in GCSE English and maths in 2023,A5-KS4-Grades,Private Ages 4 to 18 Mixed sex,NP
528,KS4_25,PTNOTFSM6CLA1ABASICS_94_PREV,% of non-disadvantaged pupils achieving 9-4 passes in GCSE English and maths in 2024,A5-KS4-Grades,Private Ages 4 to 18 Mixed sex,NP
529,KS4_25,PTNOTFSM6CLA1ABASICS_94_PREV2,% of non-disadvantaged pupils achieving 9-4 passes in GCSE English and maths in 2023,A5-KS4-Grades,Private Ages 4 to 18 Mixed sex,NP
530,KS4_25,PTNOTFSM6CLA1ABASICS_95_PREV,% of non-disadvantaged pupils achieving 9-5 passes in GCSE English and maths in 2024,A5-KS4-Grades,Private Ages 4 to 18 Mixed sex,NP
531,KS4_25,PTNOTFSM6CLA1ABASICS_95_PREV2,% of non-disadvantaged pupils achieving 9-5 passes in GCSE English and maths in 2023,A5-KS4-Grades,Private Ages 4 to 18 Mixed sex,NP
532,KS4_25,TFSM6CLA1A_PREV,Number of disadvantaged pupils in 2024,A5-KS4-Cohort,Private Ages 4 to 18 Mixed sex,NP
533,KS4_25,TFSM6CLA1A_PREV2,Number of disadvantaged pupils at the end of key stage 4 in 2023,A5-KS4-Cohort,Private Ages 4 to 18 Mixed sex,NP
534,KS4_25,PTFSM6CLA1A_PREV,% of pupils who were disadvantaged in 2024,A5-KS4,Private Ages 4 to 18 Mixed sex,NP
535,KS4_25,PTFSM6CLA1A_PREV2,% of pupils at the end of key stage 4 who were disadvantaged in 2023,A5-KS4,Private Ages 4 to 18 Mixed sex,NP
536,KS4_25,TNOTFSM6CLA1A_PREV,Number of non-disadvantaged pupils in 2024,A5-KS4-Cohort,Private Ages 4 to 18 Mixed sex,NP
537,KS4_25,TNOTFSM6CLA1A_PREV2,Number of non-disadvantaged pupils at the end of key stage 4 in 2023,A5-KS4-Cohort,Private Ages 4 to 18 Mixed sex,NP
538,KS4_25,PTNOTFSM6CLA1A_PREV,% of pupils who were not disadvantaged in 2024,A5-KS4,Private Ages 4 to 18 Mixed sex,NP
539,KS4_25,PTNOTFSM6CLA1A_PREV2,% of pupils at the end of key stage 4 who were not disadvantaged in 2023,A5-KS4,Private Ages 4 to 18 Mixed sex,NP
540,KS4_25,TAVENT_E_3NG_FSM6CLA1A_PTQ_EE_PREV,Average number of KS4 entries per disadvantaged pupil in 2024,A5-KS4,Private Ages 4 to 18 Mixed sex,NP
541,KS4_25,TAVENT_E_3NG_FSM6CLA1A_PTQ_EE_PREV2,Average number of KS4 entries per disadvantaged pupil in 2023,A5-KS4,Private Ages 4 to 18 Mixed sex,NP
542,KS4_25,TAVENT_E_3NG_NFSM6CLA1A_PTQ_EE_PREV,Average number of KS4 entries per non-disadvantaged pupil in 2024,A5-KS4,Private Ages 4 to 18 Mixed sex,NP
543,KS4_25,TAVENT_E_3NG_NFSM6CLA1A_PTQ_EE_PREV2,Average number of KS4 entries per non-disadvantaged pupil in 2023,A5-KS4,Private Ages 4 to 18 Mixed sex,NP
544,KS4_25,TAVENT_GFSM6CLA1A_PTQ_EE_PREV,Average number of GCSE entries per disadvantaged pupil in 2024,A5-KS4,Private Ages 4 to 18 Mixed sex,NP
545,KS4_25,TAVENT_GFSM6CLA1A_PTQ_EE_PREV2,Average number of GCSE entries per disadvantaged pupil in 2023,A5-KS4,Private Ages 4 to 18 Mixed sex,NP
546,KS4_25,TAVENT_GNFSM6CLA1A_PTQ_EE_PREV,Average number of GCSE entries per non-disadvantaged pupil in 2024,A5-KS4,Private Ages 4 to 18 Mixed sex,NP
547,KS4_25,TAVENT_GNFSM6CLA1A_PTQ_EE_PREV2,Average number of GCSE entries per non-disadvantaged pupil in 2023,A5-KS4,Private Ages 4 to 18 Mixed sex,NP
548,KS4_25,EDITION,,A5-KS4,Private Ages 4 to 18 Mixed sex,Final
549,KS4_25,TPUP_PREV,,A5-KS4-Cohort,Private Ages 4 to 18 Mixed sex,179
550,KS4_25,P8_BANDING_PREV,,A5-KS4-Progress8,Private Ages 4 to 18 Mixed sex,
552,KS4_25,TPUP_PREV2,,A5-KS4-Cohort,Private Ages 4 to 18 Mixed sex,183
553,KS4_25,P8_BANDING_PREV2,,A5-KS4-Progress8,Private Ages 4 to 18 Mixed sex,
555,KS5_25,YEAR,,A5-KS5,Private Ages 4 to 18 Mixed sex,2025
556,KS5_25,RECTYPE,Record type: 1= school or college; 3= sixth form centre/consortium (see separate list of the sixth form centres and consortia and their feeder schools and colleges); 4= Local Authority; 5= National (all schools and colleges); 7= National (state-funded schools and colleges),A5-KS5,Private Ages 4 to 18 Mixed sex,1
557,KS5_25,ALPHAIND,Alphabetic index,A5-KS5,Private Ages 4 to 18 Mixed sex,64146
558,KS5_25,REGION,Region code (see separate list of region and local authority codes),A5-KS5,Private Ages 4 to 18 Mixed sex,31
559,KS5_25,LASORT,Local authority sort code within region,A5-KS5,Private Ages 4 to 18 Mixed sex,1
560,KS5_25,LEA,LA number,A5-KS5,Private Ages 4 to 18 Mixed sex,202
561,KS5_25,ESTAB,Establishment number,A5-KS5,Private Ages 4 to 18 Mixed sex,6018
562,KS5_25,URN,Unique Reference Number of establishment,A5-KS5,Private Ages 4 to 18 Mixed sex,100065
563,KS5_25,PCON_CODE,School parliamentary constituency code,A5-KS5,Private Ages 4 to 18 Mixed sex,E14001265
564,KS5_25,PCON_NAME,School parliamentary constituency name,A5-KS5,Private Ages 4 to 18 Mixed sex,Hampstead and Highgate
565,KS5_25,SCHNAME_AC,Name of converter academy,A5-KS5,Private Ages 4 to 18 Mixed sex,
566,KS5_25,SCHNAME,School/college name,A5-KS5,Private Ages 4 to 18 Mixed sex,University College School
567,KS5_25,ADDRESS1,School/college address (1),A5-KS5,Private Ages 4 to 18 Mixed sex,Frognal
568,KS5_25,ADDRESS2,School/college address (2),A5-KS5,Private Ages 4 to 18 Mixed sex,Hampstead
569,KS5_25,ADDRESS3,School/college address (3),A5-KS5,Private Ages 4 to 18 Mixed sex,
570,KS5_25,TOWN,Town where school/college is located,A5-KS5,Private Ages 4 to 18 Mixed sex,London
571,KS5_25,PCODE,School/college postcode,A5-KS5,Private Ages 4 to 18 Mixed sex,NW3 6XH
572,KS5_25,TELNUM,School/college telephone number,A5-KS5,Private Ages 4 to 18 Mixed sex,02074352215
573,KS5_25,CONTFLAG,Contingency flag: results significantly affected: 0= not significantly affected; 1= significantly affected,A5-KS5,Private Ages 4 to 18 Mixed sex,0
574,KS5_25,NFTYPE/FESITYPE,School type/FE college type,A5-KS5,Private Ages 4 to 18 Mixed sex,IND
575,KS5_25,RELDENOM,Religious character,A5-KS5,Private Ages 4 to 18 Mixed sex,None
576,KS5_25,ADMPOL,Admissions policy,A5-KS5,Private Ages 4 to 18 Mixed sex,
577,KS5_25,ADMPOL_PT,Admissions policy - new definition from 2019 onwards,A5-KS5,Private Ages 4 to 18 Mixed sex,NA
578,KS5_25,GEND1618,"Gender of sixth form: girls,A5-KS5,,Private Ages 4 to 18 Mixed sex,MIXED
579,KS5_25,FEEDER,Indicates whether a school/college is a feeder school/college for sixth form centre or consortium:0= not a feeder school/college; 1= feeder school/college,A5-KS5,Private Ages 4 to 18 Mixed sex,0
580,KS5_25,AGERANGE,Age range,A5-KS5,Private Ages 4 to 18 Mixed sex,Apr to 18
581,KS5_25,ICLOSE,Closed school/college flag: 0= open; 1= closed,A5-KS5,Private Ages 4 to 18 Mixed sex,0
582,KS5_25,TABKS2,Indicates if a school is published in the primary school (Key Stage 2) performance tables:0= No; 1= Yes,A5-KS5,Private Ages 4 to 18 Mixed sex,
583,KS5_25,TAB15,Indicates if a school or college is published in the secondary school (Key Stage 4) performance tables: 0= No; 1= Yes,A5-KS5,Private Ages 4 to 18 Mixed sex,
584,KS5_25,CONFEXAM,Indicates if a school or college has confirmed their results:blank/null= confirmed; R= not confirmed,A5-KS5,Private Ages 4 to 18 Mixed sex,R
585,KS5_25,DUMMY,Dummy field,A5-KS5,Private Ages 4 to 18 Mixed sex,
586,KS5_25,TPUP1618,Number of 16-18 year old students in sixth form,A5-KS5,Private Ages 4 to 18 Mixed sex,356
587,KS5_25,TALLPUP_1618,Number of students aged 16-18 at the end of 16-18 study (includes students who entered for advanced level 3 qualifications or below-level 3 qualifications),A5-KS5-Attainment,Private Ages 4 to 18 Mixed sex,183
588,KS5_25,TALLPUP_ALEV_1618,Number of students at the end of 16-18 study who entered for at least one AS or A level qualification,A5-KS5-Attainment,Private Ages 4 to 18 Mixed sex,183
589,KS5_25,TALLPPE_ALEV_1618,Average point score per A level entry,A5-KS5-Attainment,Private Ages 4 to 18 Mixed sex,48.87
590,KS5_25,TALLPPEGRD_ALEV_1618,Average point score per A level entry expressed as a grade,A5-KS5-Attainment,Private Ages 4 to 18 Mixed sex,A
591,KS5_25,TINCLUDE_B3,Number of students included in the best 3 A levels measure,A5-KS5-Attainment,Private Ages 4 to 18 Mixed sex,141
592,KS5_25,TB3PTSE,Average point score in best 3 A level entries,A5-KS5-Attainment,Private Ages 4 to 18 Mixed sex,49.34
593,KS5_25,TB3PTSE_GRD,Average point score in best 3 A level entries expressed as a grade,A5-KS5-Attainment,Private Ages 4 to 18 Mixed sex,A
594,KS5_25,TINCLUDE_AAB_2FAC,Number of students included in AAB in 2 facilitating subjects measure,A5-KS5-Attainment,Private Ages 4 to 18 Mixed sex,141
595,KS5_25,PTAAB_2FAC,"Percentage of A level students achieving at least three levels at grades AAB or better,A5-KS5-Facilitating,,Private Ages 4 to 18 Mixed sex,54.6%
596,KS5_25,TALLPUP_ACAD_1618,Number of students at the end of 16-18 study who entered for at least one advanced (level 3) academic qualification,A5-KS5-Academic,Private Ages 4 to 18 Mixed sex,183
597,KS5_25,TALLPPE_ACAD_1618,Average point score per academic entry,A5-KS5-Academic,Private Ages 4 to 18 Mixed sex,48.94
598,KS5_25,TALLPPEGRD_ACAD_1618,Average point score per academic entry expressed as a grade,A5-KS5-Academic,Private Ages 4 to 18 Mixed sex,A
599,KS5_25,TALLPUP_AGEN,Number of students at the end of 16-18 study who entered for ant least one applied general qualification,A5-KS5-Applied,Private Ages 4 to 18 Mixed sex,NE
600,KS5_25,TALLPPE_AGEN,Average point score per applied general entry,A5-KS5-Applied,Private Ages 4 to 18 Mixed sex,NE
601,KS5_25,TALLPPEGRD_AGEN,Average point score per applied general entry expressed as a grade,A5-KS5-Applied,Private Ages 4 to 18 Mixed sex,NE
602,KS5_25,TALLPUP_TLEV,Number of students at the end of 16-18 study who entered for at least one tech level qualification,A5-KS5-TLevels,Private Ages 4 to 18 Mixed sex,NE
603,KS5_25,TALLPPE_TLEV,Average point score per tech level entry,A5-KS5-TLevels,Private Ages 4 to 18 Mixed sex,NE
604,KS5_25,TALLPPEGRD_TLEV,Average point score per tech level entry expressed as a grade,A5-KS5-TLevels,Private Ages 4 to 18 Mixed sex,NE
605,KS5_25,TALLPUP_TLEVDENOM,Number of trigger students for 'level 3 vocational quals' - ignoring discounting and applied general,A5-KS5-TLevels,Private Ages 4 to 18 Mixed sex,1
606,KS5_25,TLEV_PER,Proportion of level 3 vocational students that are tech level students,A5-KS5-Attainment,Private Ages 4 to 18 Mixed sex,SUPP
607,KS5_25,TALLPUP_AGENDENOM,Number of trigger students for 'level 3 vocational quals' - ignoring discounting and tech levels,A5-KS5-Applied,Private Ages 4 to 18 Mixed sex,1
608,KS5_25,AGEN_PER,Proportion of level 3 vocational students that are applied general students,A5-KS5-Attainment,Private Ages 4 to 18 Mixed sex,SUPP
609,KS5_25,T_SCOPEEX_E,Number of students at the end of 16-18 study included in the English progress measure,A5-KS5-Attainment,Private Ages 4 to 18 Mixed sex,NE
610,KS5_25,PROGEX_E,Average progress made in English,A5-KS5-Attainment,Private Ages 4 to 18 Mixed sex,NE
611,KS5_25,ENTRY_PER_E,Proportion of students eligible for English progress measures entered for approved exams,A5-KS5-Attainment,Private Ages 4 to 18 Mixed sex,NE
612,KS5_25,T_SCOPEEX_M,Number of students at the end of 16-18 study included in the maths progress measure,A5-KS5-Attainment,Private Ages 4 to 18 Mixed sex,NE
613,KS5_25,PROGEX_M,Average progress made in maths,A5-KS5-Attainment,Private Ages 4 to 18 Mixed sex,NE
614,KS5_25,ENTRY_PER_M,Proportion of students eligible for maths progress measures entered for approved exams,A5-KS5-Attainment,Private Ages 4 to 18 Mixed sex,NE
615,KS5_25,TALLPUP_SCOPE_L3M,Number of students in scope for level 3 maths measure,A5-KS5-Facilitating,Private Ages 4 to 18 Mixed sex,181
616,KS5_25,L3M_PER,Percentage of students in scope for the level 3 maths measure who achieved approved a level 3 maths qualification,A5-KS5-Facilitating,Private Ages 4 to 18 Mixed sex,54.7%
617,KS5_25,T_INSCOPE_ALEV_RET,Number of students at the end of 16-18 study with an A level core aim,A5-KS5,Private Ages 4 to 18 Mixed sex,NA
618,KS5_25,PT_RETAINED_ALEV_RET,Percentage of A level core aims retained,A5-KS5-Facilitating,Private Ages 4 to 18 Mixed sex,NA
619,KS5_25,PT_RET_ASSESSED_ALEV,Percentage of A Level core aims retained and assessed,A5-KS5,Private Ages 4 to 18 Mixed sex,NA
620,KS5_25,T_INSCOPE_ALEV_2NDYR,Number of students in scope for returned and retained for a second year where core aim is an A Level,A5-KS5,Private Ages 4 to 18 Mixed sex,NA
621,KS5_25,PT_RETAINED_ALEV_2NDYR,Percentage of students who were retained for a second year with an A Level programme core aim,A5-KS5-Facilitating,Private Ages 4 to 18 Mixed sex,NA
622,KS5_25,T_INSCOPE_ACAD_RET,Number of students at the end of 16-18 study with an academic core aim,A5-KS5,Private Ages 4 to 18 Mixed sex,NA
623,KS5_25,PT_RETAINED_ACAD_RET,Percentage of academic core aims retained,A5-KS5-Facilitating,Private Ages 4 to 18 Mixed sex,NA
624,KS5_25,PT_RET_ASSESSED_ACAD,Percentage of academic core aims retained and assessed,A5-KS5,Private Ages 4 to 18 Mixed sex,NA
625,KS5_25,T_INSCOPE_ACAD_2NDYR,Number of students in scope for returned and retained for a second year where core aim is an academic qualification,A5-KS5,Private Ages 4 to 18 Mixed sex,NA
626,KS5_25,PT_RETAINED_ACAD_2NDYR,Percentage of students who were retained for a second year with an academic core aim,A5-KS5-Facilitating,Private Ages 4 to 18 Mixed sex,NA
627,KS5_25,T_INSCOPE_AGEN_RET,Number of students at the end of 16-18 study with an applied general core aim,A5-KS5,Private Ages 4 to 18 Mixed sex,NA
628,KS5_25,PT_RETAINED_AGEN_RET,Percentage of applied general core aims retained,A5-KS5-Facilitating,Private Ages 4 to 18 Mixed sex,NA
629,KS5_25,PT_RET_ASSESSED_AGEN,Percentage of applied general core aims retained and assessed,A5-KS5,Private Ages 4 to 18 Mixed sex,NA
630,KS5_25,T_INSCOPE_AGEN_2NDYR,Number of students In scope for returned and retained for a second year where core aim is an applied general qualification,A5-KS5,Private Ages 4 to 18 Mixed sex,NA
631,KS5_25,PT_RETAINED_AGEN_2NDYR,Percentage of students who were retained for a second year with an applied general core aim,A5-KS5-Facilitating,Private Ages 4 to 18 Mixed sex,NA
632,KS5_25,T_INSCOPE_TLEV_RET,Number of students at the end of 16-18 study with a tech level core aim,A5-KS5,Private Ages 4 to 18 Mixed sex,NA
633,KS5_25,PT_RETAINED_TLEV_RET,Percentage of tech level core aims retained,A5-KS5-Facilitating,Private Ages 4 to 18 Mixed sex,NA
634,KS5_25,PT_RET_ASSESSED_TLEV,Percentage of tech level core aims retained and assessed,A5-KS5,Private Ages 4 to 18 Mixed sex,NA
635,KS5_25,T_INSCOPE_TLEV_2NDYR,Number of students in scope for returned and retained for a second year measure where core aim is a tech level qualification,A5-KS5,Private Ages 4 to 18 Mixed sex,NA
636,KS5_25,PT_RETAINED_TLEV_2NDYR,Percentage of students who were retained for a second year with a tech level core aim,A5-KS5-Facilitating,Private Ages 4 to 18 Mixed sex,NA
637,KS5_25,TALLPUP_TECHCERT,Number of students at the end of 16-18 study who were entered for at least one technical certificate qualification,A5-KS5-Tech,Private Ages 4 to 18 Mixed sex,NE
638,KS5_25,TALLPPE_TECHCERT,Average point score per technical certificate entry,A5-KS5-Tech,Private Ages 4 to 18 Mixed sex,NE
639,KS5_25,TALLPPEGRD_TECHCERT,Average point score per technical certificate entry expressed as a grade,A5-KS5-Tech,Private Ages 4 to 18 Mixed sex,NE
640,KS5_25,T_INSCOPE_TECHCERT_RET,Number of students in scope for retention measure where core aim is a tech cert programme,A5-KS5,Private Ages 4 to 18 Mixed sex,NA
641,KS5_25,PT_RETAINED_TECHCERT_RET,Percentage of technical certificate core aims retained,A5-KS5-Facilitating,Private Ages 4 to 18 Mixed sex,NA
642,KS5_25,PT_RET_ASSESSED_TECHCERT,Percentage of technical certificate core aims retained and assessed,A5-KS5,Private Ages 4 to 18 Mixed sex,NA
643,KS5_25,TALLPUP_ANYL2VOC,"Number of students entered for at least one level 2 vocational,A5-KS5-Facilitating,,Private Ages 4 to 18 Mixed sex,NE
644,KS5_25,TECHCERT_PER,Percentage of level 2 vocational students that are technical certificate students,A5-KS5-Attainment,Private Ages 4 to 18 Mixed sex,NE
645,KS5_25,TALLPUP_1618_DIS,Number of disadvantaged students aged 16-18 at the end of 16-18 study (includes students who entered for advanced level 3 qualifications or below-level 3 qualifications),A5-KS5-Attainment,Private Ages 4 to 18 Mixed sex,NA
646,KS5_25,TALLPUP_ALEV_1618_DIS,Number of disadvantaged students at the end of 16-18 study who entered for at least one AS or A level qualification,A5-KS5-Disadvantaged,Private Ages 4 to 18 Mixed sex,NA
647,KS5_25,TALLPPE_ALEV_1618_DIS,Average point score per A level entry for disadvantaged students,A5-KS5-Attainment,Private Ages 4 to 18 Mixed sex,NA
648,KS5_25,TALLPPEGRD_ALEV_DIS,Average point score per A level entry for disadvantaged students expressed as a grade,A5-KS5-Attainment,Private Ages 4 to 18 Mixed sex,NA
649,KS5_25,TALLPUP_ACAD_1618_DIS,Number of disadvantaged students at the end of 16-18 study who entered for at least one advanced (level 3) academic qualification,A5-KS5-Academic,Private Ages 4 to 18 Mixed sex,NA
650,KS5_25,TALLPPE_ACAD_1618_DIS,Average point score per academic entry for disadvantaged students,A5-KS5-Academic,Private Ages 4 to 18 Mixed sex,NA
651,KS5_25,TALLPPEGRD_ACAD_DIS,Average point score per academic entry for disadvantaged students expressed as a grade,A5-KS5-Academic,Private Ages 4 to 18 Mixed sex,NA
652,KS5_25,TALLPUP_AGEN_DIS,Number of disadvantaged students at the end of 16-18 study who entered for at least one applied general exam entry,A5-KS5-Applied,Private Ages 4 to 18 Mixed sex,NA
653,KS5_25,TALLPPE_AGEN_DIS,Average point score per applied general entry for disadvantaged students,A5-KS5-Applied,Private Ages 4 to 18 Mixed sex,NA
654,KS5_25,TALLPPEGRD_AGEN_DIS,Average point score per applied general entry expressed as a grade for disadvantaged students,A5-KS5-Applied,Private Ages 4 to 18 Mixed sex,NA
655,KS5_25,TALLPUP_TLEV_DIS,Number of disadvantaged students at the end of 16-18 study who entered for at least one tech level exam entry,A5-KS5-TLevels,Private Ages 4 to 18 Mixed sex,NA
656,KS5_25,TALLPPE_TLEV_DIS,Average point score per tech level entry for disadvantaged students,A5-KS5-TLevels,Private Ages 4 to 18 Mixed sex,NA
657,KS5_25,TALLPPEGRD_TLEV_DIS,Average point score per tech level entry expressed as a grade for disadvantaged students,A5-KS5-TLevels,Private Ages 4 to 18 Mixed sex,NA
658,KS5_25,T_SCOPEEX_E_DIS,Number of disadvantaged students at the end of 16-18 study in scope for English progress measure,A5-KS5-Attainment,Private Ages 4 to 18 Mixed sex,NA
659,KS5_25,PROGEX_E_DIS,Average progress made in English by disadvantaged students,A5-KS5-Attainment,Private Ages 4 to 18 Mixed sex,NA
660,KS5_25,T_SCOPEEX_M_DIS,Number of disadvantaged students at the end of 16-18 study in scope for maths progress measure,A5-KS5-Attainment,Private Ages 4 to 18 Mixed sex,NA
661,KS5_25,PROGEX_M_DIS,Average progress made in maths by disadvantaged students,A5-KS5-Attainment,Private Ages 4 to 18 Mixed sex,NA
662,KS5_25,T_INSCOPE_ALEV_RET_DIS,Number of disadvantaged students in scope for retention measure where core aim is an A level qualification,A5-KS5,Private Ages 4 to 18 Mixed sex,NA
663,KS5_25,PT_RETAINED_ALEV_RET_DIS,Percentage of disadvantaged students who completed an A level core aim for retention measure,A5-KS5-Facilitating,Private Ages 4 to 18 Mixed sex,NA
664,KS5_25,T_INSCOPE_ACAD_RET_DIS,Number of disadvantaged students in scope for retention measure where core aim is an academic qualification,A5-KS5,Private Ages 4 to 18 Mixed sex,NA
665,KS5_25,PT_RETAINED_ACAD_RET_DIS,Percentage of disadvantaged students who completed an academic core aim for retention measure,A5-KS5-Facilitating,Private Ages 4 to 18 Mixed sex,NA
666,KS5_25,T_INSCOPE_AGEN_RET_DIS,Number of disadvantaged students in scope for retention measure where core aim is an applied general qualification,A5-KS5,Private Ages 4 to 18 Mixed sex,NA
667,KS5_25,PT_RETAINED_AGEN_RET_DIS,Percentage of disadvantaged students who completed an applied general core aim for retention measure,A5-KS5-Facilitating,Private Ages 4 to 18 Mixed sex,NA
668,KS5_25,T_INSCOPE_TLEV_RET_DIS,Number of disadvantaged students in scope for retention measure where core aim is a tech level qualification,A5-KS5,Private Ages 4 to 18 Mixed sex,NA
669,KS5_25,PT_RETAINED_TLEV_RET_DIS,Percentage of disadvantaged students who completed a tech level core aim for retention measure,A5-KS5-Facilitating,Private Ages 4 to 18 Mixed sex,NA
670,KS5_25,TALLPUP_TECHCERT_DIS,Number of disadvantaged students at the end of 16-18 study entered for at least one technical certificate qualification,A5-KS5-Tech,Private Ages 4 to 18 Mixed sex,NA
671,KS5_25,TALLPPE_TECHCERT_DIS,Average point score per technical certificate entry for disadvantaged students,A5-KS5-Tech,Private Ages 4 to 18 Mixed sex,NA
672,KS5_25,TALLPPEGRD_TECHCERT_DIS,Average point score per technical certificate entry expressed as a grade for disadvantaged students,A5-KS5-Tech,Private Ages 4 to 18 Mixed sex,NA
673,KS5_25,T_INSCOPE_TECHCERT_RET_DIS,Number of disadvantaged students in scope for retention measure where core aim is a technical certificate programme,A5-KS5,Private Ages 4 to 18 Mixed sex,NA
674,KS5_25,PT_RETAINED_TECHCERT_RET_DIS,Percentage of disadvantaged students who completed a technical certificate core aim for retention measure,A5-KS5-Facilitating,Private Ages 4 to 18 Mixed sex,NA
675,KS5_25,TALLPUP_1618_NOTDIS,Number of non-disadvantaged students aged 16-18 at the end of 16-18 study (includes students who entered for advanced level 3 qualifications or below-level 3 qualifications),A5-KS5-Attainment,Private Ages 4 to 18 Mixed sex,NA
676,KS5_25,TALLPUP_ALEV_1618_NOTDIS,Number of non-disadvantaged students at the end of 16-18 study who entered for at least one A level qualification,A5-KS5-Attainment,Private Ages 4 to 18 Mixed sex,NA
677,KS5_25,TALLPPE_ALEV_1618_NOTDIS,Average point score per A level entry for non-disadvantaged students,A5-KS5-Attainment,Private Ages 4 to 18 Mixed sex,NA
678,KS5_25,TALLPPEGRD_ALEV_NOTDIS,Average point score per A level entry for non-disadvantaged students expressed as a grade,A5-KS5-Attainment,Private Ages 4 to 18 Mixed sex,NA
679,KS5_25,TALLPUP_ACAD_1618_NOTDIS,Number of non-disadvantaged students at the end of 16-18 study who entered for at least one academic qualification,A5-KS5-Academic,Private Ages 4 to 18 Mixed sex,NA
680,KS5_25,TALLPPE_ACAD_1618_NOTDIS,Average point score per academic entry for non-disadvantaged students,A5-KS5-Academic,Private Ages 4 to 18 Mixed sex,NA
681,KS5_25,TALLPPEGRD_ACAD_NOTDIS,Average point score per academic entry for non-disadvantaged students expressed as a grade,A5-KS5-Academic,Private Ages 4 to 18 Mixed sex,NA
682,KS5_25,TALLPUP_AGEN_NOTDIS,Number of non-disadvantaged students at the end of 16-18 study who entered at lest one applied general qualification,A5-KS5-Applied,Private Ages 4 to 18 Mixed sex,NA
683,KS5_25,TALLPPE_AGEN_NOTDIS,Average point score per applied general entry for non-disadvantaged students,A5-KS5-Applied,Private Ages 4 to 18 Mixed sex,NA
684,KS5_25,TALLPPEGRD_AGEN_NOTDIS,Average point score per applied general entry expressed as a grade for non-disadvantaged students,A5-KS5-Applied,Private Ages 4 to 18 Mixed sex,NA
685,KS5_25,TALLPUP_TLEV_NOTDIS,Number of non-disadvantaged students at the end of 16-18 study who entered for at least one tech level qualification,A5-KS5-TLevels,Private Ages 4 to 18 Mixed sex,NA
686,KS5_25,TALLPPE_TLEV_NOTDIS,Average point score per tech level entry for non-disadvantaged students,A5-KS5-TLevels,Private Ages 4 to 18 Mixed sex,NA
687,KS5_25,TALLPPEGRD_TLEV_NOTDIS,Average point score per tech level entry expressed as a grade for non-disadvantaged students,A5-KS5-TLevels,Private Ages 4 to 18 Mixed sex,NA
688,KS5_25,T_SCOPEEX_E_NOTDIS,Number of non-disadvantaged students at the end of 16-18 study in scope for English progress measure,A5-KS5-Attainment,Private Ages 4 to 18 Mixed sex,NA
689,KS5_25,PROGEX_E_NOTDIS,Average progress made in English by non-disadvantaged students,A5-KS5-Attainment,Private Ages 4 to 18 Mixed sex,NA
690,KS5_25,T_SCOPEEX_M_NOTDIS,Number of non-disadvantaged students at the end of 16-18 study in scope for maths progress measure,A5-KS5-Attainment,Private Ages 4 to 18 Mixed sex,NA
691,KS5_25,PROGEX_M_NOTDIS,Average progress made in maths by non-disadvantaged students,A5-KS5-Attainment,Private Ages 4 to 18 Mixed sex,NA
692,KS5_25,T_INSCOPE_ALEV_RET_NOTDIS,Number of non-disadvantaged students in scope for retention measure where core aim is an A level qualification,A5-KS5,Private Ages 4 to 18 Mixed sex,NA
693,KS5_25,PT_RETAINED_ALEV_RET_NOTDIS,Percentage of non-disadvantaged students who completed an A level core aim for retention measure,A5-KS5-Facilitating,Private Ages 4 to 18 Mixed sex,NA
694,KS5_25,T_INSCOPE_ACAD_RET_NOTDIS,Number of non-disadvantaged students in scope for retention measure where core aim is an academic qualification,A5-KS5,Private Ages 4 to 18 Mixed sex,NA
695,KS5_25,PT_RETAINED_ACAD_RET_NOTDIS,Percentage of non-disadvantaged students who completed an academic core aim for retention measure,A5-KS5-Facilitating,Private Ages 4 to 18 Mixed sex,NA
696,KS5_25,T_INSCOPE_AGEN_RET_NOTDIS,Number of non-disadvantaged students in scope for retention measure where core aim is an applied general qualification,A5-KS5,Private Ages 4 to 18 Mixed sex,NA
697,KS5_25,PT_RETAINED_AGEN_RET_NOTDIS,Percentage of non-disadvantaged students who completed an Applied General core aim for retention measure,A5-KS5-Facilitating,Private Ages 4 to 18 Mixed sex,NA
698,KS5_25,T_INSCOPE_TLEV_RET_NOTDIS,Number of non-disadvantaged students in scope for retention measure where core aim is a tech level qualification,A5-KS5,Private Ages 4 to 18 Mixed sex,NA
699,KS5_25,PT_RETAINED_TLEV_RET_NOTDIS,Percentage of non-disadvantaged students who completed a tech level core aim for retention measure,A5-KS5-Facilitating,Private Ages 4 to 18 Mixed sex,NA
700,KS5_25,TALLPUP_TECHCERT_NOTDIS,Number of non-disadvantaged students at the end of 16-18 study with a technical certificate qualification entry,A5-KS5-Tech,Private Ages 4 to 18 Mixed sex,NA
701,KS5_25,TALLPPE_TECHCERT_NOTDIS,Average point score per technical certificate entry for non-disadvantaged students,A5-KS5-Tech,Private Ages 4 to 18 Mixed sex,NA
702,KS5_25,TALLPPEGRD_TECHCERT_NOTDIS,Average point score per technical certificate entry expressed as a grade for non-disadvantaged students,A5-KS5-Tech,Private Ages 4 to 18 Mixed sex,NA
703,KS5_25,T_INSCOPE_TECHCERT_RET_NOTDIS,Number of non-disadvantaged students in scope for retention measure where core aim is a technical certificate programme,A5-KS5,Private Ages 4 to 18 Mixed sex,NA
704,KS5_25,PT_RETAINED_TECHCERT_RET_NOTDIS,Percentage of non-disadvantaged students who completed a technical certificate core aim for retention measure,A5-KS5-Facilitating,Private Ages 4 to 18 Mixed sex,NA
705,KS5_25,ENTRIES_ALEV,Number of A level entries included in value added measure,A5-KS5-Attainment,Private Ages 4 to 18 Mixed sex,535
706,KS5_25,VA_INS_ALEV,A level value added score,A5-KS5-Progress,Private Ages 4 to 18 Mixed sex,0.2
707,KS5_25,UCI_INS_ALEV,A level  value added upper confidence limit,A5-KS5-Progress,Private Ages 4 to 18 Mixed sex,0.29
708,KS5_25,LCI_INS_ALEV,A level value added lower confidence limit,A5-KS5-Progress,Private Ages 4 to 18 Mixed sex,0.1
709,KS5_25,PROGRESS_BAND_ALEV,A level progress band,A5-KS5-Progress,Private Ages 4 to 18 Mixed sex,2
710,KS5_25,ENTRIES_ACAD,Number of academic entries included in value added measure,A5-KS5-Academic,Private Ages 4 to 18 Mixed sex,554
711,KS5_25,VA_INS_ACAD,Academic value added score,A5-KS5-Progress,Private Ages 4 to 18 Mixed sex,0.2
712,KS5_25,UCI_INS_ACAD,Academic value added upper confidence limit,A5-KS5-Progress,Private Ages 4 to 18 Mixed sex,0.29
713,KS5_25,LCI_INS_ACAD,Academic value added lower confidence limit,A5-KS5-Progress,Private Ages 4 to 18 Mixed sex,0.11
714,KS5_25,PROGRESS_BAND_ACAD,Academic progress band,A5-KS5,Private Ages 4 to 18 Mixed sex,2
715,KS5_25,ENTRIES_AGEN,Number of applied general entries included in value added measure,A5-KS5-Applied,Private Ages 4 to 18 Mixed sex,NE
716,KS5_25,VA_INS_AGEN,Applied general value added score,A5-KS5-Progress,Private Ages 4 to 18 Mixed sex,NE
717,KS5_25,UCI_INS_AGEN,Applied general value added upper confidence limit,A5-KS5-Progress,Private Ages 4 to 18 Mixed sex,NE
718,KS5_25,LCI_INS_AGEN,Applied general value added lower confidence limit,A5-KS5-Progress,Private Ages 4 to 18 Mixed sex,NE
719,KS5_25,PROGRESS_BAND_AGEN,Applied general progress band,A5-KS5,Private Ages 4 to 18 Mixed sex,NA
720,KS5_25,ENTRIES_TLEV,Number of Tech Level entrties included in value added measure.,A5-KS5-TLevels,Private Ages 4 to 18 Mixed sex,NE
721,KS5_25,VA_INS_TLEV,Tech level value added score,A5-KS5,Private Ages 4 to 18 Mixed sex,NE
722,KS5_25,UCI_INS_TLEV,Tech level  value added upper confidence limit,A5-KS5,Private Ages 4 to 18 Mixed sex,NE
723,KS5_25,LCI_INS_TLEV,Tech level value added lower confidence limit,A5-KS5,Private Ages 4 to 18 Mixed sex,NE
724,KS5_25,PROGRESS_BAND_TLEV,Tech level progress band,A5-KS5,Private Ages 4 to 18 Mixed sex,NA
725,KS5_25,ENTRIES_TECHCERT,Number of Technical Certificate entrties included in value added measure.,A5-KS5-Tech,Private Ages 4 to 18 Mixed sex,NE
726,KS5_25,VA_INS_TECHCERT,Technical Certificate value added score,A5-KS5,Private Ages 4 to 18 Mixed sex,NE
727,KS5_25,UCI_INS_TECHCERT,Technical Certificate  value added upper confidence limit,A5-KS5,Private Ages 4 to 18 Mixed sex,NE
728,KS5_25,LCI_INS_TECHCERT,Technical Certificate value added lower confidence limit,A5-KS5,Private Ages 4 to 18 Mixed sex,NE
729,KS5_25,PROGRESS_BAND_TECHCERT,Technical Certificate progress band,A5-KS5,Private Ages 4 to 18 Mixed sex,NA
730,KS5_25,ENTRIES_ALEV_DIS,Number of A level entries by disadvantaged students included in value added measure,A5-KS5-Attainment,Private Ages 4 to 18 Mixed sex,NA
731,KS5_25,VA_INS_ALEV_DIS,A level value added score for disadvantaged students,A5-KS5-Progress,Private Ages 4 to 18 Mixed sex,NA
732,KS5_25,UCI_INS_ALEV_DIS,A level  value added upper confidence limit for disadvantaged students,A5-KS5-Progress,Private Ages 4 to 18 Mixed sex,NA
733,KS5_25,LCI_INS_ALEV_DIS,A level value added lower confidence limit for disadvantaged students,A5-KS5-Progress,Private Ages 4 to 18 Mixed sex,NA
734,KS5_25,ENTRIES_ACAD_DIS,Number of academic entries by disadvantaged students included in value added measure,A5-KS5-Academic,Private Ages 4 to 18 Mixed sex,NA
735,KS5_25,VA_INS_ACAD_DIS,Academic value added score for disadvantaged students,A5-KS5-Progress,Private Ages 4 to 18 Mixed sex,NA
736,KS5_25,UCI_INS_ACAD_DIS,Academic value added upper confidence limit for disadvantaged students,A5-KS5-Progress,Private Ages 4 to 18 Mixed sex,NA
737,KS5_25,LCI_INS_ACAD_DIS,Academic value added lower confidence limit for disadvantaged students,A5-KS5-Progress,Private Ages 4 to 18 Mixed sex,NA
738,KS5_25,ENTRIES_AGEN_DIS,Number of applied general entries by disadvantaged students included in value added measure,A5-KS5-Applied,Private Ages 4 to 18 Mixed sex,NA
739,KS5_25,VA_INS_AGEN_DIS,Applied general value added score for disadvantaged students,A5-KS5-Progress,Private Ages 4 to 18 Mixed sex,NA
740,KS5_25,UCI_INS_AGEN_DIS,Applied general value added upper confidence limit for disadvantaged students,A5-KS5-Progress,Private Ages 4 to 18 Mixed sex,NA
741,KS5_25,LCI_INS_AGEN_DIS,Applied general value added lower confidence limit for disadvantaged students,A5-KS5-Progress,Private Ages 4 to 18 Mixed sex,NA
742,KS5_25,ENTRIES_TLEV_DIS,Number of tech level entries by disadvantaged students included in value added measure,A5-KS5-TLevels,Private Ages 4 to 18 Mixed sex,NA
743,KS5_25,VA_INS_TLEV_DIS,Tech level value added score for disadvantaged students,A5-KS5,Private Ages 4 to 18 Mixed sex,NA
744,KS5_25,UCI_INS_TLEV_DIS,Tech level value added upper confidence limit for disadvantaged students,A5-KS5,Private Ages 4 to 18 Mixed sex,NA
745,KS5_25,LCI_INS_TLEV_DIS,Tech level value added lower confidence limit for disadvantaged students,A5-KS5,Private Ages 4 to 18 Mixed sex,NA
746,KS5_25,ENTRIES_TECHCERT_DIS,Number of Technical Certificate entries by disadvantaged students included in value added measure,A5-KS5-Tech,Private Ages 4 to 18 Mixed sex,NA
747,KS5_25,VA_INS_TECHCERT_DIS,Technical Certificate value added score for disadvantaged students,A5-KS5,Private Ages 4 to 18 Mixed sex,NA
748,KS5_25,UCI_INS_TECHCERT_DIS,Technical Certificate value added upper confidence limit for disadvantaged students,A5-KS5,Private Ages 4 to 18 Mixed sex,NA
749,KS5_25,LCI_INS_TECHCERT_DIS,Technical Certificate value added lower confidence limit for disadvantaged students,A5-KS5,Private Ages 4 to 18 Mixed sex,NA
750,KS5_25,ENTRIES_ALEV_NOTDIS,Number of A level entries by non-disadvantaged students included in value added measure,A5-KS5-Attainment,Private Ages 4 to 18 Mixed sex,NA
751,KS5_25,VA_INS_ALEV_NOTDIS,A level value added score for non-disadvantaged students,A5-KS5-Progress,Private Ages 4 to 18 Mixed sex,NA
752,KS5_25,UCI_INS_ALEV_NOTDIS,A level  value added upper confidence limit for non-disadvantaged students,A5-KS5-Progress,Private Ages 4 to 18 Mixed sex,NA
753,KS5_25,LCI_INS_ALEV_NOTDIS,A level value added lower confidence limit for non-disadvantaged students,A5-KS5-Progress,Private Ages 4 to 18 Mixed sex,NA
754,KS5_25,ENTRIES_ACAD_NOTDIS,Number of academic entries by non-disadvantaged students included in value added measure,A5-KS5-Academic,Private Ages 4 to 18 Mixed sex,NA
755,KS5_25,VA_INS_ACAD_NOTDIS,Academic value added score for non-disadvantaged students,A5-KS5-Progress,Private Ages 4 to 18 Mixed sex,NA
756,KS5_25,UCI_INS_ACAD_NOTDIS,Academic value added upper confidence limit for non-disadvantaged students,A5-KS5-Progress,Private Ages 4 to 18 Mixed sex,NA
757,KS5_25,LCI_INS_ACAD_NOTDIS,Academic value added lower confidence limit for non-disadvantaged students,A5-KS5-Progress,Private Ages 4 to 18 Mixed sex,NA
758,KS5_25,ENTRIES_AGEN_NOTDIS,Number of applied general entries by non-disadvantaged students included in value added measure,A5-KS5-Applied,Private Ages 4 to 18 Mixed sex,NA
759,KS5_25,VA_INS_AGEN_NOTDIS,Applied general value added score for non-disadvantaged students,A5-KS5-Progress,Private Ages 4 to 18 Mixed sex,NA
760,KS5_25,UCI_INS_AGEN_NOTDIS,Applied general value added upper confidence limit for non-disadvantaged students,A5-KS5-Progress,Private Ages 4 to 18 Mixed sex,NA
761,KS5_25,LCI_INS_AGEN_NOTDIS,Applied general value added lower confidence limit for non-disadvantaged students,A5-KS5-Progress,Private Ages 4 to 18 Mixed sex,NA
762,KS5_25,ENTRIES_TLEV_NOTDIS,Number of tech level entries by non-disadvantaged students included in value added measure,A5-KS5-TLevels,Private Ages 4 to 18 Mixed sex,NA
763,KS5_25,VA_INS_TLEV_NOTDIS,Tech level value added score for non-disadvantaged students,A5-KS5,Private Ages 4 to 18 Mixed sex,NA
764,KS5_25,UCI_INS_TLEV_NOTDIS,Tech level value added upper confidence limit for non-disadvantaged students,A5-KS5,Private Ages 4 to 18 Mixed sex,NA
765,KS5_25,LCI_INS_TLEV_NOTDIS,Tech level value added lower confidence limit for non-disadvantaged students,A5-KS5,Private Ages 4 to 18 Mixed sex,NA
766,KS5_25,ENTRIES_TECHCERT_NOTDIS,Number of Technical Certificate entries by non-disadvantaged students included in value added measure,A5-KS5-Tech,Private Ages 4 to 18 Mixed sex,NA
767,KS5_25,VA_INS_TECHCERT_NOTDIS,Technical Certificate value added score for non-disadvantaged students,A5-KS5,Private Ages 4 to 18 Mixed sex,NA
768,KS5_25,UCI_INS_TECHCERT_NOTDIS,Technical Certificate value added upper confidence limit for non-disadvantaged students,A5-KS5,Private Ages 4 to 18 Mixed sex,NA
769,KS5_25,LCI_INS_TECHCERT_NOTDIS,Technical Certificate value added lower confidence limit for non-disadvantaged students,A5-KS5,Private Ages 4 to 18 Mixed sex,NA
770,KS5_25,TALLPUP_1618_24,This is a historical variable. It holds the 2024 value of the corresponding variable. Please see the current variable for the variable description.,A5-KS5-Attainment,Private Ages 4 to 18 Mixed sex,179
771,KS5_25,TALLPUP_1618_23,This is a historical variable. It holds the 2023 value of the corresponding variable. Please see the current variable for the variable description.,A5-KS5-Attainment,Private Ages 4 to 18 Mixed sex,170
772,KS5_25,TALLPUP_1618_22,This is a historical variable. It holds the 2022 value of the corresponding variable. Please see the current variable for the variable description.,A5-KS5-Attainment,Private Ages 4 to 18 Mixed sex,182
773,KS5_25,TALLPUP_ALEV_1618_24,This is a historical variable. It holds the 2024 value of the corresponding variable. Please see the current variable for the variable description.,A5-KS5-Attainment,Private Ages 4 to 18 Mixed sex,179
774,KS5_25,TALLPUP_ALEV_1618_23,This is a historical variable. It holds the 2023 value of the corresponding variable. Please see the current variable for the variable description.,A5-KS5-Attainment,Private Ages 4 to 18 Mixed sex,169
775,KS5_25,TALLPUP_ALEV_1618_22,This is a historical variable. It holds the 2022 value of the corresponding variable. Please see the current variable for the variable description.,A5-KS5-Attainment,Private Ages 4 to 18 Mixed sex,182
776,KS5_25,TALLPPE_ALEV_1618_24,This is a historical variable. It holds the 2024 value of the corresponding variable. Please see the current variable for the variable description.,A5-KS5-Attainment,Private Ages 4 to 18 Mixed sex,48.91
777,KS5_25,TALLPPE_ALEV_1618_23,This is a historical variable. It holds the 2023 value of the corresponding variable. Please see the current variable for the variable description.,A5-KS5-Attainment,Private Ages 4 to 18 Mixed sex,47.18
778,KS5_25,TALLPPE_ALEV_1618_22,This is a historical variable. It holds the 2022 value of the corresponding variable. Please see the current variable for the variable description.,A5-KS5-Attainment,Private Ages 4 to 18 Mixed sex,51.67
779,KS5_25,TALLPPEGRD_ALEV_1618_24,This is a historical variable. It holds the 2024 value of the corresponding variable. Please see the current variable for the variable description.,A5-KS5-Attainment,Private Ages 4 to 18 Mixed sex,A
780,KS5_25,TALLPPEGRD_ALEV_1618_23,This is a historical variable. It holds the 2023 value of the corresponding variable. Please see the current variable for the variable description.,A5-KS5-Attainment,Private Ages 4 to 18 Mixed sex,A-
781,KS5_25,TALLPPEGRD_ALEV_1618_22,This is a historical variable. It holds the 2022 value of the corresponding variable. Please see the current variable for the variable description.,A5-KS5-Attainment,Private Ages 4 to 18 Mixed sex,A+
782,KS5_25,TALLPUP_ACAD_1618_24,This is a historical variable. It holds the 2024 value of the corresponding variable. Please see the current variable for the variable description.,A5-KS5-Academic,Private Ages 4 to 18 Mixed sex,179
783,KS5_25,TALLPUP_ACAD_1618_23,This is a historical variable. It holds the 2023 value of the corresponding variable. Please see the current variable for the variable description.,A5-KS5-Academic,Private Ages 4 to 18 Mixed sex,170
784,KS5_25,TALLPUP_ACAD_1618_22,This is a historical variable. It holds the 2022 value of the corresponding variable. Please see the current variable for the variable description.,A5-KS5-Academic,Private Ages 4 to 18 Mixed sex,182
785,KS5_25,TALLPPE_ACAD_1618_24,This is a historical variable. It holds the 2024 value of the corresponding variable. Please see the current variable for the variable description.,A5-KS5-Academic,Private Ages 4 to 18 Mixed sex,49.01
786,KS5_25,TALLPPE_ACAD_1618_23,This is a historical variable. It holds the 2023 value of the corresponding variable. Please see the current variable for the variable description.,A5-KS5-Academic,Private Ages 4 to 18 Mixed sex,47.55
787,KS5_25,TALLPPE_ACAD_1618_22,This is a historical variable. It holds the 2022 value of the corresponding variable. Please see the current variable for the variable description.,A5-KS5-Academic,Private Ages 4 to 18 Mixed sex,51.44
788,KS5_25,TALLPPEGRD_ACAD_1618_24,This is a historical variable. It holds the 2024 value of the corresponding variable. Please see the current variable for the variable description.,A5-KS5-Academic,Private Ages 4 to 18 Mixed sex,A
789,KS5_25,TALLPPEGRD_ACAD_1618_23,This is a historical variable. It holds the 2023 value of the corresponding variable. Please see the current variable for the variable description.,A5-KS5-Academic,Private Ages 4 to 18 Mixed sex,A-
790,KS5_25,TALLPPEGRD_ACAD_1618_22,This is a historical variable. It holds the 2022 value of the corresponding variable. Please see the current variable for the variable description.,A5-KS5-Academic,Private Ages 4 to 18 Mixed sex,A
791,KS5_25,TALLPUP_AGEN_24,This is a historical variable. It holds the 2024 value of the corresponding variable. Please see the current variable for the variable description.,A5-KS5-Applied,Private Ages 4 to 18 Mixed sex,NE
792,KS5_25,TALLPUP_AGEN_23,This is a historical variable. It holds the 2023 value of the corresponding variable. Please see the current variable for the variable description.,A5-KS5-Applied,Private Ages 4 to 18 Mixed sex,NE
793,KS5_25,TALLPUP_AGEN_22,This is a historical variable. It holds the 2022 value of the corresponding variable. Please see the current variable for the variable description.,A5-KS5-Applied,Private Ages 4 to 18 Mixed sex,NE
794,KS5_25,TALLPPE_AGEN_24,This is a historical variable. It holds the 2024 value of the corresponding variable. Please see the current variable for the variable description.,A5-KS5-Applied,Private Ages 4 to 18 Mixed sex,NE
795,KS5_25,TALLPPE_AGEN_23,This is a historical variable. It holds the 2023 value of the corresponding variable. Please see the current variable for the variable description.,A5-KS5-Applied,Private Ages 4 to 18 Mixed sex,NE
796,KS5_25,TALLPPE_AGEN_22,This is a historical variable. It holds the 2022 value of the corresponding variable. Please see the current variable for the variable description.,A5-KS5-Applied,Private Ages 4 to 18 Mixed sex,NE
797,KS5_25,TALLPPEGRD_AGEN_24,This is a historical variable. It holds the 2024 value of the corresponding variable. Please see the current variable for the variable description.,A5-KS5-Applied,Private Ages 4 to 18 Mixed sex,NE
798,KS5_25,TALLPPEGRD_AGEN_23,This is a historical variable. It holds the 2023 value of the corresponding variable. Please see the current variable for the variable description.,A5-KS5-Applied,Private Ages 4 to 18 Mixed sex,NE
799,KS5_25,TALLPPEGRD_AGEN_22,This is a historical variable. It holds the 2022 value of the corresponding variable. Please see the current variable for the variable description.,A5-KS5-Applied,Private Ages 4 to 18 Mixed sex,NE
800,KS5_25,TALLPUP_TLEV_24,This is a historical variable. It holds the 2024 value of the corresponding variable. Please see the current variable for the variable description.,A5-KS5-TLevels,Private Ages 4 to 18 Mixed sex,NE
801,KS5_25,TALLPUP_TLEV_23,This is a historical variable. It holds the 2023 value of the corresponding variable. Please see the current variable for the variable description.,A5-KS5-TLevels,Private Ages 4 to 18 Mixed sex,NE
802,KS5_25,TALLPUP_TLEV_22,This is a historical variable. It holds the 2022 value of the corresponding variable. Please see the current variable for the variable description.,A5-KS5-TLevels,Private Ages 4 to 18 Mixed sex,NE
803,KS5_25,TALLPPE_TLEV_24,This is a historical variable. It holds the 2024 value of the corresponding variable. Please see the current variable for the variable description.,A5-KS5-TLevels,Private Ages 4 to 18 Mixed sex,NE
804,KS5_25,TALLPPE_TLEV_23,This is a historical variable. It holds the 2023 value of the corresponding variable. Please see the current variable for the variable description.,A5-KS5-TLevels,Private Ages 4 to 18 Mixed sex,NE
805,KS5_25,TALLPPE_TLEV_22,This is a historical variable. It holds the 2022 value of the corresponding variable. Please see the current variable for the variable description.,A5-KS5-TLevels,Private Ages 4 to 18 Mixed sex,NE
806,KS5_25,TALLPPEGRD_TLEV_24,This is a historical variable. It holds the 2024 value of the corresponding variable. Please see the current variable for the variable description.,A5-KS5-TLevels,Private Ages 4 to 18 Mixed sex,NE
807,KS5_25,TALLPPEGRD_TLEV_23,This is a historical variable. It holds the 2023 value of the corresponding variable. Please see the current variable for the variable description.,A5-KS5-TLevels,Private Ages 4 to 18 Mixed sex,NE
808,KS5_25,TALLPPEGRD_TLEV_22,This is a historical variable. It holds the 2022 value of the corresponding variable. Please see the current variable for the variable description.,A5-KS5-TLevels,Private Ages 4 to 18 Mixed sex,NE
809,KS5_25,TALLPUP_TECHCERT_24,This is a historical variable. It holds the 2024 value of the corresponding variable. Please see the current variable for the variable description.,A5-KS5-Tech,Private Ages 4 to 18 Mixed sex,NE
810,KS5_25,TALLPUP_TECHCERT_23,This is a historical variable. It holds the 2023 value of the corresponding variable. Please see the current variable for the variable description.,A5-KS5-Tech,Private Ages 4 to 18 Mixed sex,NE
811,KS5_25,TALLPUP_TECHCERT_22,This is a historical variable. It holds the 2022 value of the corresponding variable. Please see the current variable for the variable description.,A5-KS5-Tech,Private Ages 4 to 18 Mixed sex,NE
812,KS5_25,TALLPPE_TECHCERT_24,This is a historical variable. It holds the 2024 value of the corresponding variable. Please see the current variable for the variable description.,A5-KS5-Tech,Private Ages 4 to 18 Mixed sex,NE
813,KS5_25,TALLPPE_TECHCERT_23,This is a historical variable. It holds the 2023 value of the corresponding variable. Please see the current variable for the variable description.,A5-KS5-Tech,Private Ages 4 to 18 Mixed sex,NE
814,KS5_25,TALLPPE_TECHCERT_22,This is a historical variable. It holds the 2022 value of the corresponding variable. Please see the current variable for the variable description.,A5-KS5-Tech,Private Ages 4 to 18 Mixed sex,NE
815,KS5_25,TALLPPEGRD_TECHCERT_24,This is a historical variable. It holds the 2024 value of the corresponding variable. Please see the current variable for the variable description.,A5-KS5-Tech,Private Ages 4 to 18 Mixed sex,NE
816,KS5_25,TALLPPEGRD_TECHCERT_23,This is a historical variable. It holds the 2023 value of the corresponding variable. Please see the current variable for the variable description.,A5-KS5-Tech,Private Ages 4 to 18 Mixed sex,NE
817,KS5_25,TALLPPEGRD_TECHCERT_22,This is a historical variable. It holds the 2022 value of the corresponding variable. Please see the current variable for the variable description.,A5-KS5-Tech,Private Ages 4 to 18 Mixed sex,NE
818,KS5_25,T_AIMS_CA_24,This is a historical variable. It holds the 2024 value of the corresponding variable. Please see the current variable for the variable description.,A5-KS5,Private Ages 4 to 18 Mixed sex,
819,KS5_25,T_AIMS_CA_23,This is a historical variable. It holds the 2023 value of the corresponding variable. Please see the current variable for the variable description.,A5-KS5,Private Ages 4 to 18 Mixed sex,
820,KS5_25,T_AIMS_CA_22,This is a historical variable. It holds the 2022 value of the corresponding variable. Please see the current variable for the variable description.,A5-KS5,Private Ages 4 to 18 Mixed sex,
821,KS5_25,T_SCOPEEX_E_24,This is a historical variable. It holds the 2024 value of the corresponding variable. Please see the current variable for the variable description.,A5-KS5-Attainment,Private Ages 4 to 18 Mixed sex,
822,KS5_25,T_SCOPEEX_E_23,This is a historical variable. It holds the 2023 value of the corresponding variable. Please see the current variable for the variable description.,A5-KS5-Attainment,Private Ages 4 to 18 Mixed sex,
823,KS5_25,T_SCOPEEX_E_22,This is a historical variable. It holds the 2022 value of the corresponding variable. Please see the current variable for the variable description.,A5-KS5-Attainment,Private Ages 4 to 18 Mixed sex,
824,KS5_25,PROGEX_E_24,This is a historical variable. It holds the 2024 value of the corresponding variable. Please see the current variable for the variable description.,A5-KS5-Attainment,Private Ages 4 to 18 Mixed sex,
825,KS5_25,PROGEX_E_23,This is a historical variable. It holds the 2023 value of the corresponding variable. Please see the current variable for the variable description.,A5-KS5-Attainment,Private Ages 4 to 18 Mixed sex,
826,KS5_25,PROGEX_E_22,This is a historical variable. It holds the 2022 value of the corresponding variable. Please see the current variable for the variable description.,A5-KS5-Attainment,Private Ages 4 to 18 Mixed sex,
827,KS5_25,T_SCOPEEX_M_24,This is a historical variable. It holds the 2024 value of the corresponding variable. Please see the current variable for the variable description.,A5-KS5-Attainment,Private Ages 4 to 18 Mixed sex,
828,KS5_25,T_SCOPEEX_M_23,This is a historical variable. It holds the 2023 value of the corresponding variable. Please see the current variable for the variable description.,A5-KS5-Attainment,Private Ages 4 to 18 Mixed sex,
829,KS5_25,T_SCOPEEX_M_22,This is a historical variable. It holds the 2022 value of the corresponding variable. Please see the current variable for the variable description.,A5-KS5-Attainment,Private Ages 4 to 18 Mixed sex,
830,KS5_25,PROGEX_M_24,This is a historical variable. It holds the 2024 value of the corresponding variable. Please see the current variable for the variable description.,A5-KS5-Attainment,Private Ages 4 to 18 Mixed sex,
831,KS5_25,PROGEX_M_23,This is a historical variable. It holds the 2023 value of the corresponding variable. Please see the current variable for the variable description.,A5-KS5-Attainment,Private Ages 4 to 18 Mixed sex,
832,KS5_25,PROGEX_M_22,This is a historical variable. It holds the 2022 value of the corresponding variable. Please see the current variable for the variable description.,A5-KS5-Attainment,Private Ages 4 to 18 Mixed sex,
833,KS5_25,ENTRIES_ALEV_24,This is a historical variable. It holds the 2024 value of the corresponding variable. Please see the current variable for the variable description.,A5-KS5-Attainment,Private Ages 4 to 18 Mixed sex,520
834,KS5_25,ENTRIES_ALEV_23,This is a historical variable. It holds the 2023 value of the corresponding variable. Please see the current variable for the variable description.,A5-KS5-Attainment,Private Ages 4 to 18 Mixed sex,
835,KS5_25,ENTRIES_ALEV_22,This is a historical variable. It holds the 2022 value of the corresponding variable. Please see the current variable for the variable description.,A5-KS5-Attainment,Private Ages 4 to 18 Mixed sex,
836,KS5_25,VA_INS_ALEV_24,This is a historical variable. It holds the 2024 value of the corresponding variable. Please see the current variable for the variable description.,A5-KS5-Progress,Private Ages 4 to 18 Mixed sex,0.3
837,KS5_25,VA_INS_ALEV_23,This is a historical variable. It holds the 2023 value of the corresponding variable. Please see the current variable for the variable description.,A5-KS5-Progress,Private Ages 4 to 18 Mixed sex,
838,KS5_25,VA_INS_ALEV_22,This is a historical variable. It holds the 2022 value of the corresponding variable. Please see the current variable for the variable description.,A5-KS5-Progress,Private Ages 4 to 18 Mixed sex,
839,KS5_25,PROGRESS_BAND_ALEV_24,This is a historical variable. It holds the 2024 value of the corresponding variable. Please see the current variable for the variable description.,A5-KS5-Progress,Private Ages 4 to 18 Mixed sex,2
840,KS5_25,UCI_INS_ALEV_24,This is a historical variable. It holds the 2024 value of the corresponding variable. Please see the current variable for the variable description.,A5-KS5-Progress,Private Ages 4 to 18 Mixed sex,0.39
841,KS5_25,UCI_INS_ALEV_23,This is a historical variable. It holds the 2023 value of the corresponding variable. Please see the current variable for the variable description.,A5-KS5-Progress,Private Ages 4 to 18 Mixed sex,
842,KS5_25,UCI_INS_ALEV_22,This is a historical variable. It holds the 2022 value of the corresponding variable. Please see the current variable for the variable description.,A5-KS5-Progress,Private Ages 4 to 18 Mixed sex,
843,KS5_25,LCI_INS_ALEV_24,This is a historical variable. It holds the 2024 value of the corresponding variable. Please see the current variable for the variable description.,A5-KS5-Progress,Private Ages 4 to 18 Mixed sex,0.2
844,KS5_25,LCI_INS_ALEV_23,This is a historical variable. It holds the 2023 value of the corresponding variable. Please see the current variable for the variable description.,A5-KS5-Progress,Private Ages 4 to 18 Mixed sex,
845,KS5_25,LCI_INS_ALEV_22,This is a historical variable. It holds the 2022 value of the corresponding variable. Please see the current variable for the variable description.,A5-KS5-Progress,Private Ages 4 to 18 Mixed sex,
846,KS5_25,ENTRIES_ACAD_24,This is a historical variable. It holds the 2024 value of the corresponding variable. Please see the current variable for the variable description.,A5-KS5-Academic,Private Ages 4 to 18 Mixed sex,543
847,KS5_25,ENTRIES_ACAD_23,This is a historical variable. It holds the 2023 value of the corresponding variable. Please see the current variable for the variable description.,A5-KS5-Academic,Private Ages 4 to 18 Mixed sex,
848,KS5_25,ENTRIES_ACAD_22,This is a historical variable. It holds the 2022 value of the corresponding variable. Please see the current variable for the variable description.,A5-KS5-Academic,Private Ages 4 to 18 Mixed sex,
849,KS5_25,VA_INS_ACAD_24,This is a historical variable. It holds the 2024 value of the corresponding variable. Please see the current variable for the variable description.,A5-KS5-Progress,Private Ages 4 to 18 Mixed sex,0.3
850,KS5_25,VA_INS_ACAD_23,This is a historical variable. It holds the 2023 value of the corresponding variable. Please see the current variable for the variable description.,A5-KS5-Progress,Private Ages 4 to 18 Mixed sex,
851,KS5_25,VA_INS_ACAD_22,This is a historical variable. It holds the 2022 value of the corresponding variable. Please see the current variable for the variable description.,A5-KS5-Progress,Private Ages 4 to 18 Mixed sex,
852,KS5_25,PROGRESS_BAND_ACAD_24,This is a historical variable. It holds the 2024 value of the corresponding variable. Please see the current variable for the variable description.,A5-KS5,Private Ages 4 to 18 Mixed sex,2
853,KS5_25,UCI_INS_ACAD_24,This is a historical variable. It holds the 2024 value of the corresponding variable. Please see the current variable for the variable description.,A5-KS5-Progress,Private Ages 4 to 18 Mixed sex,0.39
854,KS5_25,UCI_INS_ACAD_23,This is a historical variable. It holds the 2023 value of the corresponding variable. Please see the current variable for the variable description.,A5-KS5-Progress,Private Ages 4 to 18 Mixed sex,
855,KS5_25,UCI_INS_ACAD_22,This is a historical variable. It holds the 2022 value of the corresponding variable. Please see the current variable for the variable description.,A5-KS5-Progress,Private Ages 4 to 18 Mixed sex,
856,KS5_25,LCI_INS_ACAD_24,This is a historical variable. It holds the 2024 value of the corresponding variable. Please see the current variable for the variable description.,A5-KS5-Progress,Private Ages 4 to 18 Mixed sex,0.21
857,KS5_25,LCI_INS_ACAD_23,This is a historical variable. It holds the 2023 value of the corresponding variable. Please see the current variable for the variable description.,A5-KS5-Progress,Private Ages 4 to 18 Mixed sex,
858,KS5_25,LCI_INS_ACAD_22,This is a historical variable. It holds the 2022 value of the corresponding variable. Please see the current variable for the variable description.,A5-KS5-Progress,Private Ages 4 to 18 Mixed sex,
859,KS5_25,ENTRIES_AGEN_24,This is a historical variable. It holds the 2024 value of the corresponding variable. Please see the current variable for the variable description.,A5-KS5-Applied,Private Ages 4 to 18 Mixed sex,NE
860,KS5_25,ENTRIES_AGEN_23,This is a historical variable. It holds the 2023 value of the corresponding variable. Please see the current variable for the variable description.,A5-KS5-Applied,Private Ages 4 to 18 Mixed sex,
861,KS5_25,ENTRIES_AGEN_22,This is a historical variable. It holds the 2022 value of the corresponding variable. Please see the current variable for the variable description.,A5-KS5-Applied,Private Ages 4 to 18 Mixed sex,
862,KS5_25,VA_INS_AGEN_24,This is a historical variable. It holds the 2024 value of the corresponding variable. Please see the current variable for the variable description.,A5-KS5-Progress,Private Ages 4 to 18 Mixed sex,NE
863,KS5_25,VA_INS_AGEN_23,This is a historical variable. It holds the 2023 value of the corresponding variable. Please see the current variable for the variable description.,A5-KS5-Progress,Private Ages 4 to 18 Mixed sex,
864,KS5_25,VA_INS_AGEN_22,This is a historical variable. It holds the 2022 value of the corresponding variable. Please see the current variable for the variable description.,A5-KS5-Progress,Private Ages 4 to 18 Mixed sex,
865,KS5_25,PROGRESS_BAND_AGEN_24,This is a historical variable. It holds the 2024 value of the corresponding variable. Please see the current variable for the variable description.,A5-KS5,Private Ages 4 to 18 Mixed sex,
866,KS5_25,UCI_INS_AGEN_24,This is a historical variable. It holds the 2024 value of the corresponding variable. Please see the current variable for the variable description.,A5-KS5-Progress,Private Ages 4 to 18 Mixed sex,NE
867,KS5_25,UCI_INS_AGEN_23,This is a historical variable. It holds the 2023 value of the corresponding variable. Please see the current variable for the variable description.,A5-KS5-Progress,Private Ages 4 to 18 Mixed sex,
868,KS5_25,UCI_INS_AGEN_22,This is a historical variable. It holds the 2022 value of the corresponding variable. Please see the current variable for the variable description.,A5-KS5-Progress,Private Ages 4 to 18 Mixed sex,
869,KS5_25,LCI_INS_AGEN_24,This is a historical variable. It holds the 2024 value of the corresponding variable. Please see the current variable for the variable description.,A5-KS5-Progress,Private Ages 4 to 18 Mixed sex,NE
870,KS5_25,LCI_INS_AGEN_23,This is a historical variable. It holds the 2023 value of the corresponding variable. Please see the current variable for the variable description.,A5-KS5-Progress,Private Ages 4 to 18 Mixed sex,
871,KS5_25,LCI_INS_AGEN_22,This is a historical variable. It holds the 2022 value of the corresponding variable. Please see the current variable for the variable description.,A5-KS5-Progress,Private Ages 4 to 18 Mixed sex,
872,KS5_25,T_INSCOPE_ALEV_RET_24,This is a historical variable. It holds the 2024 value of the corresponding variable. Please see the current variable for the variable description.,A5-KS5,Private Ages 4 to 18 Mixed sex,NA
873,KS5_25,T_INSCOPE_ALEV_RET_23,This is a historical variable. It holds the 2023 value of the corresponding variable. Please see the current variable for the variable description.,A5-KS5,Private Ages 4 to 18 Mixed sex,NA
874,KS5_25,T_INSCOPE_ALEV_RET_22,This is a historical variable. It holds the 2022 value of the corresponding variable. Please see the current variable for the variable description.,A5-KS5,Private Ages 4 to 18 Mixed sex,NA
875,KS5_25,PT_RETAINED_ALEV_RET_24,This is a historical variable. It holds the 2024 value of the corresponding variable. Please see the current variable for the variable description.,A5-KS5-Facilitating,Private Ages 4 to 18 Mixed sex,NA
876,KS5_25,PT_RETAINED_ALEV_RET_23,This is a historical variable. It holds the 2023 value of the corresponding variable. Please see the current variable for the variable description.,A5-KS5-Facilitating,Private Ages 4 to 18 Mixed sex,NA
877,KS5_25,PT_RETAINED_ALEV_RET_22,This is a historical variable. It holds the 2022 value of the corresponding variable. Please see the current variable for the variable description.,A5-KS5-Facilitating,Private Ages 4 to 18 Mixed sex,NA
878,KS5_25,T_INSCOPE_ACAD_RET_24,This is a historical variable. It holds the 2024 value of the corresponding variable. Please see the current variable for the variable description.,A5-KS5,Private Ages 4 to 18 Mixed sex,NA
879,KS5_25,T_INSCOPE_ACAD_RET_23,This is a historical variable. It holds the 2023 value of the corresponding variable. Please see the current variable for the variable description.,A5-KS5,Private Ages 4 to 18 Mixed sex,NA
880,KS5_25,T_INSCOPE_ACAD_RET_22,This is a historical variable. It holds the 2022 value of the corresponding variable. Please see the current variable for the variable description.,A5-KS5,Private Ages 4 to 18 Mixed sex,NA
881,KS5_25,PT_RETAINED_ACAD_RET_24,This is a historical variable. It holds the 2024 value of the corresponding variable. Please see the current variable for the variable description.,A5-KS5-Facilitating,Private Ages 4 to 18 Mixed sex,NA
882,KS5_25,PT_RETAINED_ACAD_RET_23,This is a historical variable. It holds the 2023 value of the corresponding variable. Please see the current variable for the variable description.,A5-KS5-Facilitating,Private Ages 4 to 18 Mixed sex,NA
883,KS5_25,PT_RETAINED_ACAD_RET_22,This is a historical variable. It holds the 2022 value of the corresponding variable. Please see the current variable for the variable description.,A5-KS5-Facilitating,Private Ages 4 to 18 Mixed sex,NA
884,KS5_25,T_INSCOPE_AGEN_RET_24,This is a historical variable. It holds the 2024 value of the corresponding variable. Please see the current variable for the variable description.,A5-KS5,Private Ages 4 to 18 Mixed sex,NA
885,KS5_25,T_INSCOPE_AGEN_RET_23,This is a historical variable. It holds the 2023 value of the corresponding variable. Please see the current variable for the variable description.,A5-KS5,Private Ages 4 to 18 Mixed sex,NA
886,KS5_25,T_INSCOPE_AGEN_RET_22,This is a historical variable. It holds the 2022 value of the corresponding variable. Please see the current variable for the variable description.,A5-KS5,Private Ages 4 to 18 Mixed sex,NA
887,KS5_25,PT_RETAINED_AGEN_RET_24,This is a historical variable. It holds the 2024 value of the corresponding variable. Please see the current variable for the variable description.,A5-KS5-Facilitating,Private Ages 4 to 18 Mixed sex,NA
888,KS5_25,PT_RETAINED_AGEN_RET_23,This is a historical variable. It holds the 2023 value of the corresponding variable. Please see the current variable for the variable description.,A5-KS5-Facilitating,Private Ages 4 to 18 Mixed sex,NA
889,KS5_25,PT_RETAINED_AGEN_RET_22,This is a historical variable. It holds the 2022 value of the corresponding variable. Please see the current variable for the variable description.,A5-KS5-Facilitating,Private Ages 4 to 18 Mixed sex,NA
890,KS5_25,T_INSCOPE_TLEV_RET_24,This is a historical variable. It holds the 2024 value of the corresponding variable. Please see the current variable for the variable description.,A5-KS5,Private Ages 4 to 18 Mixed sex,NA
891,KS5_25,T_INSCOPE_TLEV_RET_23,This is a historical variable. It holds the 2023 value of the corresponding variable. Please see the current variable for the variable description.,A5-KS5,Private Ages 4 to 18 Mixed sex,NA
892,KS5_25,T_INSCOPE_TLEV_RET_22,This is a historical variable. It holds the 2022 value of the corresponding variable. Please see the current variable for the variable description.,A5-KS5,Private Ages 4 to 18 Mixed sex,NA
893,KS5_25,PT_RETAINED_TLEV_RET_24,This is a historical variable. It holds the 2024 value of the corresponding variable. Please see the current variable for the variable description.,A5-KS5-Facilitating,Private Ages 4 to 18 Mixed sex,NA
894,KS5_25,PT_RETAINED_TLEV_RET_23,This is a historical variable. It holds the 2023 value of the corresponding variable. Please see the current variable for the variable description.,A5-KS5-Facilitating,Private Ages 4 to 18 Mixed sex,NA
895,KS5_25,PT_RETAINED_TLEV_RET_22,This is a historical variable. It holds the 2022 value of the corresponding variable. Please see the current variable for the variable description.,A5-KS5-Facilitating,Private Ages 4 to 18 Mixed sex,NA
896,KS5_25,T_INSCOPE_TECHCERT_RET_24,This is a historical variable. It holds the 2024 value of the corresponding variable. Please see the current variable for the variable description.,A5-KS5,Private Ages 4 to 18 Mixed sex,NA
897,KS5_25,T_INSCOPE_TECHCERT_RET_23,This is a historical variable. It holds the 2023 value of the corresponding variable. Please see the current variable for the variable description.,A5-KS5,Private Ages 4 to 18 Mixed sex,NA
898,KS5_25,T_INSCOPE_TECHCERT_RET_22,This is a historical variable. It holds the 2022 value of the corresponding variable. Please see the current variable for the variable description.,A5-KS5,Private Ages 4 to 18 Mixed sex,NA
899,KS5_25,PT_RETAINED_TECHCERT_RET_24,This is a historical variable. It holds the 2024 value of the corresponding variable. Please see the current variable for the variable description.,A5-KS5-Facilitating,Private Ages 4 to 18 Mixed sex,NA
900,KS5_25,PT_RETAINED_TECHCERT_RET_23,This is a historical variable. It holds the 2023 value of the corresponding variable. Please see the current variable for the variable description.,A5-KS5-Facilitating,Private Ages 4 to 18 Mixed sex,NA
901,KS5_25,PT_RETAINED_TECHCERT_RET_22,This is a historical variable. It holds the 2022 value of the corresponding variable. Please see the current variable for the variable description.,A5-KS5-Facilitating,Private Ages 4 to 18 Mixed sex,NA
902,KS5_25,TALLPUP_1618_DIS_24,This is a historical variable. It holds the 2024 value of the corresponding variable. Please see the current variable for the variable description.,A5-KS5-Attainment,Private Ages 4 to 18 Mixed sex,NA
903,KS5_25,TALLPUP_1618_DIS_23,This is a historical variable. It holds the 2023 value of the corresponding variable. Please see the current variable for the variable description.,A5-KS5-Attainment,Private Ages 4 to 18 Mixed sex,NA
904,KS5_25,TALLPUP_1618_DIS_22,This is a historical variable. It holds the 2022 value of the corresponding variable. Please see the current variable for the variable description.,A5-KS5-Attainment,Private Ages 4 to 18 Mixed sex,NA
905,KS5_25,TALLPUP_ALEV_1618_DIS_24,This is a historical variable. It holds the 2024 value of the corresponding variable. Please see the current variable for the variable description.,A5-KS5-Disadvantaged,Private Ages 4 to 18 Mixed sex,NA
906,KS5_25,TALLPUP_ALEV_1618_DIS_23,This is a historical variable. It holds the 2023 value of the corresponding variable. Please see the current variable for the variable description.,A5-KS5-Disadvantaged,Private Ages 4 to 18 Mixed sex,NA
907,KS5_25,TALLPUP_ALEV_1618_DIS_22,This is a historical variable. It holds the 2022 value of the corresponding variable. Please see the current variable for the variable description.,A5-KS5-Disadvantaged,Private Ages 4 to 18 Mixed sex,NA
908,KS5_25,TALLPPE_ALEV_1618_DIS_24,This is a historical variable. It holds the 2024 value of the corresponding variable. Please see the current variable for the variable description.,A5-KS5-Attainment,Private Ages 4 to 18 Mixed sex,NA
909,KS5_25,TALLPPE_ALEV_1618_DIS_23,This is a historical variable. It holds the 2023 value of the corresponding variable. Please see the current variable for the variable description.,A5-KS5-Attainment,Private Ages 4 to 18 Mixed sex,NA
910,KS5_25,TALLPPE_ALEV_1618_DIS_22,This is a historical variable. It holds the 2022 value of the corresponding variable. Please see the current variable for the variable description.,A5-KS5-Attainment,Private Ages 4 to 18 Mixed sex,NA
911,KS5_25,TALLPPEGRD_ALEV_DIS_24,This is a historical variable. It holds the 2024 value of the corresponding variable. Please see the current variable for the variable description.,A5-KS5-Attainment,Private Ages 4 to 18 Mixed sex,NA
912,KS5_25,TALLPPEGRD_ALEV_DIS_23,This is a historical variable. It holds the 2023 value of the corresponding variable. Please see the current variable for the variable description.,A5-KS5-Attainment,Private Ages 4 to 18 Mixed sex,NA
913,KS5_25,TALLPPEGRD_ALEV_DIS_22,This is a historical variable. It holds the 2022 value of the corresponding variable. Please see the current variable for the variable description.,A5-KS5-Attainment,Private Ages 4 to 18 Mixed sex,NA
914,KS5_25,TALLPUP_ACAD_1618_DIS_24,This is a historical variable. It holds the 2024 value of the corresponding variable. Please see the current variable for the variable description.,A5-KS5-Academic,Private Ages 4 to 18 Mixed sex,NA
915,KS5_25,TALLPUP_ACAD_1618_DIS_23,This is a historical variable. It holds the 2023 value of the corresponding variable. Please see the current variable for the variable description.,A5-KS5-Academic,Private Ages 4 to 18 Mixed sex,NA
916,KS5_25,TALLPUP_ACAD_1618_DIS_22,This is a historical variable. It holds the 2022 value of the corresponding variable. Please see the current variable for the variable description.,A5-KS5-Academic,Private Ages 4 to 18 Mixed sex,NA
917,KS5_25,TALLPPE_ACAD_1618_DIS_24,This is a historical variable. It holds the 2024 value of the corresponding variable. Please see the current variable for the variable description.,A5-KS5-Academic,Private Ages 4 to 18 Mixed sex,NA
918,KS5_25,TALLPPE_ACAD_1618_DIS_23,This is a historical variable. It holds the 2023 value of the corresponding variable. Please see the current variable for the variable description.,A5-KS5-Academic,Private Ages 4 to 18 Mixed sex,NA
919,KS5_25,TALLPPE_ACAD_1618_DIS_22,This is a historical variable. It holds the 2022 value of the corresponding variable. Please see the current variable for the variable description.,A5-KS5-Academic,Private Ages 4 to 18 Mixed sex,NA
920,KS5_25,TALLPPEGRD_ACAD_DIS_24,This is a historical variable. It holds the 2024 value of the corresponding variable. Please see the current variable for the variable description.,A5-KS5-Academic,Private Ages 4 to 18 Mixed sex,NA
921,KS5_25,TALLPPEGRD_ACAD_DIS_23,This is a historical variable. It holds the 2023 value of the corresponding variable. Please see the current variable for the variable description.,A5-KS5-Academic,Private Ages 4 to 18 Mixed sex,NA
922,KS5_25,TALLPPEGRD_ACAD_DIS_22,This is a historical variable. It holds the 2022 value of the corresponding variable. Please see the current variable for the variable description.,A5-KS5-Academic,Private Ages 4 to 18 Mixed sex,NA
923,KS5_25,TALLPUP_AGEN_DIS_24,This is a historical variable. It holds the 2024 value of the corresponding variable. Please see the current variable for the variable description.,A5-KS5-Applied,Private Ages 4 to 18 Mixed sex,NA
924,KS5_25,TALLPUP_AGEN_DIS_23,This is a historical variable. It holds the 2023 value of the corresponding variable. Please see the current variable for the variable description.,A5-KS5-Applied,Private Ages 4 to 18 Mixed sex,NA
925,KS5_25,TALLPUP_AGEN_DIS_22,This is a historical variable. It holds the 2022 value of the corresponding variable. Please see the current variable for the variable description.,A5-KS5-Applied,Private Ages 4 to 18 Mixed sex,NA
926,KS5_25,TALLPPE_AGEN_DIS_24,This is a historical variable. It holds the 2024 value of the corresponding variable. Please see the current variable for the variable description.,A5-KS5-Applied,Private Ages 4 to 18 Mixed sex,NA
927,KS5_25,TALLPPE_AGEN_DIS_23,This is a historical variable. It holds the 2023 value of the corresponding variable. Please see the current variable for the variable description.,A5-KS5-Applied,Private Ages 4 to 18 Mixed sex,NA
928,KS5_25,TALLPPE_AGEN_DIS_22,This is a historical variable. It holds the 2022 value of the corresponding variable. Please see the current variable for the variable description.,A5-KS5-Applied,Private Ages 4 to 18 Mixed sex,NA
929,KS5_25,TALLPPEGRD_AGEN_DIS_24,This is a historical variable. It holds the 2024 value of the corresponding variable. Please see the current variable for the variable description.,A5-KS5-Applied,Private Ages 4 to 18 Mixed sex,NA
930,KS5_25,TALLPPEGRD_AGEN_DIS_23,This is a historical variable. It holds the 2023 value of the corresponding variable. Please see the current variable for the variable description.,A5-KS5-Applied,Private Ages 4 to 18 Mixed sex,NA
931,KS5_25,TALLPPEGRD_AGEN_DIS_22,This is a historical variable. It holds the 2022 value of the corresponding variable. Please see the current variable for the variable description.,A5-KS5-Applied,Private Ages 4 to 18 Mixed sex,NA
932,KS5_25,TALLPUP_TLEV_DIS_24,This is a historical variable. It holds the 2024 value of the corresponding variable. Please see the current variable for the variable description.,A5-KS5-TLevels,Private Ages 4 to 18 Mixed sex,NA
933,KS5_25,TALLPUP_TLEV_DIS_23,This is a historical variable. It holds the 2023 value of the corresponding variable. Please see the current variable for the variable description.,A5-KS5-TLevels,Private Ages 4 to 18 Mixed sex,NA
934,KS5_25,TALLPUP_TLEV_DIS_22,This is a historical variable. It holds the 2022 value of the corresponding variable. Please see the current variable for the variable description.,A5-KS5-TLevels,Private Ages 4 to 18 Mixed sex,NA
935,KS5_25,TALLPPE_TLEV_DIS_24,This is a historical variable. It holds the 2024 value of the corresponding variable. Please see the current variable for the variable description.,A5-KS5-TLevels,Private Ages 4 to 18 Mixed sex,NA
936,KS5_25,TALLPPE_TLEV_DIS_23,This is a historical variable. It holds the 2023 value of the corresponding variable. Please see the current variable for the variable description.,A5-KS5-TLevels,Private Ages 4 to 18 Mixed sex,NA
937,KS5_25,TALLPPE_TLEV_DIS_22,This is a historical variable. It holds the 2022 value of the corresponding variable. Please see the current variable for the variable description.,A5-KS5-TLevels,Private Ages 4 to 18 Mixed sex,NA
938,KS5_25,TALLPPEGRD_TLEV_DIS_24,This is a historical variable. It holds the 2024 value of the corresponding variable. Please see the current variable for the variable description.,A5-KS5-TLevels,Private Ages 4 to 18 Mixed sex,NA
939,KS5_25,TALLPPEGRD_TLEV_DIS_23,This is a historical variable. It holds the 2023 value of the corresponding variable. Please see the current variable for the variable description.,A5-KS5-TLevels,Private Ages 4 to 18 Mixed sex,NA
940,KS5_25,TALLPPEGRD_TLEV_DIS_22,This is a historical variable. It holds the 2022 value of the corresponding variable. Please see the current variable for the variable description.,A5-KS5-TLevels,Private Ages 4 to 18 Mixed sex,NA
941,KS5_25,TALLPUP_TECHCERT_DIS_24,This is a historical variable. It holds the 2024 value of the corresponding variable. Please see the current variable for the variable description.,A5-KS5-Tech,Private Ages 4 to 18 Mixed sex,NA
942,KS5_25,TALLPUP_TECHCERT_DIS_23,This is a historical variable. It holds the 2023 value of the corresponding variable. Please see the current variable for the variable description.,A5-KS5-Tech,Private Ages 4 to 18 Mixed sex,NA
943,KS5_25,TALLPUP_TECHCERT_DIS_22,This is a historical variable. It holds the 2022 value of the corresponding variable. Please see the current variable for the variable description.,A5-KS5-Tech,Private Ages 4 to 18 Mixed sex,NA
944,KS5_25,TALLPPE_TECHCERT_DIS_24,This is a historical variable. It holds the 2024 value of the corresponding variable. Please see the current variable for the variable description.,A5-KS5-Tech,Private Ages 4 to 18 Mixed sex,NA
945,KS5_25,TALLPPE_TECHCERT_DIS_23,This is a historical variable. It holds the 2023 value of the corresponding variable. Please see the current variable for the variable description.,A5-KS5-Tech,Private Ages 4 to 18 Mixed sex,NA
946,KS5_25,TALLPPE_TECHCERT_DIS_22,This is a historical variable. It holds the 2022 value of the corresponding variable. Please see the current variable for the variable description.,A5-KS5-Tech,Private Ages 4 to 18 Mixed sex,NA
947,KS5_25,TALLPPEGRD_TECHCERT_DIS_24,This is a historical variable. It holds the 2024 value of the corresponding variable. Please see the current variable for the variable description.,A5-KS5-Tech,Private Ages 4 to 18 Mixed sex,NA
948,KS5_25,TALLPPEGRD_TECHCERT_DIS_23,This is a historical variable. It holds the 2023 value of the corresponding variable. Please see the current variable for the variable description.,A5-KS5-Tech,Private Ages 4 to 18 Mixed sex,NA
949,KS5_25,TALLPPEGRD_TECHCERT_DIS_22,This is a historical variable. It holds the 2022 value of the corresponding variable. Please see the current variable for the variable description.,A5-KS5-Tech,Private Ages 4 to 18 Mixed sex,NA
950,KS5_25,T_SCOPEEX_E_DIS_24,This is a historical variable. It holds the 2024 value of the corresponding variable. Please see the current variable for the variable description.,A5-KS5-Attainment,Private Ages 4 to 18 Mixed sex,
951,KS5_25,T_SCOPEEX_E_DIS_23,This is a historical variable. It holds the 2023 value of the corresponding variable. Please see the current variable for the variable description.,A5-KS5-Attainment,Private Ages 4 to 18 Mixed sex,
952,KS5_25,T_SCOPEEX_E_DIS_22,This is a historical variable. It holds the 2022 value of the corresponding variable. Please see the current variable for the variable description.,A5-KS5-Attainment,Private Ages 4 to 18 Mixed sex,
953,KS5_25,PROGEX_E_DIS_24,This is a historical variable. It holds the 2024 value of the corresponding variable. Please see the current variable for the variable description.,A5-KS5-Attainment,Private Ages 4 to 18 Mixed sex,
954,KS5_25,PROGEX_E_DIS_23,This is a historical variable. It holds the 2023 value of the corresponding variable. Please see the current variable for the variable description.,A5-KS5-Attainment,Private Ages 4 to 18 Mixed sex,
955,KS5_25,PROGEX_E_DIS_22,This is a historical variable. It holds the 2022 value of the corresponding variable. Please see the current variable for the variable description.,A5-KS5-Attainment,Private Ages 4 to 18 Mixed sex,
956,KS5_25,T_SCOPEEX_M_DIS_24,This is a historical variable. It holds the 2024 value of the corresponding variable. Please see the current variable for the variable description.,A5-KS5-Attainment,Private Ages 4 to 18 Mixed sex,
957,KS5_25,T_SCOPEEX_M_DIS_23,This is a historical variable. It holds the 2023 value of the corresponding variable. Please see the current variable for the variable description.,A5-KS5-Attainment,Private Ages 4 to 18 Mixed sex,
958,KS5_25,T_SCOPEEX_M_DIS_22,This is a historical variable. It holds the 2022 value of the corresponding variable. Please see the current variable for the variable description.,A5-KS5-Attainment,Private Ages 4 to 18 Mixed sex,
959,KS5_25,PROGEX_M_DIS_24,This is a historical variable. It holds the 2024 value of the corresponding variable. Please see the current variable for the variable description.,A5-KS5-Attainment,Private Ages 4 to 18 Mixed sex,
960,KS5_25,PROGEX_M_DIS_23,This is a historical variable. It holds the 2023 value of the corresponding variable. Please see the current variable for the variable description.,A5-KS5-Attainment,Private Ages 4 to 18 Mixed sex,
961,KS5_25,PROGEX_M_DIS_22,This is a historical variable. It holds the 2022 value of the corresponding variable. Please see the current variable for the variable description.,A5-KS5-Attainment,Private Ages 4 to 18 Mixed sex,
962,KS5_25,ENTRIES_ALEV_DIS_24,This is a historical variable. It holds the 2024 value of the corresponding variable. Please see the current variable for the variable description.,A5-KS5-Attainment,Private Ages 4 to 18 Mixed sex,NA
963,KS5_25,ENTRIES_ALEV_DIS_23,This is a historical variable. It holds the 2023 value of the corresponding variable. Please see the current variable for the variable description.,A5-KS5-Attainment,Private Ages 4 to 18 Mixed sex,
964,KS5_25,ENTRIES_ALEV_DIS_22,This is a historical variable. It holds the 2022 value of the corresponding variable. Please see the current variable for the variable description.,A5-KS5-Attainment,Private Ages 4 to 18 Mixed sex,
965,KS5_25,VA_INS_ALEV_DIS_24,This is a historical variable. It holds the 2024 value of the corresponding variable. Please see the current variable for the variable description.,A5-KS5-Progress,Private Ages 4 to 18 Mixed sex,NA
966,KS5_25,VA_INS_ALEV_DIS_23,This is a historical variable. It holds the 2023 value of the corresponding variable. Please see the current variable for the variable description.,A5-KS5-Progress,Private Ages 4 to 18 Mixed sex,
967,KS5_25,VA_INS_ALEV_DIS_22,This is a historical variable. It holds the 2022 value of the corresponding variable. Please see the current variable for the variable description.,A5-KS5-Progress,Private Ages 4 to 18 Mixed sex,
968,KS5_25,UCI_INS_ALEV_DIS_24,This is a historical variable. It holds the 2024 value of the corresponding variable. Please see the current variable for the variable description.,A5-KS5-Progress,Private Ages 4 to 18 Mixed sex,NA
969,KS5_25,UCI_INS_ALEV_DIS_23,This is a historical variable. It holds the 2023 value of the corresponding variable. Please see the current variable for the variable description.,A5-KS5-Progress,Private Ages 4 to 18 Mixed sex,
970,KS5_25,UCI_INS_ALEV_DIS_22,This is a historical variable. It holds the 2022 value of the corresponding variable. Please see the current variable for the variable description.,A5-KS5-Progress,Private Ages 4 to 18 Mixed sex,
971,KS5_25,LCI_INS_ALEV_DIS_24,This is a historical variable. It holds the 2024 value of the corresponding variable. Please see the current variable for the variable description.,A5-KS5-Progress,Private Ages 4 to 18 Mixed sex,NA
972,KS5_25,LCI_INS_ALEV_DIS_23,This is a historical variable. It holds the 2023 value of the corresponding variable. Please see the current variable for the variable description.,A5-KS5-Progress,Private Ages 4 to 18 Mixed sex,
973,KS5_25,LCI_INS_ALEV_DIS_22,This is a historical variable. It holds the 2022 value of the corresponding variable. Please see the current variable for the variable description.,A5-KS5-Progress,Private Ages 4 to 18 Mixed sex,
974,KS5_25,ENTRIES_ACAD_DIS_24,This is a historical variable. It holds the 2024 value of the corresponding variable. Please see the current variable for the variable description.,A5-KS5-Academic,Private Ages 4 to 18 Mixed sex,NA
975,KS5_25,ENTRIES_ACAD_DIS_23,This is a historical variable. It holds the 2023 value of the corresponding variable. Please see the current variable for the variable description.,A5-KS5-Academic,Private Ages 4 to 18 Mixed sex,
976,KS5_25,ENTRIES_ACAD_DIS_22,This is a historical variable. It holds the 2022 value of the corresponding variable. Please see the current variable for the variable description.,A5-KS5-Academic,Private Ages 4 to 18 Mixed sex,
977,KS5_25,VA_INS_ACAD_DIS_24,This is a historical variable. It holds the 2024 value of the corresponding variable. Please see the current variable for the variable description.,A5-KS5-Progress,Private Ages 4 to 18 Mixed sex,NA
978,KS5_25,VA_INS_ACAD_DIS_23,This is a historical variable. It holds the 2023 value of the corresponding variable. Please see the current variable for the variable description.,A5-KS5-Progress,Private Ages 4 to 18 Mixed sex,
979,KS5_25,VA_INS_ACAD_DIS_22,This is a historical variable. It holds the 2022 value of the corresponding variable. Please see the current variable for the variable description.,A5-KS5-Progress,Private Ages 4 to 18 Mixed sex,
980,KS5_25,UCI_INS_ACAD_DIS_24,This is a historical variable. It holds the 2024 value of the corresponding variable. Please see the current variable for the variable description.,A5-KS5-Progress,Private Ages 4 to 18 Mixed sex,NA
981,KS5_25,UCI_INS_ACAD_DIS_23,This is a historical variable. It holds the 2023 value of the corresponding variable. Please see the current variable for the variable description.,A5-KS5-Progress,Private Ages 4 to 18 Mixed sex,
982,KS5_25,UCI_INS_ACAD_DIS_22,This is a historical variable. It holds the 2022 value of the corresponding variable. Please see the current variable for the variable description.,A5-KS5-Progress,Private Ages 4 to 18 Mixed sex,
983,KS5_25,LCI_INS_ACAD_DIS_24,This is a historical variable. It holds the 2024 value of the corresponding variable. Please see the current variable for the variable description.,A5-KS5-Progress,Private Ages 4 to 18 Mixed sex,NA
984,KS5_25,LCI_INS_ACAD_DIS_23,This is a historical variable. It holds the 2023 value of the corresponding variable. Please see the current variable for the variable description.,A5-KS5-Progress,Private Ages 4 to 18 Mixed sex,
985,KS5_25,LCI_INS_ACAD_DIS_22,This is a historical variable. It holds the 2022 value of the corresponding variable. Please see the current variable for the variable description.,A5-KS5-Progress,Private Ages 4 to 18 Mixed sex,
986,KS5_25,ENTRIES_AGEN_DIS_24,This is a historical variable. It holds the 2024 value of the corresponding variable. Please see the current variable for the variable description.,A5-KS5-Applied,Private Ages 4 to 18 Mixed sex,NA
987,KS5_25,ENTRIES_AGEN_DIS_23,This is a historical variable. It holds the 2023 value of the corresponding variable. Please see the current variable for the variable description.,A5-KS5-Applied,Private Ages 4 to 18 Mixed sex,
988,KS5_25,ENTRIES_AGEN_DIS_22,This is a historical variable. It holds the 2022 value of the corresponding variable. Please see the current variable for the variable description.,A5-KS5-Applied,Private Ages 4 to 18 Mixed sex,
989,KS5_25,VA_INS_AGEN_DIS_24,This is a historical variable. It holds the 2024 value of the corresponding variable. Please see the current variable for the variable description.,A5-KS5-Progress,Private Ages 4 to 18 Mixed sex,NA
990,KS5_25,VA_INS_AGEN_DIS_23,This is a historical variable. It holds the 2023 value of the corresponding variable. Please see the current variable for the variable description.,A5-KS5-Progress,Private Ages 4 to 18 Mixed sex,
991,KS5_25,VA_INS_AGEN_DIS_22,This is a historical variable. It holds the 2022 value of the corresponding variable. Please see the current variable for the variable description.,A5-KS5-Progress,Private Ages 4 to 18 Mixed sex,
992,KS5_25,UCI_INS_AGEN_DIS_24,This is a historical variable. It holds the 2024 value of the corresponding variable. Please see the current variable for the variable description.,A5-KS5-Progress,Private Ages 4 to 18 Mixed sex,NA
993,KS5_25,UCI_INS_AGEN_DIS_23,This is a historical variable. It holds the 2023 value of the corresponding variable. Please see the current variable for the variable description.,A5-KS5-Progress,Private Ages 4 to 18 Mixed sex,
994,KS5_25,UCI_INS_AGEN_DIS_22,This is a historical variable. It holds the 2022 value of the corresponding variable. Please see the current variable for the variable description.,A5-KS5-Progress,Private Ages 4 to 18 Mixed sex,
995,KS5_25,LCI_INS_AGEN_DIS_24,This is a historical variable. It holds the 2024 value of the corresponding variable. Please see the current variable for the variable description.,A5-KS5-Progress,Private Ages 4 to 18 Mixed sex,NA
996,KS5_25,LCI_INS_AGEN_DIS_23,This is a historical variable. It holds the 2023 value of the corresponding variable. Please see the current variable for the variable description.,A5-KS5-Progress,Private Ages 4 to 18 Mixed sex,
997,KS5_25,LCI_INS_AGEN_DIS_22,This is a historical variable. It holds the 2022 value of the corresponding variable. Please see the current variable for the variable description.,A5-KS5-Progress,Private Ages 4 to 18 Mixed sex,
998,KS5_25,T_INSCOPE_ALEV_RET_DIS_24,This is a historical variable. It holds the 2024 value of the corresponding variable. Please see the current variable for the variable description.,A5-KS5,Private Ages 4 to 18 Mixed sex,NA
999,KS5_25,T_INSCOPE_ALEV_RET_DIS_23,This is a historical variable. It holds the 2023 value of the corresponding variable. Please see the current variable for the variable description.,A5-KS5,Private Ages 4 to 18 Mixed sex,NA
1000,KS5_25,T_INSCOPE_ALEV_RET_DIS_22,This is a historical variable. It holds the 2022 value of the corresponding variable. Please see the current variable for the variable description.,A5-KS5,Private Ages 4 to 18 Mixed sex,NA
1001,KS5_25,PT_RETAINED_ALEV_RET_DIS_24,This is a historical variable. It holds the 2024 value of the corresponding variable. Please see the current variable for the variable description.,A5-KS5-Facilitating,Private Ages 4 to 18 Mixed sex,NA
1002,KS5_25,PT_RETAINED_ALEV_RET_DIS_23,This is a historical variable. It holds the 2023 value of the corresponding variable. Please see the current variable for the variable description.,A5-KS5-Facilitating,Private Ages 4 to 18 Mixed sex,NA
1003,KS5_25,PT_RETAINED_ALEV_RET_DIS_22,This is a historical variable. It holds the 2022 value of the corresponding variable. Please see the current variable for the variable description.,A5-KS5-Facilitating,Private Ages 4 to 18 Mixed sex,NA
1004,KS5_25,T_INSCOPE_ACAD_RET_DIS_24,This is a historical variable. It holds the 2024 value of the corresponding variable. Please see the current variable for the variable description.,A5-KS5,Private Ages 4 to 18 Mixed sex,NA
1005,KS5_25,T_INSCOPE_ACAD_RET_DIS_23,This is a historical variable. It holds the 2023 value of the corresponding variable. Please see the current variable for the variable description.,A5-KS5,Private Ages 4 to 18 Mixed sex,NA
1006,KS5_25,T_INSCOPE_ACAD_RET_DIS_22,This is a historical variable. It holds the 2022 value of the corresponding variable. Please see the current variable for the variable description.,A5-KS5,Private Ages 4 to 18 Mixed sex,NA
1007,KS5_25,PT_RETAINED_ACAD_RET_DIS_24,This is a historical variable. It holds the 2024 value of the corresponding variable. Please see the current variable for the variable description.,A5-KS5-Facilitating,Private Ages 4 to 18 Mixed sex,NA
1008,KS5_25,PT_RETAINED_ACAD_RET_DIS_23,This is a historical variable. It holds the 2023 value of the corresponding variable. Please see the current variable for the variable description.,A5-KS5-Facilitating,Private Ages 4 to 18 Mixed sex,NA
1009,KS5_25,PT_RETAINED_ACAD_RET_DIS_22,This is a historical variable. It holds the 2022 value of the corresponding variable. Please see the current variable for the variable description.,A5-KS5-Facilitating,Private Ages 4 to 18 Mixed sex,NA
1010,KS5_25,T_INSCOPE_AGEN_RET_DIS_24,This is a historical variable. It holds the 2024 value of the corresponding variable. Please see the current variable for the variable description.,A5-KS5,Private Ages 4 to 18 Mixed sex,NA
1011,KS5_25,T_INSCOPE_AGEN_RET_DIS_23,This is a historical variable. It holds the 2023 value of the corresponding variable. Please see the current variable for the variable description.,A5-KS5,Private Ages 4 to 18 Mixed sex,NA
1012,KS5_25,T_INSCOPE_AGEN_RET_DIS_22,This is a historical variable. It holds the 2022 value of the corresponding variable. Please see the current variable for the variable description.,A5-KS5,Private Ages 4 to 18 Mixed sex,NA
1013,KS5_25,PT_RETAINED_AGEN_RET_DIS_24,This is a historical variable. It holds the 2024 value of the corresponding variable. Please see the current variable for the variable description.,A5-KS5-Facilitating,Private Ages 4 to 18 Mixed sex,NA
1014,KS5_25,PT_RETAINED_AGEN_RET_DIS_23,This is a historical variable. It holds the 2023 value of the corresponding variable. Please see the current variable for the variable description.,A5-KS5-Facilitating,Private Ages 4 to 18 Mixed sex,NA
1015,KS5_25,PT_RETAINED_AGEN_RET_DIS_22,This is a historical variable. It holds the 2022 value of the corresponding variable. Please see the current variable for the variable description.,A5-KS5-Facilitating,Private Ages 4 to 18 Mixed sex,NA
1016,KS5_25,T_INSCOPE_TLEV_RET_DIS_24,This is a historical variable. It holds the 2024 value of the corresponding variable. Please see the current variable for the variable description.,A5-KS5,Private Ages 4 to 18 Mixed sex,NA
1017,KS5_25,T_INSCOPE_TLEV_RET_DIS_23,This is a historical variable. It holds the 2023 value of the corresponding variable. Please see the current variable for the variable description.,A5-KS5,Private Ages 4 to 18 Mixed sex,NA
1018,KS5_25,T_INSCOPE_TLEV_RET_DIS_22,This is a historical variable. It holds the 2022 value of the corresponding variable. Please see the current variable for the variable description.,A5-KS5,Private Ages 4 to 18 Mixed sex,NA
1019,KS5_25,PT_RETAINED_TLEV_RET_DIS_24,This is a historical variable. It holds the 2024 value of the corresponding variable. Please see the current variable for the variable description.,A5-KS5-Facilitating,Private Ages 4 to 18 Mixed sex,NA
1020,KS5_25,PT_RETAINED_TLEV_RET_DIS_23,This is a historical variable. It holds the 2023 value of the corresponding variable. Please see the current variable for the variable description.,A5-KS5-Facilitating,Private Ages 4 to 18 Mixed sex,NA
1021,KS5_25,PT_RETAINED_TLEV_RET_DIS_22,This is a historical variable. It holds the 2022 value of the corresponding variable. Please see the current variable for the variable description.,A5-KS5-Facilitating,Private Ages 4 to 18 Mixed sex,NA
1022,KS5_25,T_INSCOPE_TECHCERT_RET_DIS_24,This is a historical variable. It holds the 2024 value of the corresponding variable. Please see the current variable for the variable description.,A5-KS5,Private Ages 4 to 18 Mixed sex,NA
1023,KS5_25,T_INSCOPE_TECHCERT_RET_DIS_23,This is a historical variable. It holds the 2023 value of the corresponding variable. Please see the current variable for the variable description.,A5-KS5,Private Ages 4 to 18 Mixed sex,NA
1024,KS5_25,T_INSCOPE_TECHCERT_RET_DIS_22,This is a historical variable. It holds the 2022 value of the corresponding variable. Please see the current variable for the variable description.,A5-KS5,Private Ages 4 to 18 Mixed sex,NA
1025,KS5_25,PT_RETAINED_TECHCERT_RET_DIS_24,This is a historical variable. It holds the 2024 value of the corresponding variable. Please see the current variable for the variable description.,A5-KS5-Facilitating,Private Ages 4 to 18 Mixed sex,NA
1026,KS5_25,PT_RETAINED_TECHCERT_RET_DIS_23,This is a historical variable. It holds the 2023 value of the corresponding variable. Please see the current variable for the variable description.,A5-KS5-Facilitating,Private Ages 4 to 18 Mixed sex,NA
1027,KS5_25,PT_RETAINED_TECHCERT_RET_DIS_22,This is a historical variable. It holds the 2022 value of the corresponding variable. Please see the current variable for the variable description.,A5-KS5-Facilitating,Private Ages 4 to 18 Mixed sex,NA
1028,KS5_25,TALLPUP_1618_NOTDIS_24,This is a historical variable. It holds the 2024 value of the corresponding variable. Please see the current variable for the variable description.,A5-KS5-Attainment,Private Ages 4 to 18 Mixed sex,NA
1029,KS5_25,TALLPUP_1618_NOTDIS_23,This is a historical variable. It holds the 2023 value of the corresponding variable. Please see the current variable for the variable description.,A5-KS5-Attainment,Private Ages 4 to 18 Mixed sex,NA
1030,KS5_25,TALLPUP_1618_NOTDIS_22,This is a historical variable. It holds the 2022 value of the corresponding variable. Please see the current variable for the variable description.,A5-KS5-Attainment,Private Ages 4 to 18 Mixed sex,NA
1031,KS5_25,TALLPUP_ALEV_1618_NOTDIS_24,This is a historical variable. It holds the 2024 value of the corresponding variable. Please see the current variable for the variable description.,A5-KS5-Attainment,Private Ages 4 to 18 Mixed sex,NA
1032,KS5_25,TALLPUP_ALEV_1618_NOTDIS_23,This is a historical variable. It holds the 2023 value of the corresponding variable. Please see the current variable for the variable description.,A5-KS5-Attainment,Private Ages 4 to 18 Mixed sex,NA
1033,KS5_25,TALLPUP_ALEV_1618_NOTDIS_22,This is a historical variable. It holds the 2022 value of the corresponding variable. Please see the current variable for the variable description.,A5-KS5-Attainment,Private Ages 4 to 18 Mixed sex,NA
1034,KS5_25,TALLPPE_ALEV_1618_NOTDIS_24,This is a historical variable. It holds the 2024 value of the corresponding variable. Please see the current variable for the variable description.,A5-KS5-Attainment,Private Ages 4 to 18 Mixed sex,NA
1035,KS5_25,TALLPPE_ALEV_1618_NOTDIS_23,This is a historical variable. It holds the 2023 value of the corresponding variable. Please see the current variable for the variable description.,A5-KS5-Attainment,Private Ages 4 to 18 Mixed sex,NA
1036,KS5_25,TALLPPE_ALEV_1618_NOTDIS_22,This is a historical variable. It holds the 2022 value of the corresponding variable. Please see the current variable for the variable description.,A5-KS5-Attainment,Private Ages 4 to 18 Mixed sex,NA
1037,KS5_25,TALLPPEGRD_ALEV_NOTDIS_24,This is a historical variable. It holds the 2024 value of the corresponding variable. Please see the current variable for the variable description.,A5-KS5-Attainment,Private Ages 4 to 18 Mixed sex,NA
1038,KS5_25,TALLPPEGRD_ALEV_NOTDIS_23,This is a historical variable. It holds the 2023 value of the corresponding variable. Please see the current variable for the variable description.,A5-KS5-Attainment,Private Ages 4 to 18 Mixed sex,NA
1039,KS5_25,TALLPPEGRD_ALEV_NOTDIS_22,This is a historical variable. It holds the 2022 value of the corresponding variable. Please see the current variable for the variable description.,A5-KS5-Attainment,Private Ages 4 to 18 Mixed sex,NA
1040,KS5_25,TALLPUP_ACAD_1618_NOTDIS_24,This is a historical variable. It holds the 2024 value of the corresponding variable. Please see the current variable for the variable description.,A5-KS5-Academic,Private Ages 4 to 18 Mixed sex,NA
1041,KS5_25,TALLPUP_ACAD_1618_NOTDIS_23,This is a historical variable. It holds the 2023 value of the corresponding variable. Please see the current variable for the variable description.,A5-KS5-Academic,Private Ages 4 to 18 Mixed sex,NA
1042,KS5_25,TALLPUP_ACAD_1618_NOTDIS_22,This is a historical variable. It holds the 2022 value of the corresponding variable. Please see the current variable for the variable description.,A5-KS5-Academic,Private Ages 4 to 18 Mixed sex,NA
1043,KS5_25,TALLPPE_ACAD_1618_NOTDIS_24,This is a historical variable. It holds the 2024 value of the corresponding variable. Please see the current variable for the variable description.,A5-KS5-Academic,Private Ages 4 to 18 Mixed sex,NA
1044,KS5_25,TALLPPE_ACAD_1618_NOTDIS_23,This is a historical variable. It holds the 2023 value of the corresponding variable. Please see the current variable for the variable description.,A5-KS5-Academic,Private Ages 4 to 18 Mixed sex,NA
1045,KS5_25,TALLPPE_ACAD_1618_NOTDIS_22,This is a historical variable. It holds the 2022 value of the corresponding variable. Please see the current variable for the variable description.,A5-KS5-Academic,Private Ages 4 to 18 Mixed sex,NA
1046,KS5_25,TALLPPEGRD_ACAD_NOTDIS_24,This is a historical variable. It holds the 2024 value of the corresponding variable. Please see the current variable for the variable description.,A5-KS5-Academic,Private Ages 4 to 18 Mixed sex,NA
1047,KS5_25,TALLPPEGRD_ACAD_NOTDIS_23,This is a historical variable. It holds the 2023 value of the corresponding variable. Please see the current variable for the variable description.,A5-KS5-Academic,Private Ages 4 to 18 Mixed sex,NA
1048,KS5_25,TALLPPEGRD_ACAD_NOTDIS_22,This is a historical variable. It holds the 2022 value of the corresponding variable. Please see the current variable for the variable description.,A5-KS5-Academic,Private Ages 4 to 18 Mixed sex,NA
1049,KS5_25,TALLPUP_AGEN_NOTDIS_24,This is a historical variable. It holds the 2024 value of the corresponding variable. Please see the current variable for the variable description.,A5-KS5-Applied,Private Ages 4 to 18 Mixed sex,NA
1050,KS5_25,TALLPUP_AGEN_NOTDIS_23,This is a historical variable. It holds the 2023 value of the corresponding variable. Please see the current variable for the variable description.,A5-KS5-Applied,Private Ages 4 to 18 Mixed sex,NA
1051,KS5_25,TALLPUP_AGEN_NOTDIS_22,This is a historical variable. It holds the 2022 value of the corresponding variable. Please see the current variable for the variable description.,A5-KS5-Applied,Private Ages 4 to 18 Mixed sex,NA
1052,KS5_25,TALLPPE_AGEN_NOTDIS_24,This is a historical variable. It holds the 2024 value of the corresponding variable. Please see the current variable for the variable description.,A5-KS5-Applied,Private Ages 4 to 18 Mixed sex,NA
1053,KS5_25,TALLPPE_AGEN_NOTDIS_23,This is a historical variable. It holds the 2023 value of the corresponding variable. Please see the current variable for the variable description.,A5-KS5-Applied,Private Ages 4 to 18 Mixed sex,NA
1054,KS5_25,TALLPPE_AGEN_NOTDIS_22,This is a historical variable. It holds the 2022 value of the corresponding variable. Please see the current variable for the variable description.,A5-KS5-Applied,Private Ages 4 to 18 Mixed sex,NA
1055,KS5_25,TALLPPEGRD_AGEN_NOTDIS_24,This is a historical variable. It holds the 2024 value of the corresponding variable. Please see the current variable for the variable description.,A5-KS5-Applied,Private Ages 4 to 18 Mixed sex,NA
1056,KS5_25,TALLPPEGRD_AGEN_NOTDIS_23,This is a historical variable. It holds the 2023 value of the corresponding variable. Please see the current variable for the variable description.,A5-KS5-Applied,Private Ages 4 to 18 Mixed sex,NA
1057,KS5_25,TALLPPEGRD_AGEN_NOTDIS_22,This is a historical variable. It holds the 2022 value of the corresponding variable. Please see the current variable for the variable description.,A5-KS5-Applied,Private Ages 4 to 18 Mixed sex,NA
1058,KS5_25,TALLPUP_TLEV_NOTDIS_24,This is a historical variable. It holds the 2024 value of the corresponding variable. Please see the current variable for the variable description.,A5-KS5-TLevels,Private Ages 4 to 18 Mixed sex,NA
1059,KS5_25,TALLPUP_TLEV_NOTDIS_23,This is a historical variable. It holds the 2023 value of the corresponding variable. Please see the current variable for the variable description.,A5-KS5-TLevels,Private Ages 4 to 18 Mixed sex,NA
1060,KS5_25,TALLPUP_TLEV_NOTDIS_22,This is a historical variable. It holds the 2022 value of the corresponding variable. Please see the current variable for the variable description.,A5-KS5-TLevels,Private Ages 4 to 18 Mixed sex,NA
1061,KS5_25,TALLPPE_TLEV_NOTDIS_24,This is a historical variable. It holds the 2024 value of the corresponding variable. Please see the current variable for the variable description.,A5-KS5-TLevels,Private Ages 4 to 18 Mixed sex,NA
1062,KS5_25,TALLPPE_TLEV_NOTDIS_23,This is a historical variable. It holds the 2023 value of the corresponding variable. Please see the current variable for the variable description.,A5-KS5-TLevels,Private Ages 4 to 18 Mixed sex,NA
1063,KS5_25,TALLPPE_TLEV_NOTDIS_22,This is a historical variable. It holds the 2022 value of the corresponding variable. Please see the current variable for the variable description.,A5-KS5-TLevels,Private Ages 4 to 18 Mixed sex,NA
1064,KS5_25,TALLPPEGRD_TLEV_NOTDIS_24,This is a historical variable. It holds the 2024 value of the corresponding variable. Please see the current variable for the variable description.,A5-KS5-TLevels,Private Ages 4 to 18 Mixed sex,NA
1065,KS5_25,TALLPPEGRD_TLEV_NOTDIS_23,This is a historical variable. It holds the 2023 value of the corresponding variable. Please see the current variable for the variable description.,A5-KS5-TLevels,Private Ages 4 to 18 Mixed sex,NA
1066,KS5_25,TALLPPEGRD_TLEV_NOTDIS_22,This is a historical variable. It holds the 2022 value of the corresponding variable. Please see the current variable for the variable description.,A5-KS5-TLevels,Private Ages 4 to 18 Mixed sex,NA
1067,KS5_25,TALLPUP_TECHCERT_NOTDIS_24,This is a historical variable. It holds the 2024 value of the corresponding variable. Please see the current variable for the variable description.,A5-KS5-Tech,Private Ages 4 to 18 Mixed sex,NA
1068,KS5_25,TALLPUP_TECHCERT_NOTDIS_23,This is a historical variable. It holds the 2023 value of the corresponding variable. Please see the current variable for the variable description.,A5-KS5-Tech,Private Ages 4 to 18 Mixed sex,NA
1069,KS5_25,TALLPUP_TECHCERT_NOTDIS_22,This is a historical variable. It holds the 2022 value of the corresponding variable. Please see the current variable for the variable description.,A5-KS5-Tech,Private Ages 4 to 18 Mixed sex,NA
1070,KS5_25,TALLPPE_TECHCERT_NOTDIS_24,This is a historical variable. It holds the 2024 value of the corresponding variable. Please see the current variable for the variable description.,A5-KS5-Tech,Private Ages 4 to 18 Mixed sex,NA
1071,KS5_25,TALLPPE_TECHCERT_NOTDIS_23,This is a historical variable. It holds the 2023 value of the corresponding variable. Please see the current variable for the variable description.,A5-KS5-Tech,Private Ages 4 to 18 Mixed sex,NA
1072,KS5_25,TALLPPE_TECHCERT_NOTDIS_22,This is a historical variable. It holds the 2022 value of the corresponding variable. Please see the current variable for the variable description.,A5-KS5-Tech,Private Ages 4 to 18 Mixed sex,NA
1073,KS5_25,TALLPPEGRD_TECHCERT_NOTDIS_24,This is a historical variable. It holds the 2024 value of the corresponding variable. Please see the current variable for the variable description.,A5-KS5-Tech,Private Ages 4 to 18 Mixed sex,NA
1074,KS5_25,TALLPPEGRD_TECHCERT_NOTDIS_23,This is a historical variable. It holds the 2023 value of the corresponding variable. Please see the current variable for the variable description.,A5-KS5-Tech,Private Ages 4 to 18 Mixed sex,NA
1075,KS5_25,TALLPPEGRD_TECHCERT_NOTDIS_22,This is a historical variable. It holds the 2022 value of the corresponding variable. Please see the current variable for the variable description.,A5-KS5-Tech,Private Ages 4 to 18 Mixed sex,NA
1076,KS5_25,T_SCOPEEX_E_NOTDIS_24,This is a historical variable. It holds the 2024 value of the corresponding variable. Please see the current variable for the variable description.,A5-KS5-Attainment,Private Ages 4 to 18 Mixed sex,
1077,KS5_25,T_SCOPEEX_E_NOTDIS_23,This is a historical variable. It holds the 2023 value of the corresponding variable. Please see the current variable for the variable description.,A5-KS5-Attainment,Private Ages 4 to 18 Mixed sex,
1078,KS5_25,T_SCOPEEX_E_NOTDIS_22,This is a historical variable. It holds the 2022 value of the corresponding variable. Please see the current variable for the variable description.,A5-KS5-Attainment,Private Ages 4 to 18 Mixed sex,
1079,KS5_25,PROGEX_E_NOTDIS_24,This is a historical variable. It holds the 2024 value of the corresponding variable. Please see the current variable for the variable description.,A5-KS5-Attainment,Private Ages 4 to 18 Mixed sex,
1080,KS5_25,PROGEX_E_NOTDIS_23,This is a historical variable. It holds the 2023 value of the corresponding variable. Please see the current variable for the variable description.,A5-KS5-Attainment,Private Ages 4 to 18 Mixed sex,
1081,KS5_25,PROGEX_E_NOTDIS_22,This is a historical variable. It holds the 2022 value of the corresponding variable. Please see the current variable for the variable description.,A5-KS5-Attainment,Private Ages 4 to 18 Mixed sex,
1082,KS5_25,T_SCOPEEX_M_NOTDIS_24,This is a historical variable. It holds the 2024 value of the corresponding variable. Please see the current variable for the variable description.,A5-KS5-Attainment,Private Ages 4 to 18 Mixed sex,
1083,KS5_25,T_SCOPEEX_M_NOTDIS_23,This is a historical variable. It holds the 2023 value of the corresponding variable. Please see the current variable for the variable description.,A5-KS5-Attainment,Private Ages 4 to 18 Mixed sex,
1084,KS5_25,T_SCOPEEX_M_NOTDIS_22,This is a historical variable. It holds the 2022 value of the corresponding variable. Please see the current variable for the variable description.,A5-KS5-Attainment,Private Ages 4 to 18 Mixed sex,
1085,KS5_25,PROGEX_M_NOTDIS_24,This is a historical variable. It holds the 2024 value of the corresponding variable. Please see the current variable for the variable description.,A5-KS5-Attainment,Private Ages 4 to 18 Mixed sex,
1086,KS5_25,PROGEX_M_NOTDIS_23,This is a historical variable. It holds the 2023 value of the corresponding variable. Please see the current variable for the variable description.,A5-KS5-Attainment,Private Ages 4 to 18 Mixed sex,
1087,KS5_25,PROGEX_M_NOTDIS_22,This is a historical variable. It holds the 2022 value of the corresponding variable. Please see the current variable for the variable description.,A5-KS5-Attainment,Private Ages 4 to 18 Mixed sex,
1088,KS5_25,ENTRIES_ALEV_NOTDIS_24,This is a historical variable. It holds the 2024 value of the corresponding variable. Please see the current variable for the variable description.,A5-KS5-Attainment,Private Ages 4 to 18 Mixed sex,NA
1089,KS5_25,ENTRIES_ALEV_NOTDIS_23,This is a historical variable. It holds the 2023 value of the corresponding variable. Please see the current variable for the variable description.,A5-KS5-Attainment,Private Ages 4 to 18 Mixed sex,
1090,KS5_25,ENTRIES_ALEV_NOTDIS_22,This is a historical variable. It holds the 2022 value of the corresponding variable. Please see the current variable for the variable description.,A5-KS5-Attainment,Private Ages 4 to 18 Mixed sex,
1091,KS5_25,VA_INS_ALEV_NOTDIS_24,This is a historical variable. It holds the 2024 value of the corresponding variable. Please see the current variable for the variable description.,A5-KS5-Progress,Private Ages 4 to 18 Mixed sex,NA
1092,KS5_25,VA_INS_ALEV_NOTDIS_23,This is a historical variable. It holds the 2023 value of the corresponding variable. Please see the current variable for the variable description.,A5-KS5-Progress,Private Ages 4 to 18 Mixed sex,
1093,KS5_25,VA_INS_ALEV_NOTDIS_22,This is a historical variable. It holds the 2022 value of the corresponding variable. Please see the current variable for the variable description.,A5-KS5-Progress,Private Ages 4 to 18 Mixed sex,
1094,KS5_25,UCI_INS_ALEV_NOTDIS_24,This is a historical variable. It holds the 2024 value of the corresponding variable. Please see the current variable for the variable description.,A5-KS5-Progress,Private Ages 4 to 18 Mixed sex,NA
1095,KS5_25,UCI_INS_ALEV_NOTDIS_23,This is a historical variable. It holds the 2023 value of the corresponding variable. Please see the current variable for the variable description.,A5-KS5-Progress,Private Ages 4 to 18 Mixed sex,
1096,KS5_25,UCI_INS_ALEV_NOTDIS_22,This is a historical variable. It holds the 2022 value of the corresponding variable. Please see the current variable for the variable description.,A5-KS5-Progress,Private Ages 4 to 18 Mixed sex,
1097,KS5_25,LCI_INS_ALEV_NOTDIS_24,This is a historical variable. It holds the 2024 value of the corresponding variable. Please see the current variable for the variable description.,A5-KS5-Progress,Private Ages 4 to 18 Mixed sex,NA
1098,KS5_25,LCI_INS_ALEV_NOTDIS_23,This is a historical variable. It holds the 2023 value of the corresponding variable. Please see the current variable for the variable description.,A5-KS5-Progress,Private Ages 4 to 18 Mixed sex,
1099,KS5_25,LCI_INS_ALEV_NOTDIS_22,This is a historical variable. It holds the 2022 value of the corresponding variable. Please see the current variable for the variable description.,A5-KS5-Progress,Private Ages 4 to 18 Mixed sex,
1100,KS5_25,ENTRIES_ACAD_NOTDIS_24,This is a historical variable. It holds the 2024 value of the corresponding variable. Please see the current variable for the variable description.,A5-KS5-Academic,Private Ages 4 to 18 Mixed sex,NA
1101,KS5_25,ENTRIES_ACAD_NOTDIS_23,This is a historical variable. It holds the 2023 value of the corresponding variable. Please see the current variable for the variable description.,A5-KS5-Academic,Private Ages 4 to 18 Mixed sex,
1102,KS5_25,ENTRIES_ACAD_NOTDIS_22,This is a historical variable. It holds the 2022 value of the corresponding variable. Please see the current variable for the variable description.,A5-KS5-Academic,Private Ages 4 to 18 Mixed sex,
1103,KS5_25,VA_INS_ACAD_NOTDIS_24,This is a historical variable. It holds the 2024 value of the corresponding variable. Please see the current variable for the variable description.,A5-KS5-Progress,Private Ages 4 to 18 Mixed sex,NA
1104,KS5_25,VA_INS_ACAD_NOTDIS_23,This is a historical variable. It holds the 2023 value of the corresponding variable. Please see the current variable for the variable description.,A5-KS5-Progress,Private Ages 4 to 18 Mixed sex,
1105,KS5_25,VA_INS_ACAD_NOTDIS_22,This is a historical variable. It holds the 2022 value of the corresponding variable. Please see the current variable for the variable description.,A5-KS5-Progress,Private Ages 4 to 18 Mixed sex,
1106,KS5_25,UCI_INS_ACAD_NOTDIS_24,This is a historical variable. It holds the 2024 value of the corresponding variable. Please see the current variable for the variable description.,A5-KS5-Progress,Private Ages 4 to 18 Mixed sex,NA
1107,KS5_25,UCI_INS_ACAD_NOTDIS_23,This is a historical variable. It holds the 2023 value of the corresponding variable. Please see the current variable for the variable description.,A5-KS5-Progress,Private Ages 4 to 18 Mixed sex,
1108,KS5_25,UCI_INS_ACAD_NOTDIS_22,This is a historical variable. It holds the 2022 value of the corresponding variable. Please see the current variable for the variable description.,A5-KS5-Progress,Private Ages 4 to 18 Mixed sex,
1109,KS5_25,LCI_INS_ACAD_NOTDIS_24,This is a historical variable. It holds the 2024 value of the corresponding variable. Please see the current variable for the variable description.,A5-KS5-Progress,Private Ages 4 to 18 Mixed sex,NA
1110,KS5_25,LCI_INS_ACAD_NOTDIS_23,This is a historical variable. It holds the 2023 value of the corresponding variable. Please see the current variable for the variable description.,A5-KS5-Progress,Private Ages 4 to 18 Mixed sex,
1111,KS5_25,LCI_INS_ACAD_NOTDIS_22,This is a historical variable. It holds the 2022 value of the corresponding variable. Please see the current variable for the variable description.,A5-KS5-Progress,Private Ages 4 to 18 Mixed sex,
1112,KS5_25,ENTRIES_AGEN_NOTDIS_24,This is a historical variable. It holds the 2024 value of the corresponding variable. Please see the current variable for the variable description.,A5-KS5-Applied,Private Ages 4 to 18 Mixed sex,NA
1113,KS5_25,ENTRIES_AGEN_NOTDIS_23,This is a historical variable. It holds the 2023 value of the corresponding variable. Please see the current variable for the variable description.,A5-KS5-Applied,Private Ages 4 to 18 Mixed sex,
1114,KS5_25,ENTRIES_AGEN_NOTDIS_22,This is a historical variable. It holds the 2022 value of the corresponding variable. Please see the current variable for the variable description.,A5-KS5-Applied,Private Ages 4 to 18 Mixed sex,
1115,KS5_25,VA_INS_AGEN_NOTDIS_24,This is a historical variable. It holds the 2024 value of the corresponding variable. Please see the current variable for the variable description.,A5-KS5-Progress,Private Ages 4 to 18 Mixed sex,NA
1116,KS5_25,VA_INS_AGEN_NOTDIS_23,This is a historical variable. It holds the 2023 value of the corresponding variable. Please see the current variable for the variable description.,A5-KS5-Progress,Private Ages 4 to 18 Mixed sex,
1117,KS5_25,VA_INS_AGEN_NOTDIS_22,This is a historical variable. It holds the 2022 value of the corresponding variable. Please see the current variable for the variable description.,A5-KS5-Progress,Private Ages 4 to 18 Mixed sex,
1118,KS5_25,UCI_INS_AGEN_NOTDIS_24,This is a historical variable. It holds the 2024 value of the corresponding variable. Please see the current variable for the variable description.,A5-KS5-Progress,Private Ages 4 to 18 Mixed sex,NA
1119,KS5_25,UCI_INS_AGEN_NOTDIS_23,This is a historical variable. It holds the 2023 value of the corresponding variable. Please see the current variable for the variable description.,A5-KS5-Progress,Private Ages 4 to 18 Mixed sex,
1120,KS5_25,UCI_INS_AGEN_NOTDIS_22,This is a historical variable. It holds the 2022 value of the corresponding variable. Please see the current variable for the variable description.,A5-KS5-Progress,Private Ages 4 to 18 Mixed sex,
1121,KS5_25,LCI_INS_AGEN_NOTDIS_24,This is a historical variable. It holds the 2024 value of the corresponding variable. Please see the current variable for the variable description.,A5-KS5-Progress,Private Ages 4 to 18 Mixed sex,NA
1122,KS5_25,LCI_INS_AGEN_NOTDIS_23,This is a historical variable. It holds the 2023 value of the corresponding variable. Please see the current variable for the variable description.,A5-KS5-Progress,Private Ages 4 to 18 Mixed sex,
1123,KS5_25,LCI_INS_AGEN_NOTDIS_22,This is a historical variable. It holds the 2022 value of the corresponding variable. Please see the current variable for the variable description.,A5-KS5-Progress,Private Ages 4 to 18 Mixed sex,
1124,KS5_25,T_INSCOPE_ALEV_RET_NOTDIS_24,This is a historical variable. It holds the 2024 value of the corresponding variable. Please see the current variable for the variable description.,A5-KS5,Private Ages 4 to 18 Mixed sex,NA
1125,KS5_25,T_INSCOPE_ALEV_RET_NOTDIS_23,This is a historical variable. It holds the 2023 value of the corresponding variable. Please see the current variable for the variable description.,A5-KS5,Private Ages 4 to 18 Mixed sex,NA
1126,KS5_25,T_INSCOPE_ALEV_RET_NOTDIS_22,This is a historical variable. It holds the 2022 value of the corresponding variable. Please see the current variable for the variable description.,A5-KS5,Private Ages 4 to 18 Mixed sex,NA
1127,KS5_25,PT_RETAINED_ALEV_RET_NOTDIS_24,This is a historical variable. It holds the 2024 value of the corresponding variable. Please see the current variable for the variable description.,A5-KS5-Facilitating,Private Ages 4 to 18 Mixed sex,NA
1128,KS5_25,PT_RETAINED_ALEV_RET_NOTDIS_23,This is a historical variable. It holds the 2023 value of the corresponding variable. Please see the current variable for the variable description.,A5-KS5-Facilitating,Private Ages 4 to 18 Mixed sex,NA
1129,KS5_25,PT_RETAINED_ALEV_RET_NOTDIS_22,This is a historical variable. It holds the 2022 value of the corresponding variable. Please see the current variable for the variable description.,A5-KS5-Facilitating,Private Ages 4 to 18 Mixed sex,NA
1130,KS5_25,T_INSCOPE_ACAD_RET_NOTDIS_24,This is a historical variable. It holds the 2024 value of the corresponding variable. Please see the current variable for the variable description.,A5-KS5,Private Ages 4 to 18 Mixed sex,NA
1131,KS5_25,T_INSCOPE_ACAD_RET_NOTDIS_23,This is a historical variable. It holds the 2023 value of the corresponding variable. Please see the current variable for the variable description.,A5-KS5,Private Ages 4 to 18 Mixed sex,NA
1132,KS5_25,T_INSCOPE_ACAD_RET_NOTDIS_22,This is a historical variable. It holds the 2022 value of the corresponding variable. Please see the current variable for the variable description.,A5-KS5,Private Ages 4 to 18 Mixed sex,NA
1133,KS5_25,PT_RETAINED_ACAD_RET_NOTDIS_24,This is a historical variable. It holds the 2024 value of the corresponding variable. Please see the current variable for the variable description.,A5-KS5-Facilitating,Private Ages 4 to 18 Mixed sex,NA
1134,KS5_25,PT_RETAINED_ACAD_RET_NOTDIS_23,This is a historical variable. It holds the 2023 value of the corresponding variable. Please see the current variable for the variable description.,A5-KS5-Facilitating,Private Ages 4 to 18 Mixed sex,NA
1135,KS5_25,PT_RETAINED_ACAD_RET_NOTDIS_22,This is a historical variable. It holds the 2022 value of the corresponding variable. Please see the current variable for the variable description.,A5-KS5-Facilitating,Private Ages 4 to 18 Mixed sex,NA
1136,KS5_25,T_INSCOPE_AGEN_RET_NOTDIS_24,This is a historical variable. It holds the 2024 value of the corresponding variable. Please see the current variable for the variable description.,A5-KS5,Private Ages 4 to 18 Mixed sex,NA
1137,KS5_25,T_INSCOPE_AGEN_RET_NOTDIS_23,This is a historical variable. It holds the 2023 value of the corresponding variable. Please see the current variable for the variable description.,A5-KS5,Private Ages 4 to 18 Mixed sex,NA
1138,KS5_25,T_INSCOPE_AGEN_RET_NOTDIS_22,This is a historical variable. It holds the 2022 value of the corresponding variable. Please see the current variable for the variable description.,A5-KS5,Private Ages 4 to 18 Mixed sex,NA
1139,KS5_25,PT_RETAINED_AGEN_RET_NOTDIS_24,This is a historical variable. It holds the 2024 value of the corresponding variable. Please see the current variable for the variable description.,A5-KS5-Facilitating,Private Ages 4 to 18 Mixed sex,NA
1140,KS5_25,PT_RETAINED_AGEN_RET_NOTDIS_23,This is a historical variable. It holds the 2023 value of the corresponding variable. Please see the current variable for the variable description.,A5-KS5-Facilitating,Private Ages 4 to 18 Mixed sex,NA
1141,KS5_25,PT_RETAINED_AGEN_RET_NOTDIS_22,This is a historical variable. It holds the 2022 value of the corresponding variable. Please see the current variable for the variable description.,A5-KS5-Facilitating,Private Ages 4 to 18 Mixed sex,NA
1142,KS5_25,T_INSCOPE_TLEV_RET_NOTDIS_24,This is a historical variable. It holds the 2024 value of the corresponding variable. Please see the current variable for the variable description.,A5-KS5,Private Ages 4 to 18 Mixed sex,NA
1143,KS5_25,T_INSCOPE_TLEV_RET_NOTDIS_23,This is a historical variable. It holds the 2023 value of the corresponding variable. Please see the current variable for the variable description.,A5-KS5,Private Ages 4 to 18 Mixed sex,NA
1144,KS5_25,T_INSCOPE_TLEV_RET_NOTDIS_22,This is a historical variable. It holds the 2022 value of the corresponding variable. Please see the current variable for the variable description.,A5-KS5,Private Ages 4 to 18 Mixed sex,NA
1145,KS5_25,PT_RETAINED_TLEV_RET_NOTDIS_24,This is a historical variable. It holds the 2024 value of the corresponding variable. Please see the current variable for the variable description.,A5-KS5-Facilitating,Private Ages 4 to 18 Mixed sex,NA
1146,KS5_25,PT_RETAINED_TLEV_RET_NOTDIS_23,This is a historical variable. It holds the 2023 value of the corresponding variable. Please see the current variable for the variable description.,A5-KS5-Facilitating,Private Ages 4 to 18 Mixed sex,NA
1147,KS5_25,PT_RETAINED_TLEV_RET_NOTDIS_22,This is a historical variable. It holds the 2022 value of the corresponding variable. Please see the current variable for the variable description.,A5-KS5-Facilitating,Private Ages 4 to 18 Mixed sex,NA
1148,KS5_25,T_INSCOPE_TECHCERT_RET_NOTDIS_24,This is a historical variable. It holds the 2024 value of the corresponding variable. Please see the current variable for the variable description.,A5-KS5,Private Ages 4 to 18 Mixed sex,NA
1149,KS5_25,T_INSCOPE_TECHCERT_RET_NOTDIS_23,This is a historical variable. It holds the 2023 value of the corresponding variable. Please see the current variable for the variable description.,A5-KS5,Private Ages 4 to 18 Mixed sex,NA
1150,KS5_25,T_INSCOPE_TECHCERT_RET_NOTDIS_22,This is a historical variable. It holds the 2022 value of the corresponding variable. Please see the current variable for the variable description.,A5-KS5,Private Ages 4 to 18 Mixed sex,NA
1151,KS5_25,PT_RETAINED_TECHCERT_RET_NOTDIS_24,This is a historical variable. It holds the 2024 value of the corresponding variable. Please see the current variable for the variable description.,A5-KS5-Facilitating,Private Ages 4 to 18 Mixed sex,NA
1152,KS5_25,PT_RETAINED_TECHCERT_RET_NOTDIS_23,This is a historical variable. It holds the 2023 value of the corresponding variable. Please see the current variable for the variable description.,A5-KS5-Facilitating,Private Ages 4 to 18 Mixed sex,NA
1153,KS5_25,PT_RETAINED_TECHCERT_RET_NOTDIS_22,This is a historical variable. It holds the 2022 value of the corresponding variable. Please see the current variable for the variable description.,A5-KS5-Facilitating,Private Ages 4 to 18 Mixed sex,NA
1154,KS5_25,EDITION,,A5-KS5,Private Ages 4 to 18 Mixed sex,Final
No,Namespace,Variable,Description,,Category,Value
1,L,URN,School unique reference number,,Private Ages 2 to 11 Mixed sex,125357
2,L,LANAME,Local authority name,,Private Ages 2 to 11 Mixed sex,Surrey
3,L,LA,Local authority number,,Private Ages 2 to 11 Mixed sex,936
4,L,ESTAB,Establishment number,,Private Ages 2 to 11 Mixed sex,6080
5,L,LAESTAB,DfE number,,Private Ages 2 to 11 Mixed sex,9366080
6,L,SCHNAME,School name,A1,Private Ages 2 to 11 Mixed sex,Micklefield School
7,L,STREET,School address (1),A1,Private Ages 2 to 11 Mixed sex,10 Somers Road
8,L,LOCALITY,School address (2),A1,Private Ages 2 to 11 Mixed sex,
9,L,ADDRESS3,School address (3),,Private Ages 2 to 11 Mixed sex,
10,L,TOWN,School town,A1,Private Ages 2 to 11 Mixed sex,Reigate
11,L,POSTCODE,School postcode,A1,Private Ages 2 to 11 Mixed sex,RH2 9DU
12,L,SCHSTATUS,School open / closed status,A1,Private Ages 2 to 11 Mixed sex,Open
13,L,OPENDATE,Open date of school (if opened on or after 12 September 2024),A1,Private Ages 2 to 11 Mixed sex,
14,L,CLOSEDATE,Date the school closed,A1,Private Ages 2 to 11 Mixed sex,
15,L,MINORGROUP,Type of school / college eg maintained school,A1,Private Ages 2 to 11 Mixed sex,Independent school
16,L,SCHOOLTYPE,School Type eg Voluntary Aided school,A1,Private Ages 2 to 11 Mixed sex,Other independent school
17,L,ISPRIMARY,"Does the school provide primary education? ( 0 = No,A1,,Private Ages 2 to 11 Mixed sex,1
18,L,ISSECONDARY,"Does the school provide secondary education? ( 0 = No,A1,,Private Ages 2 to 11 Mixed sex,0
19,L,ISPOST16,"Does the school provide post 16 education? (  0 = No,A1,,Private Ages 2 to 11 Mixed sex,0
20,L,AGELOW,Lowest age of entry,A1,Private Ages 2 to 11 Mixed sex,2
21,L,AGEHIGH,Highest age of entry,A1,Private Ages 2 to 11 Mixed sex,11
22,L,GENDER,Indicates whether it's a mixed or single sex school,A1,Private Ages 2 to 11 Mixed sex,Mixed
23,L,RELCHAR,Religious character,A1,Private Ages 2 to 11 Mixed sex,None
24,L,ADMPOL,Admissions Policy,A1,Private Ages 2 to 11 Mixed sex,Non-selective
25,CENSUS_25,URN,School Unique Reference Number,,Private Ages 2 to 11 Mixed sex,125357
26,CENSUS_25,LA,LA number,,Private Ages 2 to 11 Mixed sex,936
27,CENSUS_25,ESTAB,ESTAB number,,Private Ages 2 to 11 Mixed sex,6080
28,CENSUS_25,SCHOOLTYPE,Type of school,,Private Ages 2 to 11 Mixed sex,Independent school
29,CENSUS_25,NOR,Total number of pupils on roll,A4-Census,Private Ages 2 to 11 Mixed sex,249
30,CENSUS_25,NORG,Number of girls on roll,A4-Census,Private Ages 2 to 11 Mixed sex,136
31,CENSUS_25,NORB,Number of boys on roll,A4-Census,Private Ages 2 to 11 Mixed sex,113
32,CENSUS_25,PNORG,Percentage of girls on roll,A4-Census,Private Ages 2 to 11 Mixed sex,54.62%
33,CENSUS_25,PNORB,Percentage of boys on roll,A4-Census,Private Ages 2 to 11 Mixed sex,45.38%
34,CENSUS_25,TSENELSE,Number of eligible pupils with an EHC plan,A4-Census,Private Ages 2 to 11 Mixed sex,12
35,CENSUS_25,PSENELSE,Percentage of eligible pupils with an EHC plan,A4-Census,Private Ages 2 to 11 Mixed sex,4.82%
36,CENSUS_25,TSENELK,Number of eligible pupils with SEN support,A4-Census,Private Ages 2 to 11 Mixed sex,17
37,CENSUS_25,PSENELK,Percentage of eligible pupils with SEN support,A4-Census,Private Ages 2 to 11 Mixed sex,6.83%
38,CENSUS_25,NUMEAL,No.  pupils where English not first language,A4-Census,Private Ages 2 to 11 Mixed sex,
39,CENSUS_25,NUMENGFL,No. pupils with English first language,A4-Census,Private Ages 2 to 11 Mixed sex,
40,CENSUS_25,NUMUNCFL,No. pupils where first language is unclassified,A4-Census,Private Ages 2 to 11 Mixed sex,
41,CENSUS_25,PNUMEAL,%  pupils where English not first language,A4-Census,Private Ages 2 to 11 Mixed sex,
42,CENSUS_25,PNUMENGFL,% pupils with English first language,A4-Census,Private Ages 2 to 11 Mixed sex,
43,CENSUS_25,PNUMUNCLF,,A4-Census,Private Ages 2 to 11 Mixed sex,
44,CENSUS_25,NUMFSM,No. pupils eligible for free school meals,A4-Census,Private Ages 2 to 11 Mixed sex,
45,CENSUS_25,NUMFSMEVER,Number of pupils eligible for FSM at any time during the past 6 years,A4-Census,Private Ages 2 to 11 Mixed sex,NA
46,CENSUS_25,NORFSMEVER,Total pupils for FSMEver,A4-Census,Private Ages 2 to 11 Mixed sex,NA
47,CENSUS_25,PNUMFSMEVER,Percentage of pupils eligible for FSM at any time during the past 6 years,A4-Census,Private Ages 2 to 11 Mixed sex,0.00%
48,CENSUS_25,EDITION,,,Private Ages 2 to 11 Mixed sex,Final
No,Namespace,Variable,Description,,Category,Value
1,L,URN,School unique reference number,,KS1 only Ages 3 to 7 Mixed sex,124987
2,L,LANAME,Local authority name,,KS1 only Ages 3 to 7 Mixed sex,Surrey
3,L,LA,Local authority number,,KS1 only Ages 3 to 7 Mixed sex,936
4,L,ESTAB,Establishment number,,KS1 only Ages 3 to 7 Mixed sex,2209
5,L,LAESTAB,DfE number,,KS1 only Ages 3 to 7 Mixed sex,9362209
6,L,SCHNAME,School name,A1,KS1 only Ages 3 to 7 Mixed sex,Earlswood Infant and Nursery School
7,L,STREET,School address (1),A1,KS1 only Ages 3 to 7 Mixed sex,St John's Road
8,L,LOCALITY,School address (2),A1,KS1 only Ages 3 to 7 Mixed sex,
9,L,ADDRESS3,School address (3),,KS1 only Ages 3 to 7 Mixed sex,
10,L,TOWN,School town,A1,KS1 only Ages 3 to 7 Mixed sex,Redhill
11,L,POSTCODE,School postcode,A1,KS1 only Ages 3 to 7 Mixed sex,RH1 6DZ
12,L,SCHSTATUS,School open / closed status,A1,KS1 only Ages 3 to 7 Mixed sex,Open
13,L,OPENDATE,Open date of school (if opened on or after 12 September 2024),A1,KS1 only Ages 3 to 7 Mixed sex,
14,L,CLOSEDATE,Date the school closed,A1,KS1 only Ages 3 to 7 Mixed sex,
15,L,MINORGROUP,Type of school / college eg maintained school,A1,KS1 only Ages 3 to 7 Mixed sex,Maintained school
16,L,SCHOOLTYPE,School Type eg Voluntary Aided school,A1,KS1 only Ages 3 to 7 Mixed sex,Community school
17,L,ISPRIMARY,"Does the school provide primary education? ( 0 = No,A1,,KS1 only Ages 3 to 7 Mixed sex,1
18,L,ISSECONDARY,"Does the school provide secondary education? ( 0 = No,A1,,KS1 only Ages 3 to 7 Mixed sex,0
19,L,ISPOST16,"Does the school provide post 16 education? (  0 = No,A1,,KS1 only Ages 3 to 7 Mixed sex,0
20,L,AGELOW,Lowest age of entry,A1,KS1 only Ages 3 to 7 Mixed sex,3
21,L,AGEHIGH,Highest age of entry,A1,KS1 only Ages 3 to 7 Mixed sex,7
22,L,GENDER,Indicates whether it's a mixed or single sex school,A1,KS1 only Ages 3 to 7 Mixed sex,Mixed
23,L,RELCHAR,Religious character,A1,KS1 only Ages 3 to 7 Mixed sex,Does not apply
24,L,ADMPOL,Admissions Policy,A1,KS1 only Ages 3 to 7 Mixed sex,Not applicable
25,CENSUS_25,URN,School Unique Reference Number,,KS1 only Ages 3 to 7 Mixed sex,124987
26,CENSUS_25,LA,LA number,,KS1 only Ages 3 to 7 Mixed sex,936
27,CENSUS_25,ESTAB,ESTAB number,,KS1 only Ages 3 to 7 Mixed sex,2209
28,CENSUS_25,SCHOOLTYPE,Type of school,,KS1 only Ages 3 to 7 Mixed sex,State-funded primary
29,CENSUS_25,NOR,Total number of pupils on roll,A4-Census,KS1 only Ages 3 to 7 Mixed sex,382
30,CENSUS_25,NORG,Number of girls on roll,A4-Census,KS1 only Ages 3 to 7 Mixed sex,178
31,CENSUS_25,NORB,Number of boys on roll,A4-Census,KS1 only Ages 3 to 7 Mixed sex,204
32,CENSUS_25,PNORG,Percentage of girls on roll,A4-Census,KS1 only Ages 3 to 7 Mixed sex,46.60%
33,CENSUS_25,PNORB,Percentage of boys on roll,A4-Census,KS1 only Ages 3 to 7 Mixed sex,53.40%
34,CENSUS_25,TSENELSE,Number of eligible pupils with an EHC plan,A4-Census,KS1 only Ages 3 to 7 Mixed sex,13
35,CENSUS_25,PSENELSE,Percentage of eligible pupils with an EHC plan,A4-Census,KS1 only Ages 3 to 7 Mixed sex,3.40%
36,CENSUS_25,TSENELK,Number of eligible pupils with SEN support,A4-Census,KS1 only Ages 3 to 7 Mixed sex,71
37,CENSUS_25,PSENELK,Percentage of eligible pupils with SEN support,A4-Census,KS1 only Ages 3 to 7 Mixed sex,18.59%
38,CENSUS_25,NUMEAL,No.  pupils where English not first language,A4-Census,KS1 only Ages 3 to 7 Mixed sex,110
39,CENSUS_25,NUMENGFL,No. pupils with English first language,A4-Census,KS1 only Ages 3 to 7 Mixed sex,255
40,CENSUS_25,NUMUNCFL,No. pupils where first language is unclassified,A4-Census,KS1 only Ages 3 to 7 Mixed sex,17
41,CENSUS_25,PNUMEAL,%  pupils where English not first language,A4-Census,KS1 only Ages 3 to 7 Mixed sex,28.80%
42,CENSUS_25,PNUMENGFL,% pupils with English first language,A4-Census,KS1 only Ages 3 to 7 Mixed sex,66.80%
43,CENSUS_25,PNUMUNCLF,,A4-Census,KS1 only Ages 3 to 7 Mixed sex,0.045
44,CENSUS_25,NUMFSM,No. pupils eligible for free school meals,A4-Census,KS1 only Ages 3 to 7 Mixed sex,60
45,CENSUS_25,NUMFSMEVER,Number of pupils eligible for FSM at any time during the past 6 years,A4-Census,KS1 only Ages 3 to 7 Mixed sex,57
46,CENSUS_25,NORFSMEVER,Total pupils for FSMEver,A4-Census,KS1 only Ages 3 to 7 Mixed sex,336
47,CENSUS_25,PNUMFSMEVER,Percentage of pupils eligible for FSM at any time during the past 6 years,A4-Census,KS1 only Ages 3 to 7 Mixed sex,16.96%
48,CENSUS_25,EDITION,,,KS1 only Ages 3 to 7 Mixed sex,Final
49,ABS_24,LA,Local Authority Number,,KS1 only Ages 3 to 7 Mixed sex,936
50,ABS_24,ESTAB,DfE number of establishment within LA,,KS1 only Ages 3 to 7 Mixed sex,2209
51,ABS_24,URN,School unique Reference Number,,KS1 only Ages 3 to 7 Mixed sex,124987
52,ABS_24,PERCTOT,Percentage of overall absence,A6,KS1 only Ages 3 to 7 Mixed sex,5.1
53,ABS_24,PPERSABS10,Percentage of enrolments who are persistent absentees,A6,KS1 only Ages 3 to 7 Mixed sex,12.4
54,ABS_24,EDITION,,,KS1 only Ages 3 to 7 Mixed sex,Final